Time,Volt,Temp,RH,HAtemp,DS0
2026-06-15 00:00:00,1.51,-7.58,94.8,-5.41,-1.54
2026-06-15 00:10:00,1.51,-7.69,97.2,-5.32,-1.50
2026-06-15 00:20:00,1.51,-7.49,91.1,-5.50,-1.66
2026-06-15 00:30:00,1.51,-8.04,97.6,-5.53,-1.58
2026-06-15 00:40:00,1.51,-7.69,94.7,-5.40,-1.57
2026-06-15 00:50:00,1.52,-8.09,95.6,-5.85,-1.60
2026-06-15 01:00:00,1.51,-7.94,99.5,-6.14,-1.52
2026-06-15 01:10:00,1.51,-8.37,93.3,-5.68,-1.53
2026-06-15 01:20:00,1.52,-7.65,94.0,-5.74,-1.51
2026-06-15 01:30:00,1.50,-8.65,99.5,-6.10,-1.57
2026-06-15 01:40:00,1.51,-7.79,90.7,-5.73,-1.68
2026-06-15 01:50:00,1.51,-8.83,99.2,-5.62,-1.51
2026-06-15 02:00:00,1.51,-8.32,99.5,-5.78,-1.65
2026-06-15 02:10:00,1.51,-8.36,98.1,-5.72,-1.67
2026-06-15 02:20:00,1.51,-8.38,99.5,-5.98,-1.50
2026-06-15 02:30:00,1.51,-8.14,96.2,-5.69,-1.52
2026-06-15 02:40:00,1.51,-9.30,98.0,-5.99,-1.54
2026-06-15 02:50:00,1.51,-9.15,99.5,-6.16,-1.47
2026-06-15 03:00:00,1.51,-8.62,99.5,-5.82,-1.54
2026-06-15 03:10:00,1.51,-8.69,97.6,-5.46,-1.50
2026-06-15 03:20:00,1.51,-8.83,91.2,-5.86,-1.38
2026-06-15 03:30:00,1.51,-8.54,99.5,-6.06,-1.47
2026-06-15 03:40:00,1.50,-8.88,98.6,-5.96,-1.54
2026-06-15 03:50:00,1.51,-8.81,99.5,-5.94,-1.45
2026-06-15 04:00:00,1.51,-8.70,90.5,-5.75,-1.43
2026-06-15 04:10:00,1.51,-9.15,98.0,-5.85,-1.43
2026-06-15 04:20:00,1.52,-8.47,97.4,-5.49,-1.44
2026-06-15 04:30:00,1.51,-8.88,98.8,-5.81,-1.47
2026-06-15 04:40:00,1.52,-8.02,93.5,-6.06,-1.60
2026-06-15 04:50:00,1.52,-7.88,99.5,-5.79,-1.61
2026-06-15 05:00:00,1.51,-7.68,99.5,-5.80,-1.68
2026-06-15 05:10:00,1.51,-8.30,99.5,-5.35,-1.60
2026-06-15 05:20:00,1.51,-8.26,97.3,-5.43,-1.51
2026-06-15 05:30:00,1.51,-7.94,97.6,-6.11,-1.46
2026-06-15 05:40:00,1.52,-7.67,99.5,-5.28,-1.53
2026-06-15 05:50:00,1.52,-6.86,90.2,-6.04,-1.61
2026-06-15 06:00:00,1.52,-7.54,96.4,-5.53,-1.57
2026-06-15 06:10:00,1.52,-7.30,93.7,-5.53,-1.62
2026-06-15 06:20:00,1.52,-6.73,97.4,-5.23,-1.52
2026-06-15 06:30:00,1.51,-7.57,91.9,-5.15,-1.57
2026-06-15 06:40:00,1.51,-7.42,95.2,-5.23,-1.71
2026-06-15 06:50:00,1.51,-7.61,94.7,-5.83,-1.59
2026-06-15 07:00:00,1.52,-6.28,95.4,-5.13,-1.41
2026-06-15 07:10:00,1.51,-7.36,98.9,-5.23,-1.56
2026-06-15 07:20:00,1.52,-6.67,92.3,-4.93,-1.37
2026-06-15 07:30:00,1.52,-5.68,92.1,-4.97,-1.45
2026-06-15 07:40:00,1.53,-5.51,89.2,-4.96,-1.59
2026-06-15 07:50:00,1.52,-5.23,96.3,-4.76,-1.48
2026-06-15 08:00:00,1.52,-6.44,88.7,-4.60,-1.49
2026-06-15 08:10:00,1.52,-4.57,89.2,-4.72,-1.50
2026-06-15 08:20:00,1.53,-5.74,92.9,-5.07,-1.38
2026-06-15 08:30:00,1.53,-4.66,89.2,-5.21,-1.58
2026-06-15 08:40:00,1.52,-4.64,89.6,-4.51,-1.47
2026-06-15 08:50:00,1.53,-4.30,88.1,-4.70,-1.52
2026-06-15 09:00:00,1.53,-4.54,91.2,-4.79,-1.49
2026-06-15 09:10:00,1.53,-4.38,84.7,-4.88,-1.51
2026-06-15 09:20:00,1.52,-4.58,82.9,-3.95,-1.55
2026-06-15 09:30:00,1.53,-3.69,86.5,-3.91,-1.46
2026-06-15 09:40:00,1.53,-3.28,88.3,-4.49,-1.53
2026-06-15 09:50:00,1.53,-3.08,89.4,-4.21,-1.31
2026-06-15 10:00:00,1.52,-3.54,85.2,-3.87,-1.44
2026-06-15 10:10:00,1.53,-3.12,87.3,-3.83,-1.52
2026-06-15 10:20:00,1.53,-3.14,82.4,-3.80,-1.60
2026-06-15 10:30:00,1.53,-3.52,85.5,-4.08,-1.47
2026-06-15 10:40:00,1.53,-1.87,80.7,-3.72,-1.43
2026-06-15 10:50:00,1.52,-3.35,84.8,-4.27,-1.52
2026-06-15 11:00:00,1.53,-2.65,83.3,-4.09,-1.51
2026-06-15 11:10:00,1.53,-1.90,79.0,-4.01,-1.56
2026-06-15 11:20:00,1.53,-1.84,81.7,-4.02,-1.62
2026-06-15 11:30:00,1.53,-2.05,81.1,-3.40,-1.49
2026-06-15 11:40:00,1.53,-2.21,81.6,-3.51,-1.64
2026-06-15 11:50:00,1.53,-2.25,80.5,-3.36,-1.47
2026-06-15 12:00:00,1.54,-1.17,76.2,-3.35,-1.57
2026-06-15 12:10:00,1.53,-1.70,81.5,-3.51,-1.51
2026-06-15 12:20:00,1.54,-0.75,72.5,-3.31,-1.43
2026-06-15 12:30:00,1.54,-1.02,81.6,-3.22,-1.41
2026-06-15 12:40:00,1.54,-0.80,76.0,-3.53,-1.42
2026-06-15 12:50:00,1.54,0.03,76.4,-2.93,-1.51
2026-06-15 13:00:00,1.54,-1.17,78.6,-2.75,-1.38
2026-06-15 13:10:00,1.54,-0.93,76.2,-2.99,-1.55
2026-06-15 13:20:00,1.54,-0.96,79.0,-2.93,-1.52
2026-06-15 13:30:00,1.54,-0.07,76.0,-3.10,-1.45
2026-06-15 13:40:00,1.55,0.10,72.9,-3.38,-1.64
2026-06-15 13:50:00,1.53,-0.66,77.7,-3.09,-1.60
2026-06-15 14:00:00,1.54,-0.19,77.9,-3.10,-1.59
2026-06-15 14:10:00,1.54,0.34,74.5,-3.14,-1.57
2026-06-15 14:20:00,1.55,-0.07,77.3,-2.49,-1.57
2026-06-15 14:30:00,1.54,-1.14,76.5,-2.96,-1.48
2026-06-15 14:40:00,1.53,-1.13,74.0,-3.22,-1.51
2026-06-15 14:50:00,1.54,0.02,78.6,-2.80,-1.49
2026-06-15 15:00:00,1.54,-0.05,79.3,-3.12,-1.52
2026-06-15 15:10:00,1.54,0.03,81.7,-2.95,-1.53
2026-06-15 15:20:00,1.54,-0.28,81.4,-3.00,-1.66
2026-06-15 15:30:00,1.54,-1.08,72.7,-2.89,-1.48
2026-06-15 15:40:00,1.54,-0.78,78.3,-3.35,-1.61
2026-06-15 15:50:00,1.54,-0.16,78.9,-3.15,-1.57
2026-06-15 16:00:00,1.54,-0.27,76.8,-2.97,-1.62
2026-06-15 16:10:00,1.54,-0.24,81.8,-3.14,-1.43
2026-06-15 16:20:00,1.54,-0.48,76.6,-2.89,-1.39
2026-06-15 16:30:00,1.53,-0.49,74.5,-3.27,-1.48
2026-06-15 16:40:00,1.54,-0.89,76.3,-2.90,-1.54
2026-06-15 16:50:00,1.53,-1.43,79.2,-2.94,-1.53
2026-06-15 17:00:00,1.54,-1.12,78.6,-2.59,-1.56
2026-06-15 17:10:00,1.55,-0.45,80.7,-3.06,-1.45
2026-06-15 17:20:00,1.54,-0.59,75.3,-3.16,-1.38
2026-06-15 17:30:00,1.53,-2.67,79.3,-3.05,-1.34
2026-06-15 17:40:00,1.53,-1.52,79.8,-3.17,-1.51
2026-06-15 17:50:00,1.54,-0.94,76.5,-3.20,-1.52
2026-06-15 18:00:00,1.54,-0.99,85.1,-3.32,-1.64
2026-06-15 18:10:00,1.53,-1.21,80.7,-3.84,-1.43
2026-06-15 18:20:00,1.53,-1.45,74.6,-3.60,-1.52
2026-06-15 18:30:00,1.54,NaN,NaN,-3.58,-1.39
2026-06-15 18:40:00,1.53,-1.49,81.5,-3.78,-1.50
2026-06-15 18:50:00,1.53,-1.68,79.0,-3.80,-1.47
2026-06-15 19:00:00,1.53,-2.11,77.9,-4.10,-1.45
2026-06-15 19:10:00,1.53,-2.76,84.6,-3.75,-1.54
2026-06-15 19:20:00,1.54,-2.11,90.9,-3.76,-1.61
2026-06-15 19:30:00,1.52,-3.73,83.0,-3.64,-1.46
2026-06-15 19:40:00,1.52,-3.50,78.5,-4.20,-1.51
2026-06-15 19:50:00,1.52,-3.38,84.6,-4.22,-1.54
2026-06-15 20:00:00,1.52,-2.82,83.9,-3.64,-1.57
2026-06-15 20:10:00,1.53,-2.68,87.0,-4.00,-1.62
2026-06-15 20:20:00,1.53,-3.18,86.7,-4.66,-1.45
2026-06-15 20:30:00,1.52,-3.70,88.8,-4.03,-1.54
2026-06-15 20:40:00,1.52,-3.88,84.7,-4.35,-1.60
2026-06-15 20:50:00,1.52,-3.84,86.4,-4.39,-1.40
2026-06-15 21:00:00,1.52,-4.57,89.9,-4.59,-1.53
2026-06-15 21:10:00,1.52,-5.17,87.6,-4.76,-1.45
2026-06-15 21:20:00,1.52,-5.12,95.9,-4.46,-1.58
2026-06-15 21:30:00,1.52,-4.45,88.1,-4.08,-1.71
2026-06-15 21:40:00,1.52,-4.20,92.5,-4.68,-1.64
2026-06-15 21:50:00,1.51,-4.83,86.2,-4.44,-1.50
2026-06-15 22:00:00,1.51,-5.89,92.8,-4.60,-1.47
2026-06-15 22:10:00,1.52,-5.84,91.8,-4.66,-1.71
2026-06-15 22:20:00,1.52,-6.02,90.4,-4.93,-1.44
2026-06-15 22:30:00,1.52,-6.40,87.4,-4.96,-1.56
2026-06-15 22:40:00,1.52,-6.12,92.3,-4.81,-1.59
2026-06-15 22:50:00,1.51,-6.14,93.1,-4.80,-1.48
2026-06-15 23:00:00,1.51,-7.00,91.6,-5.36,-1.56
2026-06-15 23:10:00,1.51,-6.41,98.0,-5.48,-1.48
2026-06-15 23:20:00,1.51,-6.78,94.8,-5.71,-1.56
2026-06-15 23:30:00,1.51,-6.96,93.8,-5.10,-1.46
2026-06-15 23:40:00,1.51,-7.21,94.9,-5.81,-1.54
2026-06-15 23:50:00,1.50,-7.28,94.8,-4.91,-1.72
2026-06-16 00:00:00,1.51,-8.53,94.8,-5.44,-1.47
2026-06-16 00:10:00,1.50,-8.54,98.0,-5.51,-1.56
2026-06-16 00:20:00,1.50,-8.66,98.6,-5.57,-1.49
2026-06-16 00:30:00,1.50,-7.78,93.9,-5.29,-1.35
2026-06-16 00:40:00,1.51,-7.46,94.8,-5.43,-1.56
2026-06-16 00:50:00,1.50,-8.38,95.2,-5.05,-1.35
2026-06-16 01:00:00,1.51,-7.48,99.5,-5.72,-1.59
2026-06-16 01:10:00,1.50,-8.06,92.2,-5.65,-1.56
2026-06-16 01:20:00,1.50,-8.25,98.3,-5.75,-1.46
2026-06-16 01:30:00,1.50,NaN,NaN,-5.67,-1.46
2026-06-16 01:40:00,1.50,-8.04,99.5,-5.66,-1.49
2026-06-16 01:50:00,1.51,-8.60,98.5,-5.44,-1.37
2026-06-16 02:00:00,1.51,-7.94,99.5,-6.16,-1.56
2026-06-16 02:10:00,1.50,-8.48,99.5,-6.03,-1.58
2026-06-16 02:20:00,1.51,-8.03,99.5,-5.79,-1.56
2026-06-16 02:30:00,1.51,-8.31,99.5,-5.75,-1.52
2026-06-16 02:40:00,1.51,-8.50,99.5,-6.03,-1.53
2026-06-16 02:50:00,1.50,-8.34,98.8,-5.41,-1.50
2026-06-16 03:00:00,1.50,-8.59,99.5,-5.78,-1.50
2026-06-16 03:10:00,1.50,-7.98,95.9,-5.94,-1.57
2026-06-16 03:20:00,1.50,-8.67,98.4,-5.53,-1.45
2026-06-16 03:30:00,1.50,-8.64,98.8,-5.90,-1.70
2026-06-16 03:40:00,1.50,-8.49,95.4,-5.33,-1.59
2026-06-16 03:50:00,1.50,-9.60,94.2,-6.02,-1.66
2026-06-16 04:00:00,1.50,-8.33,99.5,-5.50,-1.35
2026-06-16 04:10:00,1.50,-8.34,99.3,-5.90,-1.47
2026-06-16 04:20:00,1.50,-8.61,99.5,-6.19,-1.41
2026-06-16 04:30:00,1.50,-7.67,99.5,-5.32,-1.44
2026-06-16 04:40:00,1.50,-8.14,93.4,-5.71,-1.42
2026-06-16 04:50:00,1.50,-8.77,97.8,-5.63,-1.48
2026-06-16 05:00:00,1.50,-7.71,99.5,-5.67,-1.53
2026-06-16 05:10:00,1.51,-7.67,99.5,-5.45,-1.59
2026-06-16 05:20:00,1.50,-8.26,96.5,-5.30,-1.56
2026-06-16 05:30:00,1.50,-7.90,97.3,-5.42,-1.50
2026-06-16 05:40:00,1.50,-8.44,99.5,-5.52,-1.47
2026-06-16 05:50:00,1.51,-6.82,95.0,-5.54,-1.45
2026-06-16 06:00:00,1.51,-6.69,90.7,-5.24,-1.55
2026-06-16 06:10:00,1.51,-7.56,95.9,-5.33,-1.53
2026-06-16 06:20:00,1.51,-6.68,99.3,-5.53,-1.62
2026-06-16 06:30:00,1.51,-6.47,93.1,-5.30,-1.62
2026-06-16 06:40:00,1.51,-7.21,97.1,-5.61,-1.46
2026-06-16 06:50:00,1.51,-7.26,94.8,-5.07,-1.54
2026-06-16 07:00:00,1.51,-6.37,96.1,-5.03,-1.50
2026-06-16 07:10:00,1.52,-6.39,99.2,-4.69,-1.52
2026-06-16 07:20:00,1.52,-5.39,89.4,-5.08,-1.51
2026-06-16 07:30:00,1.52,-5.41,87.9,-5.03,-1.49
2026-06-16 07:40:00,1.51,-6.19,94.9,-5.12,-1.43
2026-06-16 07:50:00,1.52,-5.26,89.4,-5.23,-1.56
2026-06-16 08:00:00,1.51,-5.39,87.2,-5.18,-1.43
2026-06-16 08:10:00,1.51,-5.70,91.3,-4.52,-1.45
2026-06-16 08:20:00,1.51,-5.58,87.8,-4.54,-1.56
2026-06-16 08:30:00,1.51,-5.88,81.3,-4.56,-1.58
2026-06-16 08:40:00,1.52,-4.36,87.6,-4.17,-1.41
2026-06-16 08:50:00,1.52,-4.24,90.2,-4.83,-1.51
2026-06-16 09:00:00,1.53,-4.24,91.2,-4.04,-1.61
2026-06-16 09:10:00,1.52,-3.32,90.6,-4.38,-1.42
2026-06-16 09:20:00,1.52,-4.25,91.9,-4.12,-1.48
2026-06-16 09:30:00,1.52,-4.06,90.1,-4.35,-1.47
2026-06-16 09:40:00,1.52,-4.24,93.7,-4.09,-1.47
2026-06-16 09:50:00,1.52,-2.98,84.2,-4.29,-1.49
2026-06-16 10:00:00,1.52,NaN,NaN,-4.18,-1.54
2026-06-16 10:10:00,1.53,-3.01,83.6,-4.00,-1.44
2026-06-16 10:20:00,1.53,-3.20,81.7,-4.10,-1.36
2026-06-16 10:30:00,1.53,-2.50,83.5,-3.54,-1.38
2026-06-16 10:40:00,1.52,-2.82,84.4,-3.94,-1.47
2026-06-16 10:50:00,1.53,-1.69,86.1,-3.36,-1.58
2026-06-16 11:00:00,1.53,-2.77,77.0,-4.13,-1.46
2026-06-16 11:10:00,1.53,-1.49,79.9,-4.09,-1.44
2026-06-16 11:20:00,1.52,-2.15,82.1,-3.55,-1.54
2026-06-16 11:30:00,1.53,-1.82,77.6,-3.03,-1.49
2026-06-16 11:40:00,1.52,-2.03,80.7,-3.27,-1.47
2026-06-16 11:50:00,1.53,-2.05,76.5,-3.65,-1.67
2026-06-16 12:00:00,1.53,-1.34,76.2,-3.40,-1.52
2026-06-16 12:10:00,1.54,-0.54,80.7,-3.74,-1.52
2026-06-16 12:20:00,1.53,-1.01,76.9,-3.46,-1.46
2026-06-16 12:30:00,1.53,-1.07,78.1,-3.48,-1.62
2026-06-16 12:40:00,1.53,-1.48,80.3,-3.52,-1.38
2026-06-16 12:50:00,1.53,-1.23,82.4,-3.00,-1.50
2026-06-16 13:00:00,1.53,-0.24,75.7,-3.31,-1.58
2026-06-16 13:10:00,1.53,-1.24,78.4,-3.23,-1.58
2026-06-16 13:20:00,1.54,-0.44,75.7,-3.61,-1.54
2026-06-16 13:30:00,1.53,-1.23,76.6,-3.12,-1.42
2026-06-16 13:40:00,1.54,0.10,78.1,-2.91,-1.46
2026-06-16 13:50:00,1.53,-0.94,71.7,-2.75,-1.49
2026-06-16 14:00:00,1.53,-0.52,75.8,-2.91,-1.53
2026-06-16 14:10:00,1.54,-0.23,82.5,-2.49,-1.35
2026-06-16 14:20:00,1.54,-0.32,75.3,-3.13,-1.50
2026-06-16 14:30:00,1.53,0.01,73.9,-2.95,-1.53
2026-06-16 14:40:00,1.54,-0.24,76.7,-2.28,-1.50
2026-06-16 14:50:00,1.54,-0.14,80.1,-3.07,-1.38
2026-06-16 15:00:00,1.54,-0.59,78.8,-2.68,-1.61
2026-06-16 15:10:00,1.54,0.44,73.1,-3.10,-1.56
2026-06-16 15:20:00,1.53,-0.55,80.1,-3.01,-1.30
2026-06-16 15:30:00,1.53,-1.03,75.1,-2.47,-1.52
2026-06-16 15:40:00,1.53,NaN,NaN,-2.68,-1.63
2026-06-16 15:50:00,1.53,-0.63,79.9,-3.25,-1.45
2026-06-16 16:00:00,1.54,0.01,76.4,-3.43,-1.55
2026-06-16 16:10:00,1.53,-1.04,72.5,-3.05,-1.47
2026-06-16 16:20:00,1.53,-0.14,74.9,-3.08,-1.59
2026-06-16 16:30:00,1.53,-0.44,82.5,-2.96,-1.58
2026-06-16 16:40:00,1.52,-1.42,75.7,-3.31,-1.42
2026-06-16 16:50:00,1.53,-0.57,75.8,-2.92,-1.38
2026-06-16 17:00:00,1.53,-0.67,78.5,-3.05,-1.42
2026-06-16 17:10:00,1.53,-0.45,78.2,-3.33,-1.54
2026-06-16 17:20:00,1.53,-0.60,78.1,-3.40,-1.55
2026-06-16 17:30:00,1.53,-1.52,79.3,-2.95,-1.68
2026-06-16 17:40:00,1.52,-1.04,77.5,-3.22,-1.65
2026-06-16 17:50:00,1.53,-1.00,85.5,-3.51,-1.54
2026-06-16 18:00:00,1.52,-2.13,77.7,-3.83,-1.53
2026-06-16 18:10:00,1.53,-1.46,80.5,-3.38,-1.47
2026-06-16 18:20:00,1.52,-1.61,76.4,-3.50,-1.47
2026-06-16 18:30:00,1.52,-2.87,80.2,-3.47,-1.68
2026-06-16 18:40:00,1.52,-1.66,83.3,-3.40,-1.50
2026-06-16 18:50:00,1.52,-2.09,81.7,-3.61,-1.51
2026-06-16 19:00:00,1.53,-2.09,77.9,-3.07,-1.38
2026-06-16 19:10:00,1.53,-2.06,80.3,-3.51,-1.59
2026-06-16 19:20:00,1.52,-2.78,84.4,-3.86,-1.49
2026-06-16 19:30:00,1.52,-3.33,85.2,-3.84,-1.41
2026-06-16 19:40:00,1.53,-2.68,90.2,-3.62,-1.57
2026-06-16 19:50:00,1.52,-2.29,82.3,-4.02,-1.54
2026-06-16 20:00:00,1.52,-4.20,85.1,-3.42,-1.31
2026-06-16 20:10:00,1.52,-3.25,86.2,-4.09,-1.56
2026-06-16 20:20:00,1.52,-3.63,82.9,-4.11,-1.45
2026-06-16 20:30:00,1.52,-3.39,88.8,-4.31,-1.51
2026-06-16 20:40:00,1.52,-3.84,84.8,-4.20,-1.57
2026-06-16 20:50:00,1.52,-3.89,87.9,-4.19,-1.59
2026-06-16 21:00:00,1.52,-4.40,85.5,-4.46,-1.47
2026-06-16 21:10:00,1.51,-5.31,90.1,-4.20,-1.54
2026-06-16 21:20:00,1.52,-4.92,91.9,-4.39,-1.57
2026-06-16 21:30:00,1.51,-4.91,91.9,-4.28,-1.41
2026-06-16 21:40:00,1.51,-5.65,92.2,-4.35,-1.34
2026-06-16 21:50:00,1.51,-5.43,92.5,-4.74,-1.50
2026-06-16 22:00:00,1.51,-5.46,91.1,-4.29,-1.46
2026-06-16 22:10:00,1.51,-5.92,90.9,-5.08,-1.54
2026-06-16 22:20:00,1.51,-5.59,91.9,-4.84,-1.59
2026-06-16 22:30:00,1.51,-5.75,94.5,-5.35,-1.58
2026-06-16 22:40:00,1.51,-5.66,94.6,-5.51,-1.56
2026-06-16 22:50:00,1.51,-6.77,93.2,-5.01,-1.56
2026-06-16 23:00:00,1.51,-6.14,88.1,-5.62,-1.43
2026-06-16 23:10:00,1.50,-6.45,91.9,-5.16,-1.41
2026-06-16 23:20:00,1.51,-7.26,94.5,-5.09,-1.45
2026-06-16 23:30:00,1.50,-7.07,95.2,-5.07,-1.65
2026-06-16 23:40:00,1.50,-7.22,93.2,-5.49,-1.67
2026-06-16 23:50:00,1.51,-7.44,93.9,-5.16,-1.51
2026-06-17 00:00:00,1.50,-6.82,99.1,-5.49,-1.50
2026-06-17 00:10:00,1.50,-7.52,95.5,-5.52,-1.41
2026-06-17 00:20:00,1.50,-7.25,94.5,-5.78,-1.60
2026-06-17 00:30:00,1.51,-7.02,95.8,-5.75,-1.55
2026-06-17 00:40:00,1.50,-8.25,97.2,-5.35,-1.42
2026-06-17 00:50:00,1.50,-8.16,95.8,-5.76,-1.26
2026-06-17 01:00:00,1.50,-7.67,98.6,-5.83,-1.42
2026-06-17 01:10:00,1.50,-7.82,99.2,-5.27,-1.52
2026-06-17 01:20:00,1.50,-8.82,94.6,-6.02,-1.45
2026-06-17 01:30:00,1.49,-8.98,99.4,-5.64,-1.61
2026-06-17 01:40:00,1.50,-8.25,98.4,-6.07,-1.70
2026-06-17 01:50:00,1.50,-8.57,95.2,-5.95,-1.54
2026-06-17 02:00:00,1.50,-8.86,99.5,-5.58,-1.54
2026-06-17 02:10:00,1.50,-9.31,99.5,-5.71,-1.43
2026-06-17 02:20:00,1.50,-8.15,94.0,-5.91,-1.41
2026-06-17 02:30:00,1.50,-8.60,95.6,-5.74,-1.49
2026-06-17 02:40:00,1.49,-10.11,98.5,-6.04,-1.59
2026-06-17 02:50:00,1.49,-8.97,97.3,-6.19,-1.33
2026-06-17 03:00:00,1.50,-9.03,96.1,-5.64,-1.64
2026-06-17 03:10:00,1.50,-8.67,93.5,-5.60,-1.49
2026-06-17 03:20:00,1.50,-7.71,98.8,-5.88,-1.53
2026-06-17 03:30:00,1.50,-8.94,99.5,-5.61,-1.54
2026-06-17 03:40:00,1.49,-8.38,95.8,-5.66,-1.56
2026-06-17 03:50:00,1.51,NaN,NaN,-6.16,-1.41
2026-06-17 04:00:00,1.49,-8.09,96.8,-6.05,-1.51
2026-06-17 04:10:00,1.50,-8.35,95.7,-6.60,-1.54
2026-06-17 04:20:00,1.49,-8.29,99.3,-5.85,-1.45
2026-06-17 04:30:00,1.49,-8.35,98.4,-5.68,-1.48
2026-06-17 04:40:00,1.50,-7.99,99.5,-5.51,-1.35
2026-06-17 04:50:00,1.49,-8.28,91.1,-5.16,-1.43
2026-06-17 05:00:00,1.50,-7.99,95.0,-5.55,-1.35
2026-06-17 05:10:00,1.50,-7.01,89.9,-6.10,-1.61
2026-06-17 05:20:00,1.49,-7.85,99.5,-5.73,-1.55
2026-06-17 05:30:00,1.50,-7.61,99.1,-5.62,-1.45
2026-06-17 05:40:00,1.50,-8.00,97.0,-5.53,-1.51
2026-06-17 05:50:00,1.50,-6.86,96.1,-5.36,-1.43
2026-06-17 06:00:00,1.50,-6.93,97.0,-5.06,-1.43
2026-06-17 06:10:00,1.50,-7.39,92.5,-5.29,-1.53
2026-06-17 06:20:00,1.50,-6.76,95.0,-4.70,-1.54
2026-06-17 06:30:00,1.50,-6.84,93.1,-4.97,-1.55
2026-06-17 06:40:00,1.50,-6.60,94.0,-5.28,-1.59
2026-06-17 06:50:00,1.51,-5.84,92.9,-5.33,-1.52
2026-06-17 07:00:00,1.50,-6.73,95.9,-4.75,-1.41
2026-06-17 07:10:00,1.51,-5.88,96.4,-5.09,-1.43
2026-06-17 07:20:00,1.51,-5.47,88.6,-5.20,-1.37
2026-06-17 07:30:00,1.51,-5.69,88.4,-5.03,-1.55
2026-06-17 07:40:00,1.51,-5.54,90.4,-5.04,-1.52
2026-06-17 07:50:00,1.51,-4.95,92.3,-4.72,-1.48
2026-06-17 08:00:00,1.51,-5.05,89.4,-4.67,-1.52
2026-06-17 08:10:00,1.51,-5.75,90.3,-5.01,-1.44
2026-06-17 08:20:00,1.51,-5.10,86.6,-4.53,-1.42
2026-06-17 08:30:00,1.51,-4.79,89.4,-4.40,-1.31
2026-06-17 08:40:00,1.51,-4.72,90.2,-4.94,-1.49
2026-06-17 08:50:00,1.51,-4.68,86.2,-4.44,-1.64
2026-06-17 09:00:00,1.51,-4.83,87.3,-4.21,-1.45
2026-06-17 09:10:00,1.51,-4.29,91.7,-4.30,-1.38
2026-06-17 09:20:00,1.51,-3.58,88.1,-4.13,-1.53
2026-06-17 09:30:00,1.51,-3.57,83.3,-4.13,-1.43
2026-06-17 09:40:00,1.51,-3.90,89.1,-3.59,-1.42
2026-06-17 09:50:00,1.52,-2.71,82.9,-3.84,-1.38
2026-06-17 10:00:00,1.52,-2.97,86.7,-3.82,-1.52
2026-06-17 10:10:00,1.52,-2.94,83.2,-4.01,-1.47
2026-06-17 10:20:00,1.52,-2.84,84.0,-3.82,-1.35
2026-06-17 10:30:00,1.52,-2.37,82.0,-3.55,-1.43
2026-06-17 10:40:00,1.52,-2.00,78.3,-3.89,-1.61
2026-06-17 10:50:00,1.52,-2.68,84.3,-3.23,-1.46
2026-06-17 11:00:00,1.52,-1.65,87.1,-4.07,-1.42
2026-06-17 11:10:00,1.52,-2.73,79.6,-3.45,-1.55
2026-06-17 11:20:00,1.52,-1.92,80.0,-3.42,-1.59
2026-06-17 11:30:00,1.52,-2.42,82.7,-3.73,-1.48
2026-06-17 11:40:00,1.52,-1.74,83.8,-3.53,-1.68
2026-06-17 11:50:00,1.52,-1.43,83.8,-3.34,-1.49
2026-06-17 12:00:00,1.52,-1.50,80.0,-2.93,-1.57
2026-06-17 12:10:00,1.53,-0.83,79.0,-3.13,-1.51
2026-06-17 12:20:00,1.53,-1.05,82.6,-3.11,-1.52
2026-06-17 12:30:00,1.52,-1.18,79.7,-2.83,-1.51
2026-06-17 12:40:00,1.52,-1.06,78.1,-2.82,-1.40
2026-06-17 12:50:00,1.52,-1.09,77.4,-2.93,-1.47
2026-06-17 13:00:00,1.52,-1.10,80.4,-2.82,-1.57
2026-06-17 13:10:00,1.53,-0.78,82.9,-2.78,-1.55
2026-06-17 13:20:00,1.53,-0.86,78.4,-3.03,-1.58
2026-06-17 13:30:00,1.53,0.13,76.9,-3.06,-1.50
2026-06-17 13:40:00,1.53,-1.06,76.3,-3.07,-1.48
2026-06-17 13:50:00,1.53,-0.36,81.3,-3.05,-1.45
2026-06-17 14:00:00,1.53,-0.25,80.3,-2.99,-1.48
2026-06-17 14:10:00,1.52,-0.17,80.5,-2.96,-1.56
2026-06-17 14:20:00,1.53,0.60,81.6,-3.13,-1.42
2026-06-17 14:30:00,1.52,0.48,76.6,-2.70,-1.43
2026-06-17 14:40:00,1.53,-0.31,75.5,-2.93,-1.62
2026-06-17 14:50:00,1.53,0.54,79.2,-2.76,-1.40
2026-06-17 15:00:00,1.53,0.50,80.6,-2.57,-1.44
2026-06-17 15:10:00,1.52,0.54,75.1,-2.64,-1.55
2026-06-17 15:20:00,1.53,-0.28,77.1,-2.74,-1.64
2026-06-17 15:30:00,1.53,-0.27,75.4,-2.97,-1.55
2026-06-17 15:40:00,1.53,0.24,78.5,-3.12,-1.42
2026-06-17 15:50:00,1.53,0.71,73.5,-2.77,-1.41
2026-06-17 16:00:00,1.52,0.33,78.0,-2.89,-1.49
2026-06-17 16:10:00,1.53,0.02,77.1,-3.01,-1.54
2026-06-17 16:20:00,1.52,-1.49,77.7,-3.05,-1.46
2026-06-17 16:30:00,1.53,-0.73,76.3,-3.20,-1.56
2026-06-17 16:40:00,1.53,0.12,82.9,-3.13,-1.53
2026-06-17 16:50:00,1.52,-1.13,80.8,-3.26,-1.51
2026-06-17 17:00:00,1.52,-1.11,80.7,-3.02,-1.48
2026-06-17 17:10:00,1.52,-0.58,76.5,-3.34,-1.45
2026-06-17 17:20:00,1.53,-1.00,75.3,-2.91,-1.49
2026-06-17 17:30:00,1.52,-1.14,71.6,-3.01,-1.46
2026-06-17 17:40:00,1.52,-1.92,81.1,-2.97,-1.40
2026-06-17 17:50:00,1.52,-1.43,79.4,-3.13,-1.42
2026-06-17 18:00:00,1.52,-2.06,78.7,-3.58,-1.51
2026-06-17 18:10:00,1.52,-2.63,79.7,-3.14,-1.63
2026-06-17 18:20:00,1.52,-1.16,80.0,-3.62,-1.43
2026-06-17 18:30:00,1.52,-1.10,84.3,-3.52,-1.54
2026-06-17 18:40:00,1.52,-2.17,80.4,-3.22,-1.53
2026-06-17 18:50:00,1.52,-2.04,78.5,-3.44,-1.48
2026-06-17 19:00:00,1.52,-2.08,81.2,-3.46,-1.47
2026-06-17 19:10:00,1.51,-2.81,80.8,-3.98,-1.52
2026-06-17 19:20:00,1.52,-2.72,80.8,-4.10,-1.47
2026-06-17 19:30:00,1.51,-3.93,84.1,-4.34,-1.51
2026-06-17 19:40:00,1.52,-2.81,84.1,-4.04,-1.42
2026-06-17 19:50:00,1.51,-3.24,82.9,-3.60,-1.44
2026-06-17 20:00:00,1.51,-3.06,78.4,-3.80,-1.49
2026-06-17 20:10:00,1.51,-3.31,83.8,-3.70,-1.49
2026-06-17 20:20:00,1.51,-4.02,89.2,-3.57,-1.38
2026-06-17 20:30:00,1.52,-3.50,80.9,-3.82,-1.44
2026-06-17 20:40:00,1.51,-3.89,90.2,-3.99,-1.48
2026-06-17 20:50:00,1.51,-3.82,88.3,-4.49,-1.23
2026-06-17 21:00:00,1.51,-4.07,82.4,-4.45,-1.48
2026-06-17 21:10:00,1.51,-4.10,85.8,-4.17,-1.37
2026-06-17 21:20:00,1.51,-4.44,93.0,-3.93,-1.57
2026-06-17 21:30:00,1.51,-5.07,95.6,-4.52,-1.46
2026-06-17 21:40:00,1.51,-4.61,90.9,-4.23,-1.44
2026-06-17 21:50:00,1.50,-5.39,91.1,-4.73,-1.64
2026-06-17 22:00:00,1.50,-5.44,90.8,-4.75,-1.53
2026-06-17 22:10:00,1.51,-5.48,93.8,-4.96,-1.33
2026-06-17 22:20:00,1.50,-5.45,95.7,-4.46,-1.40
2026-06-17 22:30:00,1.51,-5.91,93.9,-4.66,-1.51
2026-06-17 22:40:00,1.50,-6.12,93.7,-4.77,-1.48
2026-06-17 22:50:00,1.50,-6.10,91.4,-5.01,-1.47
2026-06-17 23:00:00,1.50,-6.87,90.1,-5.70,-1.39
2026-06-17 23:10:00,1.50,-6.33,92.5,-5.28,-1.42
2026-06-17 23:20:00,1.49,-7.51,98.4,-5.50,-1.48
2026-06-17 23:30:00,1.50,-6.62,95.5,-4.95,-1.59
2026-06-17 23:40:00,1.50,-7.35,99.5,-5.50,-1.56
2026-06-17 23:50:00,1.50,-7.13,95.8,-5.97,-1.62
2026-06-18 00:00:00,1.49,-7.38,95.0,-5.58,-1.58
2026-06-18 00:10:00,1.50,-7.75,95.4,-5.33,-1.37
2026-06-18 00:20:00,1.50,-8.02,98.0,-5.46,-1.47
2026-06-18 00:30:00,1.50,-7.87,99.3,-5.39,-1.53
2026-06-18 00:40:00,1.49,-7.29,96.3,-5.97,-1.46
2026-06-18 00:50:00,1.50,-7.26,99.5,-5.43,-1.42
2026-06-18 01:00:00,1.49,-8.12,99.5,-5.54,-1.69
2026-06-18 01:10:00,1.49,-8.48,96.5,-5.59,-1.52
2026-06-18 01:20:00,1.49,-8.39,98.3,-5.46,-1.49
2026-06-18 01:30:00,1.50,-7.62,97.1,-5.69,-1.54
2026-06-18 01:40:00,1.49,-8.83,99.5,-6.05,-1.45
2026-06-18 01:50:00,1.49,-8.90,97.8,-5.92,-1.45
2026-06-18 02:00:00,1.49,-8.19,99.5,-5.93,-1.55
2026-06-18 02:10:00,1.49,-8.53,98.1,-5.99,-1.39
2026-06-18 02:20:00,1.49,-8.95,95.8,-5.79,-1.36
2026-06-18 02:30:00,1.49,-8.36,92.6,-5.61,-1.54
2026-06-18 02:40:00,1.49,-9.31,94.6,-5.79,-1.54
2026-06-18 02:50:00,1.49,-8.41,99.5,-5.71,-1.61
2026-06-18 03:00:00,1.50,-8.34,95.1,-5.70,-1.47
2026-06-18 03:10:00,1.49,-8.26,95.5,-5.40,-1.43
2026-06-18 03:20:00,1.50,-8.30,99.5,-5.86,-1.52
2026-06-18 03:30:00,1.49,-8.40,99.5,-5.82,-1.42
2026-06-18 03:40:00,1.49,-8.06,94.7,-5.67,-1.38
2026-06-18 03:50:00,1.49,-8.66,95.3,-5.96,-1.49
2026-06-18 04:00:00,1.49,-8.25,96.7,-5.87,-1.38
2026-06-18 04:10:00,1.50,-8.17,97.6,-5.89,-1.50
2026-06-18 04:20:00,1.49,-8.04,99.5,-5.99,-1.65
2026-06-18 04:30:00,1.49,-7.85,98.8,-5.70,-1.49
2026-06-18 04:40:00,1.49,-7.58,94.6,-5.77,-1.44
2026-06-18 04:50:00,1.49,-8.61,99.5,-5.52,-1.51
2026-06-18 05:00:00,1.49,-7.69,99.5,-6.16,-1.57
2026-06-18 05:10:00,1.50,-6.85,99.5,-5.16,-1.43
2026-06-18 05:20:00,1.49,-8.07,96.3,-5.60,-1.51
2026-06-18 05:30:00,1.49,-7.83,96.1,-5.24,-1.68
2026-06-18 05:40:00,1.49,-7.41,98.2,-5.10,-1.40
2026-06-18 05:50:00,1.49,-7.85,99.5,-5.31,-1.51
2026-06-18 06:00:00,1.50,-7.36,92.2,-5.10,-1.47
2026-06-18 06:10:00,1.50,-7.21,96.8,-5.53,-1.53
2026-06-18 06:20:00,1.49,-6.80,94.7,-5.38,-1.45
2026-06-18 06:30:00,1.50,-7.52,93.0,-5.22,-1.49
2026-06-18 06:40:00,1.50,-6.35,95.3,-4.73,-1.48
2026-06-18 06:50:00,1.50,-6.61,97.4,-5.30,-1.52
2026-06-18 07:00:00,1.50,-5.98,95.8,-4.77,-1.52
2026-06-18 07:10:00,1.49,-6.45,95.4,-5.19,-1.34
2026-06-18 07:20:00,1.50,-5.89,92.7,-4.99,-1.57
2026-06-18 07:30:00,1.50,-5.55,93.2,-5.08,-1.47
2026-06-18 07:40:00,1.51,-5.66,91.7,-4.28,-1.64
2026-06-18 07:50:00,1.51,-5.44,91.9,-5.07,-1.52
2026-06-18 08:00:00,1.50,-4.92,90.5,-4.61,-1.54
2026-06-18 08:10:00,1.50,-5.31,90.1,-4.96,-1.55
2026-06-18 08:20:00,1.50,-4.88,86.8,-4.54,-1.56
2026-06-18 08:30:00,1.50,-5.20,92.3,-4.44,-1.47
2026-06-18 08:40:00,1.50,-4.62,87.4,-4.00,-1.49
2026-06-18 08:50:00,1.51,-4.25,93.8,-4.67,-1.28
2026-06-18 09:00:00,1.51,-4.10,83.7,-4.81,-1.47
2026-06-18 09:10:00,1.51,-3.49,86.5,-3.88,-1.40
2026-06-18 09:20:00,1.51,-3.91,80.8,-4.28,-1.38
2026-06-18 09:30:00,1.50,-4.14,89.0,-4.31,-1.51
2026-06-18 09:40:00,1.52,-3.01,85.6,-4.09,-1.43
2026-06-18 09:50:00,1.51,-3.52,83.5,-3.94,-1.42
2026-06-18 10:00:00,1.51,-3.47,88.5,-4.25,-1.58
2026-06-18 10:10:00,1.50,-3.67,81.4,-3.92,-1.45
2026-06-18 10:20:00,1.51,-2.42,84.4,-4.15,-1.38
2026-06-18 10:30:00,1.51,-2.64,82.8,-3.93,-1.52
2026-06-18 10:40:00,1.51,-2.77,84.6,-3.79,-1.41
2026-06-18 10:50:00,1.51,-2.79,88.4,-3.32,-1.38
2026-06-18 11:00:00,1.51,-1.76,88.8,-3.60,-1.44
2026-06-18 11:10:00,1.51,-2.62,84.1,-3.19,-1.49
2026-06-18 11:20:00,1.51,-1.87,88.2,-3.43,-1.38
2026-06-18 11:30:00,1.51,-1.48,83.7,-3.12,-1.41
2026-06-18 11:40:00,1.51,-1.04,82.9,-3.55,-1.37
2026-06-18 11:50:00,1.52,-1.04,76.2,-3.44,-1.52
2026-06-18 12:00:00,1.51,-2.10,82.3,-2.71,-1.32
2026-06-18 12:10:00,1.51,-1.69,79.9,-2.87,-1.55
2026-06-18 12:20:00,1.52,-0.14,82.8,-3.29,-1.40
2026-06-18 12:30:00,1.52,-1.00,79.5,-3.23,-1.52
2026-06-18 12:40:00,1.52,-0.18,74.8,-3.11,-1.43
2026-06-18 12:50:00,1.52,0.07,73.8,-3.05,-1.42
2026-06-18 13:00:00,1.52,-0.28,77.3,-2.76,-1.43
2026-06-18 13:10:00,1.52,-0.81,85.8,-3.03,-1.39
2026-06-18 13:20:00,1.52,-0.18,81.0,-2.99,-1.50
2026-06-18 13:30:00,1.53,-0.16,79.8,-2.71,-1.48
2026-06-18 13:40:00,1.52,-0.82,79.3,-3.21,-1.48
2026-06-18 13:50:00,1.52,-0.76,73.2,-2.86,-1.53
2026-06-18 14:00:00,1.52,-0.44,76.6,-2.98,-1.46
2026-06-18 14:10:00,1.52,-0.68,80.8,-2.84,-1.41
2026-06-18 14:20:00,1.51,-0.82,78.9,-2.58,-1.41
2026-06-18 14:30:00,1.52,-1.02,81.8,-2.76,-1.54
2026-06-18 14:40:00,1.52,0.07,82.7,-3.01,-1.40
2026-06-18 14:50:00,1.52,-0.17,79.9,-2.64,-1.41
2026-06-18 15:00:00,1.52,-0.35,79.3,-3.07,-1.55
2026-06-18 15:10:00,1.52,0.80,77.2,-2.57,-1.37
2026-06-18 15:20:00,1.52,-0.11,72.2,-3.26,-1.56
2026-06-18 15:30:00,1.52,0.42,72.7,-2.81,-1.43
2026-06-18 15:40:00,1.52,-0.09,70.0,-2.70,-1.56
2026-06-18 15:50:00,1.52,-0.56,81.6,-2.70,-1.52
2026-06-18 16:00:00,1.53,0.26,75.6,-2.74,-1.60
2026-06-18 16:10:00,1.52,-0.04,75.7,-3.01,-1.52
2026-06-18 16:20:00,1.53,-0.09,74.3,-2.41,-1.43
2026-06-18 16:30:00,1.52,-0.23,74.6,-2.98,-1.45
2026-06-18 16:40:00,1.52,-1.05,84.1,-2.95,-1.44
2026-06-18 16:50:00,1.52,-0.55,76.7,-2.85,-1.47
2026-06-18 17:00:00,1.52,-0.74,80.2,-3.25,-1.49
2026-06-18 17:10:00,1.52,-0.50,80.3,-3.28,-1.47
2026-06-18 17:20:00,1.52,-1.46,78.2,-3.19,-1.33
2026-06-18 17:30:00,1.52,-1.24,85.3,-2.93,-1.44
2026-06-18 17:40:00,1.52,-1.07,83.3,-2.89,-1.40
2026-06-18 17:50:00,1.51,-1.17,81.1,-3.50,-1.33
2026-06-18 18:00:00,1.52,-0.84,81.9,-2.85,-1.70
2026-06-18 18:10:00,1.51,-1.83,77.3,-3.17,-1.43
2026-06-18 18:20:00,1.52,-0.57,74.0,-3.23,-1.51
2026-06-18 18:30:00,1.51,-1.75,81.7,-3.17,-1.60
2026-06-18 18:40:00,1.51,-1.88,77.1,-3.38,-1.39
2026-06-18 18:50:00,1.51,-1.96,77.7,-3.26,-1.43
2026-06-18 19:00:00,1.51,-2.05,80.9,-3.33,-1.40
2026-06-18 19:10:00,1.51,-1.94,79.9,-3.89,-1.43
2026-06-18 19:20:00,1.51,-2.50,83.9,-3.71,-1.54
2026-06-18 19:30:00,1.51,-3.27,88.0,-3.78,-1.55
2026-06-18 19:40:00,1.51,-2.71,87.2,-3.01,-1.45
2026-06-18 19:50:00,1.50,-3.80,90.1,-3.70,-1.45
2026-06-18 20:00:00,1.51,-3.10,89.6,-3.29,-1.44
2026-06-18 20:10:00,1.50,-3.61,85.7,-3.90,-1.45
2026-06-18 20:20:00,1.51,-3.20,89.2,-3.57,-1.41
2026-06-18 20:30:00,1.50,-3.21,81.3,-3.56,-1.46
2026-06-18 20:40:00,1.50,-4.55,87.5,-4.37,-1.44
2026-06-18 20:50:00,1.50,-4.16,90.2,-4.18,-1.48
2026-06-18 21:00:00,1.51,-4.42,88.6,-4.38,-1.50
2026-06-18 21:10:00,1.50,-4.51,89.3,-4.37,-1.61
2026-06-18 21:20:00,1.50,-4.59,83.8,-4.51,-1.63
2026-06-18 21:30:00,1.50,-4.84,86.1,-4.55,-1.56
2026-06-18 21:40:00,1.50,-5.57,84.6,-4.94,-1.48
2026-06-18 21:50:00,1.50,-5.59,84.8,-4.76,-1.60
2026-06-18 22:00:00,1.49,-5.98,93.4,-4.48,-1.46
2026-06-18 22:10:00,1.50,-5.18,95.9,-4.32,-1.47
2026-06-18 22:20:00,1.50,-5.67,94.8,-4.94,-1.46
2026-06-18 22:30:00,1.49,-5.80,93.2,-5.00,-1.34
2026-06-18 22:40:00,1.49,-5.35,96.5,-4.57,-1.50
2026-06-18 22:50:00,1.49,-5.76,86.2,-5.27,-1.48
2026-06-18 23:00:00,1.49,-6.77,94.6,-5.58,-1.41
2026-06-18 23:10:00,1.50,-5.54,95.3,-5.19,-1.70
2026-06-18 23:20:00,1.50,-6.66,96.6,-5.50,-1.46
2026-06-18 23:30:00,1.49,-6.67,91.0,-4.78,-1.48
2026-06-18 23:40:00,1.49,-6.99,95.2,-5.09,-1.45
2026-06-18 23:50:00,1.50,-6.88,94.6,-4.85,-1.48
2026-06-19 00:00:00,1.49,-7.35,92.7,-5.03,-1.49
2026-06-19 00:10:00,1.49,-7.53,97.1,-5.29,-1.48
2026-06-19 00:20:00,1.49,-7.62,96.5,-5.54,-1.41
2026-06-19 00:30:00,1.49,-7.71,97.5,-5.48,-1.50
2026-06-19 00:40:00,1.49,-8.01,98.0,-5.70,-1.45
2026-06-19 00:50:00,1.49,-7.69,99.5,-5.73,-1.36
2026-06-19 01:00:00,1.49,-8.08,99.5,-5.52,-1.46
2026-06-19 01:10:00,1.49,-7.53,95.6,-5.47,-1.40
2026-06-19 01:20:00,1.49,-7.94,93.0,-5.62,-1.54
2026-06-19 01:30:00,1.49,-8.00,99.3,-5.97,-1.43
2026-06-19 01:40:00,1.48,-8.12,99.0,-5.34,-1.44
2026-06-19 01:50:00,1.48,-7.85,98.3,-5.47,-1.43
2026-06-19 02:00:00,1.49,-8.15,97.3,-5.74,-1.37
2026-06-19 02:10:00,1.48,-8.05,99.5,-5.49,-1.43
2026-06-19 02:20:00,1.48,-8.74,99.5,-5.61,-1.42
2026-06-19 02:30:00,1.48,-8.22,96.8,-5.67,-1.45
2026-06-19 02:40:00,1.48,-8.44,99.5,-6.00,-1.45
2026-06-19 02:50:00,1.48,-8.82,99.5,-5.31,-1.50
2026-06-19 03:00:00,1.48,-8.34,98.2,-5.36,-1.43
2026-06-19 03:10:00,1.48,-8.30,92.8,-5.54,-1.33
2026-06-19 03:20:00,1.48,-7.32,99.5,-5.64,-1.45
2026-06-19 03:30:00,1.48,-8.47,99.5,-5.81,-1.49
2026-06-19 03:40:00,1.48,-8.19,99.5,-5.04,-1.49
2026-06-19 03:50:00,1.49,-7.77,99.5,-5.41,-1.33
2026-06-19 04:00:00,1.49,-8.94,99.5,-5.79,-1.42
2026-06-19 04:10:00,1.49,-7.44,99.2,-5.95,-1.47
2026-06-19 04:20:00,1.48,-8.59,99.5,-5.74,-1.60
2026-06-19 04:30:00,1.48,-8.86,99.5,-5.34,-1.48
2026-06-19 04:40:00,1.48,-8.12,96.6,-5.35,-1.30
2026-06-19 04:50:00,1.49,-7.68,99.4,-5.69,-1.53
2026-06-19 05:00:00,1.49,-7.55,97.0,-6.00,-1.40
2026-06-19 05:10:00,1.49,-7.32,97.5,-5.53,-1.51
2026-06-19 05:20:00,1.49,-7.00,94.6,-5.24,-1.52
2026-06-19 05:30:00,1.48,-8.26,95.5,-5.56,-1.57
2026-06-19 05:40:00,1.48,-7.38,95.8,-5.08,-1.40
2026-06-19 05:50:00,1.49,-6.69,93.4,-5.32,-1.53
2026-06-19 06:00:00,1.49,-7.11,96.1,-5.06,-1.41
2026-06-19 06:10:00,1.49,-6.79,92.5,-4.90,-1.49
2026-06-19 06:20:00,1.48,-7.00,93.4,-5.16,-1.48
2026-06-19 06:30:00,1.49,-5.93,92.5,-5.33,-1.54
2026-06-19 06:40:00,1.49,-6.73,90.6,-4.88,-1.41
2026-06-19 06:50:00,1.49,-7.21,93.5,-4.70,-1.44
2026-06-19 07:00:00,1.49,-5.99,93.5,-4.61,-1.40
2026-06-19 07:10:00,1.49,-5.45,94.7,-4.45,-1.33
2026-06-19 07:20:00,1.49,-6.19,92.9,-4.60,-1.51
2026-06-19 07:30:00,1.50,-5.76,91.7,-5.05,-1.54
2026-06-19 07:40:00,1.49,-5.94,90.1,-4.71,-1.36
2026-06-19 07:50:00,1.49,-5.39,92.9,-4.69,-1.51
2026-06-19 08:00:00,1.50,-5.04,85.8,-4.23,-1.41
2026-06-19 08:10:00,1.50,-4.92,89.1,-4.42,-1.41
2026-06-19 08:20:00,1.50,-4.96,88.9,-4.20,-1.58
2026-06-19 08:30:00,1.49,-4.62,84.6,-4.65,-1.55
2026-06-19 08:40:00,1.50,-4.76,90.7,-4.50,-1.42
2026-06-19 08:50:00,1.50,-5.23,86.6,-4.21,-1.52
2026-06-19 09:00:00,1.51,-4.09,87.9,-4.17,-1.50
2026-06-19 09:10:00,1.50,-4.41,84.7,-3.93,-1.39
2026-06-19 09:20:00,1.50,-3.81,88.3,-4.20,-1.38
2026-06-19 09:30:00,1.50,-3.62,85.4,-4.13,-1.37
2026-06-19 09:40:00,1.50,-2.53,85.1,-4.21,-1.48
2026-06-19 09:50:00,1.51,-3.12,88.0,-3.34,-1.47
2026-06-19 10:00:00,1.51,-2.44,82.0,-3.65,-1.44
2026-06-19 10:10:00,1.50,-2.71,84.9,-3.57,-1.43
2026-06-19 10:20:00,1.51,-2.48,82.7,-3.44,-1.43
2026-06-19 10:30:00,1.51,-1.92,85.3,-3.51,-1.41
2026-06-19 10:40:00,1.51,-1.67,84.7,-3.92,-1.65
2026-06-19 10:50:00,1.51,-2.49,85.6,-3.54,-1.49
2026-06-19 11:00:00,1.51,-2.28,85.9,-3.31,-1.45
2026-06-19 11:10:00,1.51,-1.96,81.1,-3.22,-1.33
2026-06-19 11:20:00,1.50,-1.41,82.1,-3.61,-1.31
2026-06-19 11:30:00,1.51,-2.24,81.1,-3.04,-1.57
2026-06-19 11:40:00,1.50,-1.66,87.5,-3.17,-1.43
2026-06-19 11:50:00,1.50,-1.02,83.7,-3.19,-1.27
2026-06-19 12:00:00,1.51,-1.10,77.8,-3.34,-1.49
2026-06-19 12:10:00,1.50,-1.31,83.2,-3.02,-1.52
2026-06-19 12:20:00,1.52,-0.29,75.7,-3.23,-1.50
2026-06-19 12:30:00,1.51,-0.60,80.6,-3.26,-1.33
2026-06-19 12:40:00,1.51,-0.76,79.7,-2.88,-1.46
2026-06-19 12:50:00,1.51,-0.96,75.8,-2.97,-1.50
2026-06-19 13:00:00,1.52,-0.79,76.5,-2.60,-1.38
2026-06-19 13:10:00,1.51,-0.90,73.5,-3.00,-1.47
2026-06-19 13:20:00,1.51,-1.19,76.3,-2.61,-1.48
2026-06-19 13:30:00,1.52,0.01,81.8,-2.45,-1.32
2026-06-19 13:40:00,1.51,-0.43,76.9,-2.77,-1.60
2026-06-19 13:50:00,1.51,-0.60,84.5,-2.74,-1.50
2026-06-19 14:00:00,1.51,-0.40,79.9,-3.33,-1.43
2026-06-19 14:10:00,1.52,0.55,82.0,-3.13,-1.45
2026-06-19 14:20:00,1.51,0.02,75.2,-2.90,-1.36
2026-06-19 14:30:00,1.51,-0.93,70.8,-2.72,-1.43
2026-06-19 14:40:00,1.51,-1.05,76.5,-2.77,-1.49
2026-06-19 14:50:00,1.51,-0.59,73.9,-2.74,-1.38
2026-06-19 15:00:00,1.52,0.42,72.2,-2.71,-1.48
2026-06-19 15:10:00,1.52,0.35,78.3,-3.15,-1.55
2026-06-19 15:20:00,1.51,-0.17,82.8,-3.11,-1.47
2026-06-19 15:30:00,1.51,-0.09,78.5,-2.65,-1.43
2026-06-19 15:40:00,1.51,-1.06,81.6,-3.41,-1.52
2026-06-19 15:50:00,1.52,0.21,78.4,-2.91,-1.49
2026-06-19 16:00:00,1.51,-0.35,80.6,-2.50,-1.41
2026-06-19 16:10:00,1.51,0.26,76.2,-2.95,-1.44
2026-06-19 16:20:00,1.51,-0.60,79.3,-3.43,-1.51
2026-06-19 16:30:00,1.51,-0.12,77.6,-2.54,-1.32
2026-06-19 16:40:00,1.51,-0.77,76.6,-2.58,-1.38
2026-06-19 16:50:00,1.51,-0.31,80.1,-2.94,-1.64
2026-06-19 17:00:00,1.51,-1.12,84.6,-3.11,-1.55
2026-06-19 17:10:00,1.51,-0.78,81.4,-2.59,-1.53
2026-06-19 17:20:00,1.51,-1.37,82.0,-2.58,-1.50
2026-06-19 17:30:00,1.51,-1.13,79.9,-3.28,-1.37
2026-06-19 17:40:00,1.50,-1.61,79.1,-2.64,-1.51
2026-06-19 17:50:00,1.51,-0.36,85.0,-2.94,-1.44
2026-06-19 18:00:00,1.52,-0.88,75.5,-3.07,-1.46
2026-06-19 18:10:00,1.51,-1.93,78.8,-2.71,-1.35
2026-06-19 18:20:00,1.50,-1.63,77.4,-3.16,-1.35
2026-06-19 18:30:00,1.50,-2.33,80.3,-3.25,-1.43
2026-06-19 18:40:00,1.50,-1.51,74.7,-3.03,-1.54
2026-06-19 18:50:00,1.51,-0.96,91.8,-3.39,-1.39
2026-06-19 19:00:00,1.51,-1.97,86.5,-3.32,-1.52
2026-06-19 19:10:00,1.50,-2.04,80.0,-3.91,-1.39
2026-06-19 19:20:00,1.51,-2.64,81.3,-3.34,-1.30
2026-06-19 19:30:00,1.50,-2.87,89.2,-3.90,-1.36
2026-06-19 19:40:00,1.50,-1.94,86.6,-3.66,-1.55
2026-06-19 19:50:00,1.50,-3.22,82.8,-3.18,-1.50
2026-06-19 20:00:00,1.51,-2.43,79.8,-4.05,-1.41
2026-06-19 20:10:00,1.50,-3.31,88.9,-3.89,-1.33
2026-06-19 20:20:00,1.50,-3.28,84.0,-3.97,-1.32
2026-06-19 20:30:00,1.50,-3.01,87.7,-4.21,-1.49
2026-06-19 20:40:00,1.50,-3.85,84.7,-3.93,-1.38
2026-06-19 20:50:00,1.49,-4.33,87.2,-3.87,-1.39
2026-06-19 21:00:00,1.49,-4.87,84.3,-3.77,-1.18
2026-06-19 21:10:00,1.50,-4.10,82.5,-4.72,-1.40
2026-06-19 21:20:00,1.50,-4.54,88.1,-4.44,-1.45
2026-06-19 21:30:00,1.50,-4.76,89.5,-4.52,-1.50
2026-06-19 21:40:00,1.49,-4.15,89.4,-4.17,-1.43
2026-06-19 21:50:00,1.49,-4.97,91.0,-4.81,-1.29
2026-06-19 22:00:00,1.50,-5.05,92.4,-4.28,-1.47
2026-06-19 22:10:00,1.49,-5.65,94.7,-4.46,-1.47
2026-06-19 22:20:00,1.49,-5.99,89.2,-4.90,-1.39
2026-06-19 22:30:00,1.49,-5.20,86.7,-4.74,-1.50
2026-06-19 22:40:00,1.49,-5.58,91.6,-4.47,-1.52
2026-06-19 22:50:00,1.49,-5.90,88.3,-4.88,-1.37
2026-06-19 23:00:00,1.49,-5.94,91.3,-5.06,-1.22
2026-06-19 23:10:00,1.49,-5.97,95.9,-5.17,-1.46
2026-06-19 23:20:00,1.48,-6.98,92.8,-5.25,-1.33
2026-06-19 23:30:00,1.49,-5.89,92.0,-4.82,-1.53
2026-06-19 23:40:00,1.48,-6.82,95.2,-4.44,-1.43
2026-06-19 23:50:00,1.48,-7.10,92.6,-4.97,-1.54
2026-06-20 00:00:00,1.49,-7.14,96.7,-5.22,-1.36
2026-06-20 00:10:00,1.48,-7.34,91.3,-5.72,-1.35
2026-06-20 00:20:00,1.48,-7.02,99.5,-4.87,-1.29
2026-06-20 00:30:00,1.48,-6.58,96.3,-5.08,-1.46
2026-06-20 00:40:00,1.48,-7.03,98.6,-5.10,-1.45
2026-06-20 00:50:00,1.48,-7.21,96.2,-5.06,-1.45
2026-06-20 01:00:00,1.48,-8.41,99.1,-5.02,-1.44
2026-06-20 01:10:00,1.48,-7.67,94.3,-5.31,-1.36
2026-06-20 01:20:00,1.48,-7.81,98.9,-5.49,-1.49
2026-06-20 01:30:00,1.48,-8.38,96.0,-5.28,-1.39
2026-06-20 01:40:00,1.48,-8.52,99.3,-5.96,-1.53
2026-06-20 01:50:00,1.48,-8.45,99.5,-5.37,-1.40
2026-06-20 02:00:00,1.47,-9.27,99.5,-5.63,-1.44
2026-06-20 02:10:00,1.48,-7.89,99.5,-5.73,-1.42
2026-06-20 02:20:00,1.48,-7.95,99.5,-5.32,-1.35
2026-06-20 02:30:00,1.48,-8.14,97.3,-5.77,-1.44
2026-06-20 02:40:00,1.48,-8.31,99.5,-5.64,-1.43
2026-06-20 02:50:00,1.48,-8.17,97.9,-5.73,-1.39
2026-06-20 03:00:00,1.48,-8.60,99.5,-5.57,-1.35
2026-06-20 03:10:00,1.47,-8.41,97.2,-5.79,-1.44
2026-06-20 03:20:00,1.48,-7.59,99.2,-5.81,-1.48
2026-06-20 03:30:00,1.48,-8.30,99.5,-6.22,-1.54
2026-06-20 03:40:00,1.47,-8.36,96.4,-5.53,-1.55
2026-06-20 03:50:00,1.48,-7.69,98.4,-5.71,-1.22
2026-06-20 04:00:00,1.48,-7.79,99.5,-5.84,-1.35
2026-06-20 04:10:00,1.48,-8.38,94.7,-5.48,-1.44
2026-06-20 04:20:00,1.48,-7.44,95.3,-5.77,-1.37
2026-06-20 04:30:00,1.48,-8.16,95.4,-5.41,-1.35
2026-06-20 04:40:00,1.47,-8.23,99.5,-5.58,-1.45
2026-06-20 04:50:00,1.47,-7.89,98.3,-5.65,-1.45
2026-06-20 05:00:00,1.48,-7.78,97.3,-4.86,-1.52
2026-06-20 05:10:00,1.48,-7.25,98.0,-5.79,-1.42
2026-06-20 05:20:00,1.48,-8.07,94.9,-5.03,-1.44
2026-06-20 05:30:00,1.48,-6.70,96.5,-5.57,-1.53
2026-06-20 05:40:00,1.48,-6.83,89.5,-5.35,-1.54
2026-06-20 05:50:00,1.48,-7.55,93.2,-5.12,-1.56
2026-06-20 06:00:00,1.48,-7.35,90.8,-5.71,-1.34
2026-06-20 06:10:00,1.49,-6.81,94.1,-5.08,-1.39
2026-06-20 06:20:00,1.49,-6.28,95.9,-5.52,-1.48
2026-06-20 06:30:00,1.48,-7.14,92.7,-5.28,-1.41
2026-06-20 06:40:00,1.48,-6.61,97.9,-4.97,-1.53
2026-06-20 06:50:00,1.48,-5.82,91.9,-4.57,-1.42
2026-06-20 07:00:00,1.49,-5.97,91.4,-4.98,-1.53
2026-06-20 07:10:00,1.49,-5.98,94.5,-5.06,-1.49
2026-06-20 07:20:00,1.48,-6.55,98.5,-4.36,-1.26
2026-06-20 07:30:00,1.48,-4.87,93.8,-4.76,-1.42
2026-06-20 07:40:00,1.48,-6.90,92.7,-4.55,-1.36
2026-06-20 07:50:00,1.49,-4.78,91.7,-4.82,-1.46
2026-06-20 08:00:00,1.48,-6.55,92.6,-4.24,-1.36
2026-06-20 08:10:00,1.49,-5.02,87.9,-4.64,-1.37
2026-06-20 08:20:00,1.49,-4.60,89.7,-4.42,-1.53
2026-06-20 08:30:00,1.49,-4.05,86.5,-4.48,-1.38
2026-06-20 08:40:00,1.49,-4.09,91.8,-4.34,-1.35
2026-06-20 08:50:00,1.49,-4.41,91.2,-4.34,-1.36
2026-06-20 09:00:00,1.49,-4.49,89.0,-4.46,-1.51
2026-06-20 09:10:00,1.50,-3.17,89.6,-4.36,-1.34
2026-06-20 09:20:00,1.50,-4.01,87.4,-4.27,-1.49
2026-06-20 09:30:00,1.50,-3.02,85.2,-4.03,-1.47
2026-06-20 09:40:00,1.50,-3.64,86.5,-3.93,-1.55
2026-06-20 09:50:00,1.50,-2.94,83.7,-4.14,-1.53
2026-06-20 10:00:00,1.50,-3.74,87.6,-3.93,-1.49
2026-06-20 10:10:00,1.49,-3.03,92.1,-3.75,-1.45
2026-06-20 10:20:00,1.50,-2.54,81.1,-3.76,-1.39
2026-06-20 10:30:00,1.50,-2.44,85.1,-3.69,-1.53
2026-06-20 10:40:00,1.50,-1.96,83.9,-3.48,-1.41
2026-06-20 10:50:00,1.50,-2.36,88.0,-3.56,-1.26
2026-06-20 11:00:00,1.50,-1.93,80.1,-3.60,-1.30
2026-06-20 11:10:00,1.50,-2.20,83.2,-3.67,-1.47
2026-06-20 11:20:00,1.50,-1.61,88.8,-3.56,-1.37
2026-06-20 11:30:00,1.51,-0.85,81.7,-3.32,-1.51
2026-06-20 11:40:00,1.50,-1.96,81.8,-3.21,-1.30
2026-06-20 11:50:00,1.50,-2.22,78.9,-3.37,-1.33
2026-06-20 12:00:00,1.51,-0.72,80.1,-3.23,-1.57
2026-06-20 12:10:00,1.50,-0.35,77.7,-2.88,-1.40
2026-06-20 12:20:00,1.50,-0.82,79.7,-2.74,-1.29
2026-06-20 12:30:00,1.51,0.05,79.8,-3.06,-1.46
2026-06-20 12:40:00,1.51,-1.05,80.8,-3.34,-1.54
2026-06-20 12:50:00,1.51,-0.67,79.9,-3.03,-1.44
2026-06-20 13:00:00,1.50,-0.25,81.7,-2.56,-1.40
2026-06-20 13:10:00,1.51,-0.52,78.6,-2.25,-1.41
2026-06-20 13:20:00,1.51,-0.63,75.6,-2.84,-1.42
2026-06-20 13:30:00,1.51,-0.57,81.9,-2.97,-1.37
2026-06-20 13:40:00,1.51,-0.88,81.1,-2.87,-1.31
2026-06-20 13:50:00,1.51,-0.23,75.3,-2.73,-1.40
2026-06-20 14:00:00,1.51,-0.62,76.0,-2.39,-1.44
2026-06-20 14:10:00,1.51,0.03,79.4,-2.83,-1.56
2026-06-20 14:20:00,1.51,-0.88,78.9,-2.37,-1.49
2026-06-20 14:30:00,1.51,0.52,78.8,-3.06,-1.38
2026-06-20 14:40:00,1.51,0.42,73.9,-2.82,-1.49
2026-06-20 14:50:00,1.51,0.21,72.9,-2.59,-1.46
2026-06-20 15:00:00,1.51,-0.37,74.3,-2.91,-1.38
2026-06-20 15:10:00,1.51,0.35,74.7,-2.55,-1.32
2026-06-20 15:20:00,1.51,-0.22,78.5,-2.36,-1.45
2026-06-20 15:30:00,1.51,-0.28,80.8,-3.10,-1.47
2026-06-20 15:40:00,1.51,0.73,78.6,-2.61,-1.46
2026-06-20 15:50:00,1.51,0.30,80.2,-2.90,-1.44
2026-06-20 16:00:00,1.50,0.32,72.9,-2.75,-1.52
2026-06-20 16:10:00,1.51,0.35,79.0,-2.46,-1.41
2026-06-20 16:20:00,1.51,-0.22,77.4,-2.60,-1.51
2026-06-20 16:30:00,1.51,-0.60,71.6,-2.82,-1.42
2026-06-20 16:40:00,1.50,-0.35,77.4,-2.88,-1.40
2026-06-20 16:50:00,1.51,0.28,80.0,-2.62,-1.37
2026-06-20 17:00:00,1.51,-0.23,78.4,-2.76,-1.47
2026-06-20 17:10:00,1.50,-1.00,78.7,-2.84,-1.45
2026-06-20 17:20:00,1.50,-1.41,79.7,-3.20,-1.41
2026-06-20 17:30:00,1.50,-1.35,77.1,-3.11,-1.43
2026-06-20 17:40:00,1.50,-1.00,82.4,-2.64,-1.31
2026-06-20 17:50:00,1.50,-1.01,77.8,-3.43,-1.43
2026-06-20 18:00:00,1.51,-0.20,79.8,-3.14,-1.24
2026-06-20 18:10:00,1.50,-0.45,82.0,-2.76,-1.43
2026-06-20 18:20:00,1.50,-1.26,79.7,-3.00,-1.47
2026-06-20 18:30:00,1.50,-1.39,78.7,-3.00,-1.37
2026-06-20 18:40:00,1.50,-1.27,83.1,-3.33,-1.50
2026-06-20 18:50:00,1.50,-2.55,84.9,-3.60,-1.47
2026-06-20 19:00:00,1.50,-1.51,80.7,-3.39,-1.40
2026-06-20 19:10:00,1.49,-2.89,83.8,-3.29,-1.47
2026-06-20 19:20:00,1.50,-2.08,79.7,-3.95,-1.36
2026-06-20 19:30:00,1.50,-2.28,86.5,-3.61,-1.40
2026-06-20 19:40:00,1.49,-3.09,86.5,-3.18,-1.45
2026-06-20 19:50:00,1.49,-2.81,84.7,-3.17,-1.42
2026-06-20 20:00:00,1.49,-3.03,87.9,-3.68,-1.33
2026-06-20 20:10:00,1.49,-3.46,91.9,-3.56,-1.44
2026-06-20 20:20:00,1.49,-2.68,81.8,-3.80,-1.38
2026-06-20 20:30:00,1.50,-3.82,88.3,-3.94,-1.35
2026-06-20 20:40:00,1.49,-4.16,84.5,-4.22,-1.30
2026-06-20 20:50:00,1.48,-4.09,85.6,-3.86,-1.38
2026-06-20 21:00:00,1.49,-3.39,89.1,-4.27,-1.51
2026-06-20 21:10:00,1.48,-4.68,85.9,-4.10,-1.48
2026-06-20 21:20:00,1.48,-4.88,85.8,-4.23,-1.17
2026-06-20 21:30:00,1.49,-4.39,92.4,-4.15,-1.44
2026-06-20 21:40:00,1.48,-5.79,92.9,-4.04,-1.56
2026-06-20 21:50:00,1.48,-5.60,88.2,-4.67,-1.42
2026-06-20 22:00:00,1.49,-4.89,91.2,-4.49,-1.43
2026-06-20 22:10:00,1.48,-5.28,93.4,-4.76,-1.62
2026-06-20 22:20:00,1.48,-5.80,91.0,-4.48,-1.45
2026-06-20 22:30:00,1.48,-5.83,93.4,-4.34,-1.35
2026-06-20 22:40:00,1.49,-4.97,91.7,-5.26,-1.42
2026-06-20 22:50:00,1.48,-6.50,93.1,-4.54,-1.58
2026-06-20 23:00:00,1.48,-6.16,96.7,-5.18,-1.47
2026-06-20 23:10:00,1.48,-6.61,90.2,-4.83,-1.43
2026-06-20 23:20:00,1.48,-6.88,91.5,-5.14,-1.49
2026-06-20 23:30:00,1.47,-7.71,94.8,-4.93,-1.45
2026-06-20 23:40:00,1.47,-6.77,99.5,-4.80,-1.41
2026-06-20 23:50:00,1.48,-7.05,97.5,-4.68,-1.46
2026-06-21 00:00:00,1.48,-7.53,99.1,-4.77,-1.38
2026-06-21 00:10:00,1.48,-8.24,99.0,-5.77,-1.42
2026-06-21 00:20:00,1.48,-7.17,97.9,-5.26,-1.45
2026-06-21 00:30:00,1.48,-7.15,95.0,-4.94,-1.32
2026-06-21 00:40:00,1.48,-7.32,94.9,-4.72,-1.40
2026-06-21 00:50:00,1.47,-7.63,93.4,-5.29,-1.56
2026-06-21 01:00:00,1.47,-7.22,99.5,-5.86,-1.47
2026-06-21 01:10:00,1.47,-8.62,99.5,-5.40,-1.32
2026-06-21 01:20:00,1.47,-8.12,99.5,-5.78,-1.32
2026-06-21 01:30:00,1.47,-8.36,98.8,-5.42,-1.51
2026-06-21 01:40:00,1.48,-7.85,99.5,-5.58,-1.30
2026-06-21 01:50:00,1.48,-7.74,95.7,-5.76,-1.56
2026-06-21 02:00:00,1.47,-8.11,93.4,-5.07,-1.45
2026-06-21 02:10:00,1.47,-8.33,98.5,-5.58,-1.36
2026-06-21 02:20:00,1.48,-7.81,99.1,-5.81,-1.50
2026-06-21 02:30:00,1.47,-8.76,98.8,-5.43,-1.47
2026-06-21 02:40:00,1.47,-8.01,98.7,-5.34,-1.33
2026-06-21 02:50:00,1.47,-7.71,98.5,-5.31,-1.34
2026-06-21 03:00:00,1.48,-8.66,99.5,-5.58,-1.51
2026-06-21 03:10:00,1.47,-8.80,99.5,-5.43,-1.43
2026-06-21 03:20:00,1.47,-8.17,94.3,-5.56,-1.34
2026-06-21 03:30:00,1.48,-7.65,99.5,-5.80,-1.41
2026-06-21 03:40:00,1.47,-7.91,99.5,-5.56,-1.48
2026-06-21 03:50:00,1.47,-8.63,99.5,-5.60,-1.39
2026-06-21 04:00:00,1.48,-7.68,99.5,-5.54,-1.47
2026-06-21 04:10:00,1.48,-7.16,97.0,-5.66,-1.39
2026-06-21 04:20:00,1.47,-8.32,98.8,-5.54,-1.38
2026-06-21 04:30:00,1.47,-7.32,94.5,-5.39,-1.51
2026-06-21 04:40:00,1.47,-8.23,99.5,-5.75,-1.55
2026-06-21 04:50:00,1.47,-8.16,99.5,-5.49,-1.47
2026-06-21 05:00:00,1.47,-7.98,98.2,-5.50,-1.48
2026-06-21 05:10:00,1.47,-7.37,98.6,-5.38,-1.49
2026-06-21 05:20:00,1.47,-7.80,96.2,-5.35,-1.30
2026-06-21 05:30:00,1.47,-7.55,99.5,-5.19,-1.27
2026-06-21 05:40:00,1.47,-7.38,99.5,-5.42,-1.41
2026-06-21 05:50:00,1.48,-6.49,99.0,-5.58,-1.49
2026-06-21 06:00:00,1.48,-6.97,94.9,-5.17,-1.50
2026-06-21 06:10:00,1.47,-7.31,94.6,-5.47,-1.46
2026-06-21 06:20:00,1.48,-6.80,99.5,-5.03,-1.43
2026-06-21 06:30:00,1.47,-7.28,90.7,-5.06,-1.47
2026-06-21 06:40:00,1.48,-6.64,95.8,-4.71,-1.36
2026-06-21 06:50:00,1.48,-6.92,94.7,-4.56,-1.33
2026-06-21 07:00:00,1.48,-6.30,92.5,-4.30,-1.36
2026-06-21 07:10:00,1.48,-6.71,95.7,-4.16,-1.48
2026-06-21 07:20:00,1.48,-6.73,93.5,-4.47,-1.27
2026-06-21 07:30:00,1.48,-5.62,91.2,-4.61,-1.38
2026-06-21 07:40:00,1.48,-5.95,95.2,-4.71,-1.45
2026-06-21 07:50:00,1.48,-6.06,88.6,-4.44,-1.52
2026-06-21 08:00:00,1.49,-5.32,88.0,-4.53,-1.27
2026-06-21 08:10:00,1.48,-4.84,85.9,-4.28,-1.48
2026-06-21 08:20:00,1.48,-5.95,94.3,-4.01,-1.37
2026-06-21 08:30:00,1.48,-4.53,89.8,-4.42,-1.43
2026-06-21 08:40:00,1.49,-4.22,85.6,-4.08,-1.41
2026-06-21 08:50:00,1.48,-4.43,90.0,-4.50,-1.25
2026-06-21 09:00:00,1.49,-3.43,83.1,-3.75,-1.40
2026-06-21 09:10:00,1.49,-4.01,85.7,-3.93,-1.54
2026-06-21 09:20:00,1.49,-2.70,90.6,-3.79,-1.53
2026-06-21 09:30:00,1.49,-3.38,91.8,-3.60,-1.40
2026-06-21 09:40:00,1.49,-2.27,85.8,-3.92,-1.39
2026-06-21 09:50:00,1.48,-3.86,81.1,-3.52,-1.46
2026-06-21 10:00:00,1.50,-2.67,85.6,-3.78,-1.38
2026-06-21 10:10:00,1.49,-2.83,83.3,-3.33,-1.49
2026-06-21 10:20:00,1.50,-2.17,87.9,-3.56,-1.16
2026-06-21 10:30:00,1.50,-1.78,80.3,-3.14,-1.39
2026-06-21 10:40:00,1.49,-2.22,81.2,-3.57,-1.36
2026-06-21 10:50:00,1.49,-1.80,79.4,-3.87,-1.49
2026-06-21 11:00:00,1.49,-1.57,84.0,-3.31,-1.43
2026-06-21 11:10:00,1.49,-1.75,81.5,-3.00,-1.50
2026-06-21 11:20:00,1.50,-1.50,78.8,-2.92,-1.53
2026-06-21 11:30:00,1.50,-1.15,81.7,-3.05,-1.42
2026-06-21 11:40:00,1.50,-1.84,80.6,-3.47,-1.52
2026-06-21 11:50:00,1.49,-1.54,79.2,-3.49,-1.41
2026-06-21 12:00:00,1.49,-1.62,82.6,-2.89,-1.47
2026-06-21 12:10:00,1.50,-0.78,77.4,-2.58,-1.40
2026-06-21 12:20:00,1.50,-0.84,74.6,-2.90,-1.28
2026-06-21 12:30:00,1.50,-0.24,79.5,-2.53,-1.51
2026-06-21 12:40:00,1.50,-1.06,84.4,-2.81,-1.40
2026-06-21 12:50:00,1.50,-1.19,77.2,-2.43,-1.43
2026-06-21 13:00:00,1.51,0.32,75.6,-2.60,-1.46
2026-06-21 13:10:00,1.50,-1.00,78.3,-2.98,-1.46
2026-06-21 13:20:00,1.50,-0.20,76.9,-2.50,-1.48
2026-06-21 13:30:00,1.50,0.12,80.5,-3.00,-1.25
2026-06-21 13:40:00,1.50,-0.65,75.6,-2.49,-1.46
2026-06-21 13:50:00,1.50,-0.01,80.5,-2.78,-1.31
2026-06-21 14:00:00,1.49,-0.13,79.4,-2.21,-1.38
2026-06-21 14:10:00,1.51,0.41,75.9,-2.51,-1.37
2026-06-21 14:20:00,1.49,-0.37,70.8,-2.57,-1.39
2026-06-21 14:30:00,1.50,0.56,75.4,-2.98,-1.43
2026-06-21 14:40:00,1.50,-0.32,78.0,-2.30,-1.51
2026-06-21 14:50:00,1.50,0.41,76.3,-2.61,-1.42
2026-06-21 15:00:00,1.50,0.34,76.3,-2.14,-1.48
2026-06-21 15:10:00,1.50,0.51,75.1,-2.48,-1.55
2026-06-21 15:20:00,1.50,0.39,80.8,-2.55,-1.42
2026-06-21 15:30:00,1.50,-0.43,76.7,-2.18,-1.43
2026-06-21 15:40:00,1.50,0.21,74.9,-2.71,-1.46
2026-06-21 15:50:00,1.50,-0.20,74.5,-2.38,-1.62
2026-06-21 16:00:00,1.50,1.11,78.6,-2.26,-1.31
2026-06-21 16:10:00,1.50,0.18,74.6,-2.65,-1.37
2026-06-21 16:20:00,1.50,0.05,79.7,-2.76,-1.39
2026-06-21 16:30:00,1.50,-0.22,83.4,-2.48,-1.47
2026-06-21 16:40:00,1.50,0.13,76.6,-2.46,-1.41
2026-06-21 16:50:00,1.50,0.52,76.9,-2.92,-1.54
2026-06-21 17:00:00,1.50,-0.24,79.4,-2.67,-1.45
2026-06-21 17:10:00,1.51,-0.13,75.4,-2.78,-1.45
2026-06-21 17:20:00,1.50,-0.56,75.3,-3.16,-1.39
2026-06-21 17:30:00,1.50,-0.49,78.0,-3.00,-1.34
2026-06-21 17:40:00,1.50,-0.57,81.2,-3.42,-1.43
2026-06-21 17:50:00,1.49,-1.64,74.6,-2.70,-1.29
2026-06-21 18:00:00,1.49,-1.82,78.4,-3.04,-1.36
2026-06-21 18:10:00,1.50,-1.64,79.7,-3.28,-1.44
2026-06-21 18:20:00,1.50,-1.09,80.8,-3.02,-1.39
2026-06-21 18:30:00,1.50,-2.01,87.0,-3.42,-1.36
2026-06-21 18:40:00,1.49,-1.94,77.4,-3.52,-1.37
2026-06-21 18:50:00,1.49,-1.85,77.1,-3.23,-1.46
2026-06-21 19:00:00,1.49,-1.34,84.6,-3.55,-1.49
2026-06-21 19:10:00,1.50,-0.98,77.6,-3.50,-1.29
2026-06-21 19:20:00,1.48,-2.47,81.3,-3.68,-1.55
2026-06-21 19:30:00,1.49,-2.65,84.8,-3.55,-1.50
2026-06-21 19:40:00,1.49,-2.42,84.1,-3.76,-1.30
2026-06-21 19:50:00,1.49,-2.72,83.6,-3.69,-1.36
2026-06-21 20:00:00,1.48,-3.41,89.0,-3.76,-1.45
2026-06-21 20:10:00,1.49,-2.13,87.6,-3.68,-1.44
2026-06-21 20:20:00,1.49,-2.46,85.6,-3.83,-1.36
2026-06-21 20:30:00,1.48,-3.40,84.8,-4.06,-1.42
2026-06-21 20:40:00,1.48,-3.74,83.7,-4.29,-1.43
2026-06-21 20:50:00,1.48,-3.78,91.5,-4.10,-1.44
2026-06-21 21:00:00,1.48,-4.32,92.9,-4.03,-1.43
2026-06-21 21:10:00,1.49,-4.25,92.9,-4.30,-1.32
2026-06-21 21:20:00,1.48,-4.59,95.9,-3.98,-1.32
2026-06-21 21:30:00,1.48,-5.04,90.7,-4.31,-1.64
2026-06-21 21:40:00,1.48,-5.87,90.6,-4.43,-1.41
2026-06-21 21:50:00,1.48,-5.07,96.2,-4.87,-1.50
2026-06-21 22:00:00,1.48,-4.66,90.0,-4.39,-1.35
2026-06-21 22:10:00,1.48,-4.86,92.3,-4.54,-1.44
2026-06-21 22:20:00,1.47,-5.36,91.7,-4.46,-1.27
2026-06-21 22:30:00,1.48,-5.44,83.8,-4.80,-1.42
2026-06-21 22:40:00,1.48,-5.56,90.5,-4.87,-1.55
2026-06-21 22:50:00,1.48,-5.13,95.9,-4.84,-1.43
2026-06-21 23:00:00,1.47,-6.54,93.5,-4.91,-1.37
2026-06-21 23:10:00,1.47,-6.53,94.0,-4.49,-1.54
2026-06-21 23:20:00,1.47,-6.50,95.2,-4.84,-1.46
2026-06-21 23:30:00,1.47,-7.26,95.2,-4.97,-1.44
2026-06-21 23:40:00,1.47,-6.94,97.6,-4.72,-1.37
2026-06-21 23:50:00,1.47,-7.25,89.0,-4.74,-1.34
2026-06-22 00:00:00,1.47,-7.21,98.7,-5.28,-1.33
2026-06-22 00:10:00,1.47,-7.64,97.4,-5.32,-1.46
2026-06-22 00:20:00,1.47,-6.68,98.2,-5.17,-1.44
2026-06-22 00:30:00,1.47,-7.90,99.5,-4.95,-1.41
2026-06-22 00:40:00,1.47,-7.35,96.8,-5.02,-1.38
2026-06-22 00:50:00,1.47,-7.09,98.4,-4.93,-1.46
2026-06-22 01:00:00,1.47,-7.13,96.0,-5.25,-1.44
2026-06-22 01:10:00,1.47,-8.12,97.3,-5.56,-1.48
2026-06-22 01:20:00,1.46,-8.24,97.9,-4.90,-1.43
2026-06-22 01:30:00,1.47,-7.32,95.0,-5.34,-1.49
2026-06-22 01:40:00,1.47,-7.10,93.6,-5.68,-1.42
2026-06-22 01:50:00,1.47,-7.94,97.7,-5.58,-1.46
2026-06-22 02:00:00,1.47,-8.31,99.5,-5.25,-1.21
2026-06-22 02:10:00,1.46,-8.60,99.5,-5.16,-1.32
2026-06-22 02:20:00,1.46,-7.97,94.0,-5.47,-1.32
2026-06-22 02:30:00,1.46,-8.22,99.5,-5.49,-1.40
2026-06-22 02:40:00,1.46,-9.37,92.1,-5.85,-1.38
2026-06-22 02:50:00,1.46,-8.26,99.5,-5.60,-1.34
2026-06-22 03:00:00,1.47,-7.70,95.4,-5.50,-1.44
2026-06-22 03:10:00,1.47,-8.63,96.8,-5.65,-1.57
2026-06-22 03:20:00,1.46,-8.70,99.5,-5.31,-1.37
2026-06-22 03:30:00,1.47,-7.97,99.5,-5.52,-1.52
2026-06-22 03:40:00,1.47,-8.08,99.5,-5.15,-1.46
2026-06-22 03:50:00,1.47,-7.40,97.6,-5.37,-1.35
2026-06-22 04:00:00,1.46,-9.06,96.6,-5.38,NaN
2026-06-22 04:10:00,1.46,-8.43,99.4,-4.98,-1.42
2026-06-22 04:20:00,1.47,-7.91,98.3,-5.37,-1.41
2026-06-22 04:30:00,1.47,-7.46,96.7,-5.39,-1.35
2026-06-22 04:40:00,1.47,-6.98,94.4,-5.30,-1.41
2026-06-22 04:50:00,1.47,-7.74,98.9,-5.20,-1.26
2026-06-22 05:00:00,1.46,-7.36,94.4,-5.15,-1.49
2026-06-22 05:10:00,1.46,-8.01,99.5,-4.78,-1.39
2026-06-22 05:20:00,1.47,-7.26,99.5,-5.02,-1.36
2026-06-22 05:30:00,1.46,-8.12,95.6,-5.20,-1.30
2026-06-22 05:40:00,1.47,-7.15,98.2,-5.30,-1.36
2026-06-22 05:50:00,1.47,-7.61,94.3,-5.10,-1.46
2026-06-22 06:00:00,1.47,-6.62,92.9,-4.95,-1.32
2026-06-22 06:10:00,1.47,-6.69,91.7,-4.90,-1.40
2026-06-22 06:20:00,1.47,-6.68,94.5,-4.63,-1.48
2026-06-22 06:30:00,1.47,-6.72,95.1,-4.51,-1.60
2026-06-22 06:40:00,1.47,-5.27,92.2,-5.03,-1.40
2026-06-22 06:50:00,1.47,-6.47,90.7,-4.73,-1.28
2026-06-22 07:00:00,1.48,-4.46,91.2,-4.81,-1.38
2026-06-22 07:10:00,1.47,-6.41,89.4,-4.73,-1.39
2026-06-22 07:20:00,1.47,-5.96,95.5,-4.62,-1.36
2026-06-22 07:30:00,1.47,-5.19,84.8,-4.54,-1.39
2026-06-22 07:40:00,1.47,-5.76,92.0,-4.14,-1.55
2026-06-22 07:50:00,1.47,-5.27,94.4,-4.65,-1.36
2026-06-22 08:00:00,1.48,-5.48,88.4,-4.65,-1.37
2026-06-22 08:10:00,1.48,-4.67,87.3,-3.95,-1.35
2026-06-22 08:20:00,1.48,-4.98,88.6,-4.12,-1.36
2026-06-22 08:30:00,1.48,-4.04,92.2,-4.09,-1.26
2026-06-22 08:40:00,1.48,-4.32,87.2,-4.26,-1.34
2026-06-22 08:50:00,1.48,-4.66,87.5,-4.08,-1.36
2026-06-22 09:00:00,1.48,-4.81,90.8,-4.23,-1.35
2026-06-22 09:10:00,1.48,-3.78,82.9,-3.99,-1.50
2026-06-22 09:20:00,1.49,-2.77,89.0,-3.72,-1.37
2026-06-22 09:30:00,1.48,-3.05,85.8,-3.95,-1.39
2026-06-22 09:40:00,1.48,-2.33,86.0,-3.96,-1.37
2026-06-22 09:50:00,1.48,-2.78,77.8,-3.57,-1.43
2026-06-22 10:00:00,1.49,-2.53,84.6,-3.46,-1.54
2026-06-22 10:10:00,1.48,-2.41,84.7,-3.65,-1.42
2026-06-22 10:20:00,1.49,-2.34,84.6,-3.63,-1.37
2026-06-22 10:30:00,1.49,-2.19,80.1,-3.46,-1.42
2026-06-22 10:40:00,1.49,-2.61,79.4,-3.31,-1.34
2026-06-22 10:50:00,1.49,-1.92,88.8,-3.75,-1.56
2026-06-22 11:00:00,1.49,-1.86,82.4,-3.55,-1.29
2026-06-22 11:10:00,1.49,-1.53,82.6,-3.56,-1.51
2026-06-22 11:20:00,1.49,-1.67,85.2,-2.66,-1.29
2026-06-22 11:30:00,1.48,-1.79,81.8,-3.38,-1.47
2026-06-22 11:40:00,1.49,-1.41,82.4,-3.14,-1.35
2026-06-22 11:50:00,1.49,-1.71,75.2,-3.17,-1.43
2026-06-22 12:00:00,1.48,-2.20,78.8,-3.31,-1.43
2026-06-22 12:10:00,1.49,-1.10,78.4,-2.62,-1.39
2026-06-22 12:20:00,1.49,-1.04,83.2,-3.02,-1.40
2026-06-22 12:30:00,1.49,-0.73,82.7,-2.95,-1.35
2026-06-22 12:40:00,1.49,0.02,80.0,-2.64,-1.24
2026-06-22 12:50:00,1.49,-0.82,79.8,-2.63,-1.33
2026-06-22 13:00:00,1.49,-0.29,79.4,-2.54,-1.29
2026-06-22 13:10:00,1.50,-0.72,77.7,-2.99,-1.38
2026-06-22 13:20:00,1.49,0.23,82.1,-2.66,-1.36
2026-06-22 13:30:00,1.49,-0.15,76.7,-2.58,-1.39
2026-06-22 13:40:00,1.50,0.43,74.2,-2.55,-1.34
2026-06-22 13:50:00,1.49,0.07,82.9,-2.39,-1.29
2026-06-22 14:00:00,1.50,0.49,74.9,-2.43,-1.37
2026-06-22 14:10:00,1.50,0.82,81.3,-2.26,-1.36
2026-06-22 14:20:00,1.49,-0.11,78.7,-2.62,-1.42
2026-06-22 14:30:00,1.50,0.20,82.6,-2.18,-1.48
2026-06-22 14:40:00,1.50,0.01,75.3,-2.52,-1.41
2026-06-22 14:50:00,1.49,0.15,76.3,-2.69,-1.29
2026-06-22 15:00:00,1.49,0.14,80.0,-2.70,-1.35
2026-06-22 15:10:00,1.50,0.06,76.7,-2.57,-1.26
2026-06-22 15:20:00,1.49,0.22,73.1,-2.60,-1.43
2026-06-22 15:30:00,1.50,0.25,75.0,-2.58,-1.44
2026-06-22 15:40:00,1.50,0.02,79.8,-2.82,-1.47
2026-06-22 15:50:00,1.50,0.17,80.6,-2.25,-1.46
2026-06-22 16:00:00,1.49,-0.29,75.1,-2.85,-1.40
2026-06-22 16:10:00,1.49,-0.47,76.8,-2.59,-1.31
2026-06-22 16:20:00,1.49,-0.61,77.0,-2.59,-1.37
2026-06-22 16:30:00,1.49,0.43,76.6,-2.64,-1.34
2026-06-22 16:40:00,1.49,0.18,78.0,-2.69,-1.43
2026-06-22 16:50:00,1.50,-0.12,77.2,-2.66,-1.47
2026-06-22 17:00:00,1.49,-0.24,77.2,-2.79,-1.29
2026-06-22 17:10:00,1.49,-0.14,78.6,-2.39,-1.52
2026-06-22 17:20:00,1.49,-0.64,82.0,-2.86,-1.24
2026-06-22 17:30:00,1.49,-0.27,74.8,-2.88,-1.42
2026-06-22 17:40:00,1.49,0.06,72.6,-2.95,-1.35
2026-06-22 17:50:00,1.49,-1.44,81.1,-3.16,-1.48
2026-06-22 18:00:00,1.49,-0.94,80.2,-3.15,-1.37
2026-06-22 18:10:00,1.49,-0.99,82.9,-3.15,-1.33
2026-06-22 18:20:00,1.48,-2.38,84.6,-2.88,-1.41
2026-06-22 18:30:00,1.49,-1.39,87.9,-3.01,-1.48
2026-06-22 18:40:00,1.48,-0.95,83.6,-3.04,-1.36
2026-06-22 18:50:00,1.49,-1.37,80.7,-3.44,-1.34
2026-06-22 19:00:00,1.48,-2.28,81.7,-3.32,-1.40
2026-06-22 19:10:00,1.48,-2.42,80.6,-3.50,-1.37
2026-06-22 19:20:00,1.48,-2.30,84.4,-3.56,-1.49
2026-06-22 19:30:00,1.48,-3.01,84.6,-3.31,-1.37
2026-06-22 19:40:00,1.49,-2.27,86.2,-3.58,-1.39
2026-06-22 19:50:00,1.49,-2.18,81.0,-3.40,-1.51
2026-06-22 20:00:00,1.48,-2.53,84.2,-3.47,-1.32
2026-06-22 20:10:00,1.48,-3.22,83.4,-3.83,-1.34
2026-06-22 20:20:00,1.48,-3.45,84.0,-4.00,-1.20
2026-06-22 20:30:00,1.47,-4.20,89.5,-3.32,-1.24
2026-06-22 20:40:00,1.48,-3.83,86.3,-3.78,-1.46
2026-06-22 20:50:00,1.49,-3.16,86.6,-4.00,-1.29
2026-06-22 21:00:00,1.47,-4.35,89.7,-4.05,-1.31
2026-06-22 21:10:00,1.48,-4.28,89.0,-4.19,-1.26
2026-06-22 21:20:00,1.48,-4.48,91.2,-4.39,-1.32
2026-06-22 21:30:00,1.47,-4.69,92.4,-4.24,-1.39
2026-06-22 21:40:00,1.47,-4.30,87.4,-3.69,-1.35
2026-06-22 21:50:00,1.47,-5.23,89.9,-4.30,-1.44
2026-06-22 22:00:00,1.47,-5.41,90.6,-4.64,-1.28
2026-06-22 22:10:00,1.47,-5.24,93.0,-4.37,-1.41
2026-06-22 22:20:00,1.47,-4.88,96.3,-4.32,-1.37
2026-06-22 22:30:00,1.47,-4.97,90.9,-4.33,-1.41
2026-06-22 22:40:00,1.48,-5.69,99.1,-4.93,-1.41
2026-06-22 22:50:00,1.46,-6.12,94.1,-4.86,-1.53
2026-06-22 23:00:00,1.47,-6.39,92.9,-4.96,-1.38
2026-06-22 23:10:00,1.47,-6.18,94.1,-4.32,-1.31
2026-06-22 23:20:00,1.46,-6.89,91.9,-4.63,-1.58
2026-06-22 23:30:00,1.46,-6.55,92.2,-4.91,-1.43
2026-06-22 23:40:00,1.47,-6.79,97.1,-4.82,-1.31
2026-06-22 23:50:00,1.46,-7.42,96.6,-4.86,-1.48
2026-06-23 00:00:00,1.46,-7.01,99.5,-5.28,-1.44
2026-06-23 00:10:00,1.46,-6.77,94.2,-5.11,-1.46
2026-06-23 00:20:00,1.46,-7.32,95.8,-4.79,-1.34
2026-06-23 00:30:00,1.47,-7.18,96.2,-5.20,-1.39
2026-06-23 00:40:00,1.47,-7.00,99.5,-5.32,-1.38
2026-06-23 00:50:00,1.46,-7.15,97.1,-5.41,-1.41
2026-06-23 01:00:00,1.46,-7.48,92.2,-5.09,-1.43
2026-06-23 01:10:00,1.46,-7.51,97.5,-5.04,-1.46
2026-06-23 01:20:00,1.46,-8.13,97.0,-5.09,-1.51
2026-06-23 01:30:00,1.47,-7.09,93.1,-4.90,-1.58
2026-06-23 01:40:00,1.46,-7.87,96.5,-5.28,-1.39
2026-06-23 01:50:00,1.46,-8.02,95.6,-5.12,-1.34
2026-06-23 02:00:00,1.46,-7.87,95.4,-5.51,-1.24
2026-06-23 02:10:00,1.46,-8.28,96.7,-5.36,-1.34
2026-06-23 02:20:00,1.46,-8.01,95.8,-5.50,-1.34
2026-06-23 02:30:00,1.46,-8.37,99.5,-5.48,-1.49
2026-06-23 02:40:00,1.45,-8.53,96.3,-5.65,-1.41
2026-06-23 02:50:00,1.46,-8.08,96.9,-5.62,-1.39
2026-06-23 03:00:00,1.46,-7.82,95.6,-5.57,-1.29
2026-06-23 03:10:00,1.46,-7.59,95.4,-5.51,-1.42
2026-06-23 03:20:00,1.46,-7.61,99.5,-5.61,-1.26
2026-06-23 03:30:00,1.46,-8.38,99.5,-5.34,-1.41
2026-06-23 03:40:00,1.46,-9.04,89.6,-5.29,-1.30
2026-06-23 03:50:00,1.46,-8.21,96.6,-5.63,-1.33
2026-06-23 04:00:00,1.46,-7.62,95.2,-5.69,-1.42
2026-06-23 04:10:00,1.46,-8.26,97.2,-5.19,-1.40
2026-06-23 04:20:00,1.46,-7.11,92.5,-5.24,-1.34
2026-06-23 04:30:00,1.46,-6.79,97.5,-5.01,-1.42
2026-06-23 04:40:00,1.46,-7.10,99.5,-5.00,-1.39
2026-06-23 04:50:00,1.45,-7.94,99.5,-5.36,-1.39
2026-06-23 05:00:00,1.46,-7.72,99.5,-5.12,-1.45
2026-06-23 05:10:00,1.46,-7.59,95.7,-5.12,-1.39
2026-06-23 05:20:00,1.46,-7.40,99.5,-5.60,-1.43
2026-06-23 05:30:00,1.46,-7.31,95.5,-5.16,-1.19
2026-06-23 05:40:00,1.46,-6.66,99.5,-5.33,-1.29
2026-06-23 05:50:00,1.46,-7.57,96.8,-5.39,-1.47
2026-06-23 06:00:00,1.46,-6.99,97.7,-4.65,-1.46
2026-06-23 06:10:00,1.47,-6.93,99.5,-4.97,-1.34
2026-06-23 06:20:00,1.46,-7.27,88.8,-4.48,-1.24
2026-06-23 06:30:00,1.47,-6.52,94.6,-4.89,-1.39
2026-06-23 06:40:00,1.47,-6.07,95.1,-4.63,-1.35
2026-06-23 06:50:00,1.46,-5.72,92.4,-4.58,-1.53
2026-06-23 07:00:00,1.47,-4.98,99.5,-4.50,-1.35
2026-06-23 07:10:00,1.46,-6.03,92.0,-4.40,-1.29
2026-06-23 07:20:00,1.47,-5.28,88.7,-4.82,-1.43
2026-06-23 07:30:00,1.47,-5.20,92.3,-4.75,-1.44
2026-06-23 07:40:00,1.47,-5.37,90.9,-4.42,-1.55
2026-06-23 07:50:00,1.47,-5.51,86.7,-4.63,-1.43
2026-06-23 08:00:00,1.47,-4.89,92.4,-4.69,-1.34
2026-06-23 08:10:00,1.47,-4.47,87.2,-3.86,-1.39
2026-06-23 08:20:00,1.47,-5.45,94.2,-4.66,-1.50
2026-06-23 08:30:00,1.47,-4.86,84.7,-4.34,-1.35
2026-06-23 08:40:00,1.47,-4.28,89.2,-4.23,-1.39
2026-06-23 08:50:00,1.48,-3.73,86.6,-3.76,-1.30
2026-06-23 09:00:00,1.48,-3.09,81.8,-3.87,-1.38
2026-06-23 09:10:00,1.48,-3.42,86.6,-3.52,-1.41
2026-06-23 09:20:00,1.48,-3.32,86.4,-3.83,-1.41
2026-06-23 09:30:00,1.48,-3.53,90.3,-3.67,-1.33
2026-06-23 09:40:00,1.48,-2.75,83.7,-3.19,-1.37
2026-06-23 09:50:00,1.47,-3.08,86.5,-3.58,-1.42
2026-06-23 10:00:00,1.48,-2.65,81.7,-3.53,-1.40
2026-06-23 10:10:00,1.48,-2.97,87.4,-3.27,-1.49
2026-06-23 10:20:00,1.48,-2.54,79.8,-3.01,-1.41
2026-06-23 10:30:00,1.48,-2.20,86.1,-2.90,-1.38
2026-06-23 10:40:00,1.48,-1.58,82.9,-3.48,-1.52
2026-06-23 10:50:00,1.48,-1.99,83.4,-3.39,-1.32
2026-06-23 11:00:00,1.48,-2.67,85.1,-3.07,-1.32
2026-06-23 11:10:00,1.48,-2.46,80.6,-2.81,-1.41
2026-06-23 11:20:00,1.47,-2.31,77.4,-2.80,-1.45
2026-06-23 11:30:00,1.48,-1.70,81.8,-3.33,-1.44
2026-06-23 11:40:00,1.48,-1.41,81.4,-3.16,-1.52
2026-06-23 11:50:00,1.48,-1.86,79.5,-2.59,-1.37
2026-06-23 12:00:00,1.49,-0.84,80.0,-2.97,-1.53
2026-06-23 12:10:00,1.49,-0.20,80.5,-2.81,-1.34
2026-06-23 12:20:00,1.48,-1.75,81.6,-3.03,-1.49
2026-06-23 12:30:00,1.49,-0.60,78.2,-2.72,-1.42
2026-06-23 12:40:00,1.49,0.03,79.8,-2.49,-1.41
2026-06-23 12:50:00,1.48,-0.33,71.6,-2.65,-1.35
2026-06-23 13:00:00,1.48,-0.70,77.9,-2.72,-1.26
2026-06-23 13:10:00,1.49,-0.42,81.0,-2.86,-1.31
2026-06-23 13:20:00,1.48,-0.88,73.6,-2.61,-1.33
2026-06-23 13:30:00,1.49,0.43,79.2,-2.41,-1.38
2026-06-23 13:40:00,1.48,0.16,75.5,-2.62,-1.20
2026-06-23 13:50:00,1.48,-0.49,78.4,-2.49,-1.40
2026-06-23 14:00:00,1.49,0.60,74.6,-2.36,-1.48
2026-06-23 14:10:00,1.49,0.70,75.8,-2.22,-1.57
2026-06-23 14:20:00,1.49,0.33,79.1,-2.41,-1.39
2026-06-23 14:30:00,1.48,-0.01,76.4,-2.04,-1.48
2026-06-23 14:40:00,1.49,-0.06,78.3,-2.03,-1.27
2026-06-23 14:50:00,1.49,0.67,84.3,-2.22,-1.38
2026-06-23 15:00:00,1.49,0.53,77.5,-2.04,-1.52
2026-06-23 15:10:00,1.49,-0.03,78.8,-2.27,-1.32
2026-06-23 15:20:00,1.49,0.58,78.6,-2.26,-1.28
2026-06-23 15:30:00,1.49,0.55,74.2,-2.07,-1.37
2026-06-23 15:40:00,1.48,-0.11,85.5,-2.23,-1.51
2026-06-23 15:50:00,1.49,0.91,78.2,-2.78,-1.38
2026-06-23 16:00:00,1.48,-0.36,75.5,-2.49,-1.20
2026-06-23 16:10:00,1.49,0.38,78.2,-2.67,-1.39
2026-06-23 16:20:00,1.48,0.27,83.0,-2.54,-1.39
2026-06-23 16:30:00,1.49,0.85,81.5,-2.74,-1.24
2026-06-23 16:40:00,1.49,-0.06,78.3,-2.66,-1.44
2026-06-23 16:50:00,1.49,0.04,84.6,-2.48,-1.33
2026-06-23 17:00:00,1.49,0.92,80.8,-2.81,-1.36
2026-06-23 17:10:00,1.49,0.21,77.0,-2.63,-1.48
2026-06-23 17:20:00,1.49,-0.72,75.9,-2.70,-1.38
2026-06-23 17:30:00,1.48,-1.15,80.2,-3.31,-1.50
2026-06-23 17:40:00,1.49,0.24,77.8,-2.57,-1.27
2026-06-23 17:50:00,1.48,-1.01,79.8,-2.82,-1.35
2026-06-23 18:00:00,1.48,-0.98,77.4,-2.68,-1.30
2026-06-23 18:10:00,1.47,-1.91,81.7,-3.14,-1.35
2026-06-23 18:20:00,1.48,-1.20,76.2,-2.94,-1.43
2026-06-23 18:30:00,1.49,-0.07,85.6,-2.99,-1.53
2026-06-23 18:40:00,1.48,-1.90,81.3,-2.86,-1.44
2026-06-23 18:50:00,1.48,-1.42,83.7,-3.52,-1.28
2026-06-23 19:00:00,1.49,-2.13,82.5,-3.20,-1.39
2026-06-23 19:10:00,1.48,-1.71,77.4,-3.40,-1.46
2026-06-23 19:20:00,1.47,-2.55,87.1,-3.80,-1.27
2026-06-23 19:30:00,1.48,-1.39,78.6,-3.34,-1.46
2026-06-23 19:40:00,1.47,-3.13,87.7,-3.57,-1.44
2026-06-23 19:50:00,1.47,-3.09,79.0,-3.68,-1.31
2026-06-23 20:00:00,1.47,-3.33,92.0,-3.30,-1.25
2026-06-23 20:10:00,1.48,-3.02,92.7,-3.84,-1.31
2026-06-23 20:20:00,1.48,-2.85,89.8,-3.62,-1.44
2026-06-23 20:30:00,1.47,-2.90,86.6,-3.83,-1.47
2026-06-23 20:40:00,1.47,-4.30,86.0,-3.74,-1.31
2026-06-23 20:50:00,1.47,-3.99,84.1,-3.72,-1.45
2026-06-23 21:00:00,1.47,-4.13,88.8,-4.24,-1.32
2026-06-23 21:10:00,1.47,-4.24,90.0,-4.40,-1.24
2026-06-23 21:20:00,1.47,-4.62,83.4,-3.97,-1.45
2026-06-23 21:30:00,1.47,-4.41,86.3,-3.92,-1.31
2026-06-23 21:40:00,1.47,-5.20,92.9,-3.99,-1.30
2026-06-23 21:50:00,1.46,-5.44,90.5,-3.91,-1.45
2026-06-23 22:00:00,1.46,-5.06,91.0,-4.73,-1.38
2026-06-23 22:10:00,1.46,-6.77,94.1,-4.56,-1.25
2026-06-23 22:20:00,1.47,-5.78,96.2,-4.29,-1.42
2026-06-23 22:30:00,1.46,-5.57,97.1,-4.86,-1.31
2026-06-23 22:40:00,1.47,-4.71,92.0,-4.83,NaN
2026-06-23 22:50:00,1.46,-5.82,93.5,-4.37,-1.38
2026-06-23 23:00:00,1.46,-6.32,93.6,-4.97,-1.41
2026-06-23 23:10:00,1.46,-6.82,90.5,-4.60,-1.46
2026-06-23 23:20:00,1.45,-6.71,97.4,-4.37,-1.46
2026-06-23 23:30:00,1.46,-5.79,90.9,-4.97,-1.32
2026-06-23 23:40:00,1.46,-6.45,92.6,-4.89,-1.29
2026-06-23 23:50:00,1.45,-6.75,99.1,-5.00,-1.36
2026-06-24 00:00:00,1.45,-7.41,98.3,-4.94,-1.44
2026-06-24 00:10:00,1.46,-6.66,96.4,-4.85,-1.40
2026-06-24 00:20:00,1.46,-7.14,93.8,-5.24,-1.41
2026-06-24 00:30:00,1.45,-7.74,99.5,-5.07,-1.37
2026-06-24 00:40:00,1.46,-7.00,96.7,-5.26,-1.30
2026-06-24 00:50:00,1.45,-8.28,92.3,-5.29,-1.32
2026-06-24 01:00:00,1.46,-7.39,95.5,-5.48,-1.42
2026-06-24 01:10:00,1.45,-8.53,99.5,-5.16,-1.31
2026-06-24 01:20:00,1.46,-7.69,99.5,-5.21,-1.44
2026-06-24 01:30:00,1.45,-7.26,97.8,-5.27,-1.45
2026-06-24 01:40:00,1.45,-7.53,96.1,-5.54,-1.48
2026-06-24 01:50:00,1.45,-8.20,99.5,-5.49,-1.43
2026-06-24 02:00:00,1.46,-8.28,96.0,-5.49,-1.51
2026-06-24 02:10:00,1.46,-7.35,98.3,-5.21,-1.36
2026-06-24 02:20:00,1.45,-8.14,96.6,-5.11,-1.42
2026-06-24 02:30:00,1.45,-8.28,99.5,-5.37,-1.42
2026-06-24 02:40:00,1.45,-8.17,99.4,-5.49,-1.40
2026-06-24 02:50:00,1.45,-7.87,95.8,-5.35,-1.49
2026-06-24 03:00:00,1.45,-8.78,99.5,-5.08,-1.40
2026-06-24 03:10:00,1.45,-9.13,95.7,-5.50,-1.34
2026-06-24 03:20:00,1.45,-8.20,97.4,-5.03,-1.37
2026-06-24 03:30:00,1.45,-8.03,98.0,-5.32,-1.32
2026-06-24 03:40:00,1.45,-7.91,99.3,-5.58,-1.42
2026-06-24 03:50:00,1.46,-7.72,97.6,-5.16,-1.23
2026-06-24 04:00:00,1.45,-8.75,93.7,-5.35,-1.40
2026-06-24 04:10:00,1.45,-7.55,95.6,-4.92,-1.42
2026-06-24 04:20:00,1.45,-7.80,99.5,-5.39,-1.27
2026-06-24 04:30:00,1.45,-7.62,94.2,-5.09,-1.42
2026-06-24 04:40:00,1.45,-7.92,99.5,-5.66,-1.37
2026-06-24 04:50:00,1.45,-7.77,99.5,-5.33,-1.36
2026-06-24 05:00:00,1.45,-8.24,98.4,-5.55,-1.30
2026-06-24 05:10:00,1.46,-6.88,94.0,-5.02,-1.33
2026-06-24 05:20:00,1.45,-7.66,97.5,-5.12,-1.35
2026-06-24 05:30:00,1.45,-6.85,98.6,-4.84,-1.26
2026-06-24 05:40:00,1.46,-6.54,92.9,-4.83,-1.37
2026-06-24 05:50:00,1.46,-7.14,92.7,-4.58,-1.46
2026-06-24 06:00:00,1.46,-6.86,97.3,-4.86,-1.36
2026-06-24 06:10:00,1.46,-6.89,97.6,-4.97,-1.45
2026-06-24 06:20:00,1.45,-7.64,95.9,-4.51,-1.37
2026-06-24 06:30:00,1.46,-6.54,86.9,-4.88,-1.22
2026-06-24 06:40:00,1.46,-5.89,89.7,-4.83,-1.42
2026-06-24 06:50:00,1.46,-6.22,97.3,-4.63,-1.34
2026-06-24 07:00:00,1.46,-7.26,90.3,-4.20,-1.38
2026-06-24 07:10:00,1.46,-5.39,97.4,-4.39,-1.41
2026-06-24 07:20:00,1.47,-5.38,88.7,-4.93,-1.47
2026-06-24 07:30:00,1.47,-4.72,89.7,-4.27,-1.27
2026-06-24 07:40:00,1.46,-6.38,97.7,-4.39,-1.43
2026-06-24 07:50:00,1.46,-5.72,93.3,-4.32,-1.47
2026-06-24 08:00:00,1.46,-5.22,94.5,-4.44,-1.48
2026-06-24 08:10:00,1.46,-5.41,89.4,-3.63,-1.39
2026-06-24 08:20:00,1.47,-4.12,94.6,-3.89,-1.32
2026-06-24 08:30:00,1.46,-4.67,90.5,-4.46,-1.56
2026-06-24 08:40:00,1.46,-4.30,92.3,-4.10,-1.46
2026-06-24 08:50:00,1.47,-3.86,88.2,-4.05,-1.36
2026-06-24 09:00:00,1.46,-4.31,92.0,-4.14,-1.33
2026-06-24 09:10:00,1.47,-3.88,87.6,-3.63,-1.46
2026-06-24 09:20:00,1.47,-4.04,87.1,-3.70,-1.37
2026-06-24 09:30:00,1.47,-2.79,91.5,-3.76,-1.36
2026-06-24 09:40:00,1.47,-3.22,89.4,-3.53,-1.41
2026-06-24 09:50:00,1.47,-3.50,88.6,-3.62,-1.38
2026-06-24 10:00:00,1.47,-2.64,85.1,-3.46,-1.29
2026-06-24 10:10:00,1.47,-2.81,85.6,-3.71,-1.27
2026-06-24 10:20:00,1.47,-2.19,87.6,-3.45,-1.43
2026-06-24 10:30:00,1.48,-2.27,87.2,-3.78,-1.40
2026-06-24 10:40:00,1.47,-2.20,87.6,-3.50,-1.29
2026-06-24 10:50:00,1.47,-2.48,83.8,-3.18,-1.25
2026-06-24 11:00:00,1.48,-1.20,81.5,-3.22,-1.20
2026-06-24 11:10:00,1.47,-2.04,83.8,-2.99,-1.45
2026-06-24 11:20:00,1.47,-1.28,82.9,-2.84,-1.27
2026-06-24 11:30:00,1.48,-1.62,81.1,-3.02,-1.40
2026-06-24 11:40:00,1.48,-0.77,84.1,-2.67,-1.45
2026-06-24 11:50:00,1.47,-1.64,80.8,-3.47,-1.23
2026-06-24 12:00:00,1.48,-0.78,77.5,-2.92,-1.27
2026-06-24 12:10:00,1.47,-1.02,78.6,-2.84,-1.45
2026-06-24 12:20:00,1.48,-0.37,76.8,-2.80,-1.33
2026-06-24 12:30:00,1.49,-0.46,77.9,-2.66,-1.36
2026-06-24 12:40:00,1.48,-0.81,76.7,-2.51,-1.38
2026-06-24 12:50:00,1.48,0.10,81.4,-2.63,-1.46
2026-06-24 13:00:00,1.48,-0.67,80.0,-2.38,-1.40
2026-06-24 13:10:00,1.48,-0.26,74.8,-2.86,-1.40
2026-06-24 13:20:00,1.48,0.22,75.3,-2.47,-1.29
2026-06-24 13:30:00,1.48,-0.43,79.4,-3.01,-1.44
2026-06-24 13:40:00,1.48,-0.69,80.5,-2.39,-1.28
2026-06-24 13:50:00,1.48,0.75,76.0,-2.51,-1.24
2026-06-24 14:00:00,1.48,0.32,74.0,-2.62,-1.38
2026-06-24 14:10:00,1.48,0.28,78.6,-2.93,-1.32
2026-06-24 14:20:00,1.48,-0.18,79.3,-2.23,-1.21
2026-06-24 14:30:00,1.49,0.78,79.3,-2.60,-1.35
2026-06-24 14:40:00,1.48,0.54,79.5,-2.41,-1.35
2026-06-24 14:50:00,1.49,0.73,77.0,-2.70,-1.42
2026-06-24 15:00:00,1.48,0.43,78.3,-2.67,-1.30
2026-06-24 15:10:00,1.48,-0.10,76.5,-2.04,-1.34
2026-06-24 15:20:00,1.48,0.28,80.3,-2.09,-1.42
2026-06-24 15:30:00,1.48,0.57,74.4,-2.17,-1.36
2026-06-24 15:40:00,1.48,0.16,76.6,-2.55,-1.43
2026-06-24 15:50:00,1.48,0.02,81.5,-2.59,-1.28
2026-06-24 16:00:00,1.48,0.02,73.7,-2.53,-1.31
2026-06-24 16:10:00,1.48,-0.16,78.2,-2.79,-1.14
2026-06-24 16:20:00,1.47,-0.75,75.2,-2.06,-1.26
2026-06-24 16:30:00,1.48,0.24,72.6,-2.33,-1.46
2026-06-24 16:40:00,1.48,-0.05,81.4,-2.18,-1.43
2026-06-24 16:50:00,1.48,-0.41,77.6,-2.41,NaN
2026-06-24 17:00:00,1.48,-0.10,81.6,-2.63,-1.40
2026-06-24 17:10:00,1.48,-0.45,78.4,-2.50,-1.37
2026-06-24 17:20:00,1.48,0.39,84.0,-2.56,-1.38
2026-06-24 17:30:00,1.47,-1.26,76.8,-2.48,-1.45
2026-06-24 17:40:00,1.47,-0.95,80.0,-2.49,-1.41
2026-06-24 17:50:00,1.48,-1.51,82.4,-3.12,-1.29
2026-06-24 18:00:00,1.47,-0.92,78.5,-2.77,-1.38
2026-06-24 18:10:00,1.47,-1.34,82.0,-2.45,-1.38
2026-06-24 18:20:00,1.47,-1.36,84.9,-3.27,-1.53
2026-06-24 18:30:00,1.47,-1.10,82.6,-2.78,-1.41
2026-06-24 18:40:00,1.47,-1.41,86.3,-2.74,-1.32
2026-06-24 18:50:00,1.47,-2.27,81.3,-3.15,-1.38
2026-06-24 19:00:00,1.48,-2.22,82.4,-3.50,-1.43
2026-06-24 19:10:00,1.47,-1.64,85.5,-3.44,-1.37
2026-06-24 19:20:00,1.47,-2.00,83.1,-3.76,-1.28
2026-06-24 19:30:00,1.47,-1.80,85.9,-3.24,-1.42
2026-06-24 19:40:00,1.47,-2.34,87.3,-2.94,-1.37
2026-06-24 19:50:00,1.47,-2.52,87.9,-3.27,-1.38
2026-06-24 20:00:00,1.47,-1.46,83.0,-3.65,-1.39
2026-06-24 20:10:00,1.47,-2.84,79.4,-3.59,-1.31
2026-06-24 20:20:00,1.46,-3.41,83.2,-3.51,-1.33
2026-06-24 20:30:00,1.47,-2.97,82.4,-3.44,-1.37
2026-06-24 20:40:00,1.46,-4.22,85.4,-3.49,-1.48
2026-06-24 20:50:00,1.46,-3.97,92.6,-3.92,-1.31
2026-06-24 21:00:00,1.47,-3.89,91.4,-3.93,-1.27
2026-06-24 21:10:00,1.47,-3.79,86.7,-3.74,-1.42
2026-06-24 21:20:00,1.46,-4.47,85.4,-4.72,-1.36
2026-06-24 21:30:00,1.46,-4.91,85.9,-3.35,-1.45
2026-06-24 21:40:00,1.46,-4.27,87.6,-4.18,-1.35
2026-06-24 21:50:00,1.46,-5.11,88.1,-3.69,-1.33
2026-06-24 22:00:00,1.46,-4.94,91.8,-4.38,-1.31
2026-06-24 22:10:00,1.46,-5.44,93.8,-4.51,-1.28
2026-06-24 22:20:00,1.46,-5.40,91.1,-4.46,-1.26
2026-06-24 22:30:00,1.45,-5.76,90.4,-4.58,-1.41
2026-06-24 22:40:00,1.46,-4.65,95.4,-4.58,-1.53
2026-06-24 22:50:00,1.46,-5.79,93.4,-4.65,-1.36
2026-06-24 23:00:00,1.45,-6.53,96.9,-4.36,-1.36
2026-06-24 23:10:00,1.46,-6.01,91.3,-4.79,-1.18
2026-06-24 23:20:00,1.46,-5.65,88.2,-5.01,-1.29
2026-06-24 23:30:00,1.45,-6.24,94.1,-4.96,-1.38
2026-06-24 23:40:00,1.45,-6.04,99.5,-4.45,-1.30
2026-06-24 23:50:00,1.45,-7.15,92.7,-4.58,-1.26
2026-06-25 00:00:00,1.45,-6.41,96.4,-4.51,-1.40
2026-06-25 00:10:00,1.45,-7.12,99.5,-5.32,-1.41
2026-06-25 00:20:00,1.45,-7.48,97.7,-4.83,-1.31
2026-06-25 00:30:00,1.45,-7.43,91.6,-4.88,-1.38
2026-06-25 00:40:00,1.45,-6.72,96.3,-5.00,-1.41
2026-06-25 00:50:00,1.45,-6.74,99.5,-4.89,-1.42
2026-06-25 01:00:00,1.45,-7.61,99.5,-5.41,-1.37
2026-06-25 01:10:00,1.44,-8.55,95.4,-5.08,-1.27
2026-06-25 01:20:00,1.44,-7.42,98.8,-5.13,-1.40
2026-06-25 01:30:00,1.45,-7.88,99.5,-5.52,-1.44
2026-06-25 01:40:00,1.44,-7.51,99.0,-5.49,-1.40
2026-06-25 01:50:00,1.45,-7.75,98.0,-5.83,-1.38
2026-06-25 02:00:00,1.45,-7.84,99.3,-5.43,-1.23
2026-06-25 02:10:00,1.46,-7.11,99.5,-5.69,-1.37
2026-06-25 02:20:00,1.44,-8.52,94.7,-5.48,-1.50
2026-06-25 02:30:00,1.44,-7.86,99.5,-5.48,-1.31
2026-06-25 02:40:00,1.45,-8.22,99.5,-4.75,-1.36
2026-06-25 02:50:00,1.45,-7.37,96.9,-5.05,NaN
2026-06-25 03:00:00,1.45,-7.23,98.0,-5.16,-1.33
2026-06-25 03:10:00,1.45,-7.55,99.5,-5.19,-1.37
2026-06-25 03:20:00,1.45,-8.18,99.5,-5.83,-1.47
2026-06-25 03:30:00,1.44,-8.19,99.3,-5.22,-1.28
2026-06-25 03:40:00,1.44,-8.22,99.5,-5.22,-1.38
2026-06-25 03:50:00,1.45,-6.97,99.5,-5.26,-1.35
2026-06-25 04:00:00,1.45,-8.08,99.5,-4.67,-1.43
2026-06-25 04:10:00,1.45,-8.28,98.3,-5.10,-1.32
2026-06-25 04:20:00,1.45,-7.57,98.4,-4.70,-1.36
2026-06-25 04:30:00,1.44,-7.67,95.3,-4.90,-1.34
2026-06-25 04:40:00,1.45,-6.81,94.6,-5.23,-1.16
2026-06-25 04:50:00,1.45,-7.13,94.1,-5.04,-1.31
2026-06-25 05:00:00,1.44,-7.01,96.5,-5.09,-1.33
2026-06-25 05:10:00,1.45,-7.43,99.5,-5.54,-1.48
2026-06-25 05:20:00,1.45,-7.34,94.3,-5.40,-1.39
2026-06-25 05:30:00,1.45,-7.56,96.2,-5.13,-1.37
2026-06-25 05:40:00,1.45,-6.49,95.4,-4.99,-1.43
2026-06-25 05:50:00,1.45,-7.16,96.4,-5.00,-1.31
2026-06-25 06:00:00,1.44,-7.29,99.0,-4.69,-1.25
2026-06-25 06:10:00,1.45,-6.47,93.1,-4.86,-1.39
2026-06-25 06:20:00,1.45,-6.50,94.9,-4.70,-1.31
2026-06-25 06:30:00,1.45,-5.33,96.3,-5.05,-1.30
2026-06-25 06:40:00,1.45,-6.21,98.4,-4.63,-1.37
2026-06-25 06:50:00,1.45,-6.20,94.8,-4.82,-1.40
2026-06-25 07:00:00,1.45,-5.42,93.3,-4.44,-1.35
2026-06-25 07:10:00,1.46,-5.30,90.8,-4.61,-1.43
2026-06-25 07:20:00,1.45,-6.18,89.6,-4.49,-1.40
2026-06-25 07:30:00,1.45,-5.39,97.6,-4.47,-1.27
2026-06-25 07:40:00,1.46,-5.05,93.2,-4.08,-1.43
2026-06-25 07:50:00,1.46,-4.56,92.0,-4.47,-1.46
2026-06-25 08:00:00,1.46,-5.11,88.7,-4.42,-1.45
2026-06-25 08:10:00,1.46,-4.68,90.3,-4.20,-1.44
2026-06-25 08:20:00,1.46,-4.69,94.5,-4.00,-1.37
2026-06-25 08:30:00,1.45,-4.81,93.0,-3.83,-1.34
2026-06-25 08:40:00,1.46,-4.58,90.0,-3.76,-1.17
2026-06-25 08:50:00,1.45,-4.06,92.3,-3.51,-1.40
2026-06-25 09:00:00,1.47,-4.03,89.1,-3.50,-1.40
2026-06-25 09:10:00,1.47,-3.25,90.1,-4.24,-1.32
2026-06-25 09:20:00,1.46,-3.10,89.4,-4.26,-1.42
2026-06-25 09:30:00,1.46,-2.88,82.2,-3.07,-1.36
2026-06-25 09:40:00,1.47,-2.38,88.9,-3.77,-1.37
2026-06-25 09:50:00,1.46,-3.15,91.2,-3.06,-1.24
2026-06-25 10:00:00,1.46,-2.91,85.0,-3.67,-1.39
2026-06-25 10:10:00,1.46,-2.13,88.4,-3.35,-1.29
2026-06-25 10:20:00,1.47,-2.19,79.6,-3.03,-1.28
2026-06-25 10:30:00,1.47,-1.69,82.2,-3.23,-1.22
2026-06-25 10:40:00,1.46,-2.14,78.2,-3.10,-1.36
2026-06-25 10:50:00,1.47,-1.56,89.9,-2.89,-1.55
2026-06-25 11:00:00,1.47,-1.72,81.9,-3.18,-1.38
2026-06-25 11:10:00,1.47,-1.95,80.7,-2.88,-1.46
2026-06-25 11:20:00,1.47,-2.00,75.9,-3.22,-1.52
2026-06-25 11:30:00,1.46,-1.72,83.0,-2.95,-1.28
2026-06-25 11:40:00,1.47,-1.55,76.8,-2.86,-1.38
2026-06-25 11:50:00,1.47,-1.22,77.9,-2.39,-1.31
2026-06-25 12:00:00,1.47,-0.54,75.2,-2.88,-1.36
2026-06-25 12:10:00,1.47,-1.21,77.2,-3.28,-1.46
2026-06-25 12:20:00,1.47,-0.94,81.2,-2.37,-1.32
2026-06-25 12:30:00,1.47,-0.80,80.6,-2.81,-1.34
2026-06-25 12:40:00,1.48,-0.28,76.6,-2.43,-1.37
2026-06-25 12:50:00,1.47,0.02,83.5,-2.75,-1.30
2026-06-25 13:00:00,1.48,-0.12,79.3,-2.38,-1.46
2026-06-25 13:10:00,1.47,0.24,78.9,-2.70,-1.25
2026-06-25 13:20:00,1.48,0.16,76.6,-2.13,-1.33
2026-06-25 13:30:00,1.48,-0.06,74.7,-2.54,-1.41
2026-06-25 13:40:00,1.48,-0.06,78.2,-2.46,-1.41
2026-06-25 13:50:00,1.48,0.69,70.1,-2.77,-1.35
2026-06-25 14:00:00,1.47,-0.37,79.5,-2.54,-1.41
2026-06-25 14:10:00,1.48,0.59,75.8,-2.42,-1.25
2026-06-25 14:20:00,1.48,1.33,75.9,-2.38,-1.30
2026-06-25 14:30:00,1.48,0.89,78.4,-2.16,-1.24
2026-06-25 14:40:00,1.47,-0.75,75.0,-2.12,-1.34
2026-06-25 14:50:00,1.48,-0.02,76.8,-2.29,-1.28
2026-06-25 15:00:00,1.48,-0.35,75.5,-2.49,-1.37
2026-06-25 15:10:00,1.48,0.10,80.0,-2.15,-1.45
2026-06-25 15:20:00,1.48,NaN,NaN,-2.47,-1.23
2026-06-25 15:30:00,1.48,1.19,76.1,-2.08,-1.30
2026-06-25 15:40:00,1.48,0.40,73.6,-2.16,-1.33
2026-06-25 15:50:00,1.47,0.36,81.5,-2.42,-1.26
2026-06-25 16:00:00,1.48,0.43,80.5,-2.35,-1.43
2026-06-25 16:10:00,1.48,0.32,79.7,-2.29,-1.34
2026-06-25 16:20:00,1.48,NaN,NaN,-2.11,-1.40
2026-06-25 16:30:00,1.48,0.49,79.1,-2.35,-1.25
2026-06-25 16:40:00,1.47,0.18,77.6,-2.93,-1.26
2026-06-25 16:50:00,1.47,-0.19,78.3,-2.40,-1.35
2026-06-25 17:00:00,1.47,-0.25,81.6,-2.80,-1.38
2026-06-25 17:10:00,1.47,-0.24,85.5,-2.84,-1.27
2026-06-25 17:20:00,1.46,-0.89,78.3,-2.45,-1.37
2026-06-25 17:30:00,1.47,-0.48,76.3,-2.67,-1.38
2026-06-25 17:40:00,1.48,-0.10,81.4,-2.47,-1.35
2026-06-25 17:50:00,1.47,-0.87,82.6,-3.17,-1.41
2026-06-25 18:00:00,1.47,-1.61,82.6,-2.40,-1.34
2026-06-25 18:10:00,1.47,-1.30,80.2,-2.80,-1.39
2026-06-25 18:20:00,1.48,-0.31,81.3,-3.09,-1.30
2026-06-25 18:30:00,1.46,-1.65,80.2,-3.05,-1.37
2026-06-25 18:40:00,1.47,-1.44,83.7,-3.12,-1.45
2026-06-25 18:50:00,1.47,-1.27,73.5,-2.83,-1.31
2026-06-25 19:00:00,1.46,-1.83,84.1,-3.15,-1.33
2026-06-25 19:10:00,1.47,-1.84,88.7,-2.79,-1.42
2026-06-25 19:20:00,1.47,-1.35,83.1,-2.76,-1.44
2026-06-25 19:30:00,1.47,-1.70,85.1,-2.91,-1.36
2026-06-25 19:40:00,1.46,-2.04,85.5,-3.43,-1.49
2026-06-25 19:50:00,1.46,-2.08,85.0,-3.38,-1.34
2026-06-25 20:00:00,1.46,-2.13,77.7,-3.03,-1.28
2026-06-25 20:10:00,1.46,-3.11,86.7,-3.23,-1.34
2026-06-25 20:20:00,1.47,-2.22,86.9,-3.32,-1.39
2026-06-25 20:30:00,1.46,-2.90,85.3,-3.40,-1.30
2026-06-25 20:40:00,1.46,-3.61,86.1,-3.72,-1.37
2026-06-25 20:50:00,1.46,-3.54,88.9,-3.73,-1.30
2026-06-25 21:00:00,1.45,-4.34,92.8,-3.67,-1.42
2026-06-25 21:10:00,1.46,-4.12,84.1,-4.00,-1.34
2026-06-25 21:20:00,1.45,-3.68,87.0,-3.81,-1.26
2026-06-25 21:30:00,1.45,-4.84,90.0,-3.57,-1.38
2026-06-25 21:40:00,1.45,-5.29,87.2,-4.27,-1.33
2026-06-25 21:50:00,1.45,-4.10,88.0,-4.13,-1.26
2026-06-25 22:00:00,1.45,-4.31,88.5,-4.39,-1.25
2026-06-25 22:10:00,1.44,-5.78,90.1,-4.16,-1.34
2026-06-25 22:20:00,1.45,-6.01,90.1,-4.10,-1.34
2026-06-25 22:30:00,1.45,-5.09,93.3,-4.14,-1.40
2026-06-25 22:40:00,1.45,-5.08,93.2,-4.35,-1.36
2026-06-25 22:50:00,1.45,-4.38,96.1,-4.07,-1.47
2026-06-25 23:00:00,1.45,-6.00,93.1,-4.84,-1.29
2026-06-25 23:10:00,1.44,-6.48,86.8,-4.62,-1.26
2026-06-25 23:20:00,1.45,-6.73,98.5,-5.08,-1.38
2026-06-25 23:30:00,1.45,-6.93,95.9,-4.87,-1.42
2026-06-25 23:40:00,1.45,-6.10,99.5,-4.66,-1.33
2026-06-25 23:50:00,1.45,-5.91,93.3,-4.63,-1.35
2026-06-26 00:00:00,1.44,-6.89,95.0,-4.98,-1.27
2026-06-26 00:10:00,1.45,-6.96,99.5,-4.50,-1.41
2026-06-26 00:20:00,1.45,-6.47,97.3,-5.13,-1.36
2026-06-26 00:30:00,1.45,-7.22,95.7,-4.74,-1.22
2026-06-26 00:40:00,1.45,-7.26,95.9,-5.33,-1.38
2026-06-26 00:50:00,1.44,-8.20,99.5,-4.84,-1.31
2026-06-26 01:00:00,1.45,-6.63,94.9,-4.94,-1.33
2026-06-26 01:10:00,1.44,-7.31,97.2,-4.92,-1.15
2026-06-26 01:20:00,1.44,-7.19,95.5,-4.61,-1.43
2026-06-26 01:30:00,1.44,-7.59,96.7,-5.09,-1.31
2026-06-26 01:40:00,1.44,-7.51,97.9,-5.68,-1.29
2026-06-26 01:50:00,1.45,-7.17,98.2,-5.34,-1.24
2026-06-26 02:00:00,1.44,-7.96,99.5,-5.64,-1.31
2026-06-26 02:10:00,1.44,-7.11,98.4,-5.13,-1.39
2026-06-26 02:20:00,1.44,-7.95,99.5,-4.76,-1.32
2026-06-26 02:30:00,1.43,-8.22,95.6,-5.10,-1.33
2026-06-26 02:40:00,1.44,-8.34,95.4,-5.60,-1.28
2026-06-26 02:50:00,1.44,-8.01,97.9,-5.04,-1.29
2026-06-26 03:00:00,1.44,-7.29,99.5,-5.52,-1.30
2026-06-26 03:10:00,1.43,-7.80,99.5,-5.17,-1.34
2026-06-26 03:20:00,1.44,-7.06,99.5,-5.15,-1.39
2026-06-26 03:30:00,1.44,-8.45,99.5,-4.92,-1.26
2026-06-26 03:40:00,1.44,-7.95,98.7,-4.92,-1.40
2026-06-26 03:50:00,1.44,-7.54,96.2,-5.63,-1.37
2026-06-26 04:00:00,1.44,-7.43,98.9,-5.18,-1.43
2026-06-26 04:10:00,1.44,-8.29,99.5,-4.98,-1.39
2026-06-26 04:20:00,1.44,-7.13,95.1,-5.18,-1.31
2026-06-26 04:30:00,1.43,-7.68,99.5,-5.45,-1.27
2026-06-26 04:40:00,1.44,-7.34,99.5,-5.32,-1.31
2026-06-26 04:50:00,1.45,-7.15,99.5,-5.21,-1.39
2026-06-26 05:00:00,1.44,-7.60,97.4,-5.12,-1.49
2026-06-26 05:10:00,1.44,-7.88,99.5,-4.54,-1.29
2026-06-26 05:20:00,1.44,-7.49,95.9,-5.43,-1.28
2026-06-26 05:30:00,1.44,-6.85,95.6,-4.60,-1.36
2026-06-26 05:40:00,1.44,-6.93,98.0,-5.04,-1.34
2026-06-26 05:50:00,1.44,-6.93,93.0,-4.81,-1.30
2026-06-26 06:00:00,1.44,-6.60,91.5,-4.68,-1.35
2026-06-26 06:10:00,1.44,-7.18,93.1,-4.48,-1.39
2026-06-26 06:20:00,1.44,-7.12,97.9,-4.44,-1.26
2026-06-26 06:30:00,1.44,-5.98,95.8,-4.80,-1.40
2026-06-26 06:40:00,1.44,-6.04,99.5,-4.83,-1.34
2026-06-26 06:50:00,1.44,-6.55,96.6,-4.14,-1.37
2026-06-26 07:00:00,1.45,-5.37,94.7,-4.93,-1.41
2026-06-26 07:10:00,1.45,-5.78,90.6,-4.51,-1.26
2026-06-26 07:20:00,1.44,-5.67,93.4,-4.37,-1.51
2026-06-26 07:30:00,1.44,-6.25,87.1,-4.22,-1.33
2026-06-26 07:40:00,1.45,-5.15,92.0,-4.56,-1.38
2026-06-26 07:50:00,1.45,-5.20,89.9,-3.77,-1.27
2026-06-26 08:00:00,1.45,-4.99,91.1,-4.09,-1.38
2026-06-26 08:10:00,1.45,-4.64,93.4,-3.93,-1.34
2026-06-26 08:20:00,1.46,-3.81,90.5,-4.11,-1.36
2026-06-26 08:30:00,1.45,-3.65,91.5,-3.75,-1.24
2026-06-26 08:40:00,1.45,-4.03,82.3,-3.72,-1.38
2026-06-26 08:50:00,1.46,-3.61,88.8,-3.77,-1.25
2026-06-26 09:00:00,1.46,-3.98,88.4,-3.67,-1.30
2026-06-26 09:10:00,1.46,-3.54,86.5,-3.41,-1.41
2026-06-26 09:20:00,1.46,-3.13,88.7,-3.56,-1.30
2026-06-26 09:30:00,1.46,-3.01,81.6,-3.93,-1.34
2026-06-26 09:40:00,1.46,-2.98,83.4,-3.41,-1.36
2026-06-26 09:50:00,1.46,-2.65,86.9,-3.90,-1.31
2026-06-26 10:00:00,1.45,-2.60,83.9,-3.02,-1.25
2026-06-26 10:10:00,1.46,-1.96,85.3,-3.34,-1.39
2026-06-26 10:20:00,1.46,-1.46,92.2,-3.66,-1.32
2026-06-26 10:30:00,1.46,-1.85,78.3,-2.96,-1.36
2026-06-26 10:40:00,1.46,-2.17,82.8,-2.98,-1.52
2026-06-26 10:50:00,1.45,-2.39,84.4,-2.78,-1.39
2026-06-26 11:00:00,1.47,-1.81,81.8,-3.25,-1.48
2026-06-26 11:10:00,1.46,-2.37,82.3,-3.41,-1.38
2026-06-26 11:20:00,1.46,-1.34,82.8,-2.92,-1.30
2026-06-26 11:30:00,1.46,-1.60,79.2,-3.14,-1.39
2026-06-26 11:40:00,1.47,-0.86,77.3,-3.02,-1.36
2026-06-26 11:50:00,1.47,-0.53,80.5,-2.62,-1.36
2026-06-26 12:00:00,1.46,-0.96,79.4,-3.24,-1.37
2026-06-26 12:10:00,1.47,-0.46,78.9,-2.80,-1.33
2026-06-26 12:20:00,1.46,-0.68,79.1,-2.42,-1.33
2026-06-26 12:30:00,1.47,-1.33,80.6,-2.14,-1.30
2026-06-26 12:40:00,1.46,-0.45,77.3,-2.16,-1.26
2026-06-26 12:50:00,1.47,0.23,81.0,-2.10,-1.39
2026-06-26 13:00:00,1.47,0.21,77.7,-2.30,-1.27
2026-06-26 13:10:00,1.47,0.95,78.7,-2.71,-1.21
2026-06-26 13:20:00,1.47,0.13,80.0,-1.90,-1.48
2026-06-26 13:30:00,1.47,0.18,84.8,-2.96,-1.28
2026-06-26 13:40:00,1.47,0.35,78.6,-2.47,-1.28
2026-06-26 13:50:00,1.47,0.65,78.1,-1.96,-1.29
2026-06-26 14:00:00,1.47,0.37,81.5,-2.40,-1.29
2026-06-26 14:10:00,1.47,0.80,77.5,-2.60,-1.32
2026-06-26 14:20:00,1.47,0.15,84.2,-2.33,-1.43
2026-06-26 14:30:00,1.47,-0.10,82.0,-2.53,-1.53
2026-06-26 14:40:00,1.47,-0.03,78.8,-2.67,-1.31
2026-06-26 14:50:00,1.47,0.47,77.6,-2.00,-1.32
2026-06-26 15:00:00,1.47,-0.09,71.4,-2.19,-1.38
2026-06-26 15:10:00,1.47,0.39,80.3,-2.66,-1.43
2026-06-26 15:20:00,1.47,0.77,79.4,-2.10,-1.43
2026-06-26 15:30:00,1.47,0.26,79.5,-2.41,-1.29
2026-06-26 15:40:00,1.47,0.22,78.3,-2.52,-1.37
2026-06-26 15:50:00,1.48,1.95,76.5,-2.57,-1.35
2026-06-26 16:00:00,1.47,0.62,78.0,-2.43,-1.39
2026-06-26 16:10:00,1.47,0.21,79.3,-2.59,-1.31
2026-06-26 16:20:00,1.47,0.18,80.2,-2.26,-1.36
2026-06-26 16:30:00,1.47,0.53,73.6,-2.37,-1.34
2026-06-26 16:40:00,1.47,0.43,83.5,-2.70,-1.31
2026-06-26 16:50:00,1.46,-0.51,73.1,-2.22,-1.37
2026-06-26 17:00:00,1.47,0.04,78.0,-2.44,-1.28
2026-06-26 17:10:00,1.47,-0.08,76.6,-2.36,-1.38
2026-06-26 17:20:00,1.47,-0.81,85.9,-2.66,-1.40
2026-06-26 17:30:00,1.46,-0.35,82.4,-2.44,-1.38
2026-06-26 17:40:00,1.46,-1.18,78.1,-2.94,-1.27
2026-06-26 17:50:00,1.46,-0.87,84.4,-2.77,-1.38
2026-06-26 18:00:00,1.46,-0.19,79.8,-2.40,-1.34
2026-06-26 18:10:00,1.47,-0.82,85.6,-2.93,-1.40
2026-06-26 18:20:00,1.46,-1.04,81.7,-2.63,-1.34
2026-06-26 18:30:00,1.46,-0.66,76.8,-2.71,-1.29
2026-06-26 18:40:00,1.46,-1.00,85.4,-2.70,-1.43
2026-06-26 18:50:00,1.46,-1.05,84.4,-2.27,-1.28
2026-06-26 19:00:00,1.46,-1.42,79.4,-2.55,-1.23
2026-06-26 19:10:00,1.46,-1.27,88.3,-3.11,-1.37
2026-06-26 19:20:00,1.45,-1.98,83.3,-3.00,-1.36
2026-06-26 19:30:00,1.46,-1.87,77.3,-3.07,-1.23
2026-06-26 19:40:00,1.45,-2.69,87.0,-3.13,-1.30
2026-06-26 19:50:00,1.46,-2.53,84.3,-3.00,-1.36
2026-06-26 20:00:00,1.46,-2.24,83.3,-3.14,-1.38
2026-06-26 20:10:00,1.45,-3.44,83.6,-3.73,-1.35
2026-06-26 20:20:00,1.45,-3.42,90.3,-3.27,-1.31
2026-06-26 20:30:00,1.45,-3.16,85.6,-2.92,-1.34
2026-06-26 20:40:00,1.45,-3.69,89.8,-3.47,-1.25
2026-06-26 20:50:00,1.44,-4.27,92.7,-3.73,-1.36
2026-06-26 21:00:00,1.44,-4.42,91.6,-3.87,-1.39
2026-06-26 21:10:00,1.45,-4.48,84.8,-4.28,-1.37
2026-06-26 21:20:00,1.45,-4.37,88.5,-3.90,-1.27
2026-06-26 21:30:00,1.45,-4.50,88.4,-4.25,-1.10
2026-06-26 21:40:00,1.44,-4.99,94.0,-3.95,-1.37
2026-06-26 21:50:00,1.45,-4.33,90.4,-3.99,-1.34
2026-06-26 22:00:00,1.45,-4.05,94.3,-4.72,-1.18
2026-06-26 22:10:00,1.45,-4.88,88.8,-3.82,-1.41
2026-06-26 22:20:00,1.45,-5.67,95.1,-4.29,-1.29
2026-06-26 22:30:00,1.44,-5.13,93.7,-4.40,-1.33
2026-06-26 22:40:00,1.45,-5.12,91.6,-4.37,-1.34
2026-06-26 22:50:00,1.44,-5.76,97.9,-4.20,-1.28
2026-06-26 23:00:00,1.45,-5.24,94.2,-4.42,-1.35
2026-06-26 23:10:00,1.44,-6.28,87.5,-4.59,-1.35
2026-06-26 23:20:00,1.44,-6.52,94.4,-4.49,-1.27
2026-06-26 23:30:00,1.44,-6.08,95.6,-4.21,-1.33
2026-06-26 23:40:00,1.44,-6.20,98.5,-4.79,-1.35
2026-06-26 23:50:00,1.44,-6.19,93.4,-4.33,-1.34
2026-06-27 00:00:00,1.44,-6.16,94.9,-4.90,-1.24
2026-06-27 00:10:00,1.44,-6.76,97.8,-4.52,-1.32
2026-06-27 00:20:00,1.44,-6.47,96.5,-4.61,-1.35
2026-06-27 00:30:00,1.44,-6.50,95.2,-4.55,-1.28
2026-06-27 00:40:00,1.43,-6.66,96.3,-5.12,-1.46
2026-06-27 00:50:00,1.43,-7.04,94.9,-4.97,-1.43
2026-06-27 01:00:00,1.43,-7.79,99.2,-4.88,-1.37
2026-06-27 01:10:00,1.43,-8.08,96.1,-5.35,-1.35
2026-06-27 01:20:00,1.43,-8.13,95.9,-5.08,-1.22
2026-06-27 01:30:00,1.43,-7.92,93.7,-4.84,-1.39
2026-06-27 01:40:00,1.44,-7.52,97.1,-5.01,-1.37
2026-06-27 01:50:00,1.44,-6.11,98.4,-5.21,-1.28
2026-06-27 02:00:00,1.44,-7.89,97.6,-5.02,-1.16
2026-06-27 02:10:00,1.44,-7.28,99.5,-5.38,-1.29
2026-06-27 02:20:00,1.43,-7.68,99.5,-4.63,-1.40
2026-06-27 02:30:00,1.43,-8.88,99.5,-5.17,-1.26
2026-06-27 02:40:00,1.43,-7.35,98.8,-5.14,-1.37
2026-06-27 02:50:00,1.43,-8.18,99.5,-5.00,-1.37
2026-06-27 03:00:00,1.43,-8.36,99.5,-4.55,-1.38
2026-06-27 03:10:00,1.44,-8.06,99.5,-5.23,-1.28
2026-06-27 03:20:00,1.43,-7.99,99.5,-5.43,-1.30
2026-06-27 03:30:00,1.44,-7.56,99.5,-5.46,-1.24
2026-06-27 03:40:00,1.44,-7.72,92.0,-4.98,-1.20
2026-06-27 03:50:00,1.43,-7.71,99.5,-5.22,-1.34
2026-06-27 04:00:00,1.43,-8.49,99.5,-5.14,-1.20
2026-06-27 04:10:00,1.43,-7.39,99.5,-5.30,-1.34
2026-06-27 04:20:00,1.43,-7.88,99.0,-5.25,-1.42
2026-06-27 04:30:00,1.44,-7.34,97.7,-5.09,-1.48
2026-06-27 04:40:00,1.43,-7.43,95.2,-5.42,-1.20
2026-06-27 04:50:00,1.43,-7.27,92.7,-4.62,-1.45
2026-06-27 05:00:00,1.43,-8.36,93.7,-4.74,-1.29
2026-06-27 05:10:00,1.43,-7.25,91.9,-4.98,-1.28
2026-06-27 05:20:00,1.44,-6.83,95.8,-4.90,-1.41
2026-06-27 05:30:00,1.44,-6.82,93.1,-4.52,-1.49
2026-06-27 05:40:00,1.44,-8.14,98.1,-5.20,-1.21
2026-06-27 05:50:00,1.44,-6.43,93.0,-4.88,-1.36
2026-06-27 06:00:00,1.44,-6.00,95.0,-4.57,-1.22
2026-06-27 06:10:00,1.44,-6.20,94.3,-4.72,-1.36
2026-06-27 06:20:00,1.43,-6.27,93.3,-4.69,-1.29
2026-06-27 06:30:00,1.44,-6.37,93.0,-4.35,-1.22
2026-06-27 06:40:00,1.44,-5.40,92.6,-4.48,-1.48
2026-06-27 06:50:00,1.44,-5.88,95.6,-4.55,-1.38
2026-06-27 07:00:00,1.44,-5.56,93.0,-4.48,-1.30
2026-06-27 07:10:00,1.44,-6.09,88.1,-4.24,-1.07
2026-06-27 07:20:00,1.43,-5.55,98.6,-4.58,-1.29
2026-06-27 07:30:00,1.44,-5.79,94.5,-4.27,-1.37
2026-06-27 07:40:00,1.44,-4.86,86.6,-4.08,-1.31
2026-06-27 07:50:00,1.45,-5.35,91.0,-4.08,-1.23
2026-06-27 08:00:00,1.44,-5.03,94.3,-3.76,-1.36
2026-06-27 08:10:00,1.45,-4.64,90.9,-3.98,-1.35
2026-06-27 08:20:00,1.45,-3.97,93.3,-4.04,-1.31
2026-06-27 08:30:00,1.45,-3.81,93.0,-3.95,-1.42
2026-06-27 08:40:00,1.45,-3.66,88.9,-4.09,-1.30
2026-06-27 08:50:00,1.45,-3.72,92.6,-3.93,-1.42
2026-06-27 09:00:00,1.45,-4.06,92.6,-3.96,-1.29
2026-06-27 09:10:00,1.44,-3.42,87.3,-2.84,-1.40
2026-06-27 09:20:00,1.45,-2.21,87.8,-3.77,-1.37
2026-06-27 09:30:00,1.45,-3.24,85.0,-3.56,-1.34
2026-06-27 09:40:00,1.45,-3.18,91.9,-3.67,-1.22
2026-06-27 09:50:00,1.45,-3.14,83.9,-3.56,-1.27
2026-06-27 10:00:00,1.45,-3.06,81.6,-3.32,-1.32
2026-06-27 10:10:00,1.46,-2.11,81.5,-3.51,-1.42
2026-06-27 10:20:00,1.46,-1.79,78.2,-2.92,-1.21
2026-06-27 10:30:00,1.45,-2.83,83.3,-3.25,-1.17
2026-06-27 10:40:00,1.46,-1.67,78.3,-2.94,-1.28
2026-06-27 10:50:00,1.45,-1.59,86.4,-2.89,-1.42
2026-06-27 11:00:00,1.45,-1.60,81.7,-3.01,-1.26
2026-06-27 11:10:00,1.46,-1.29,80.8,-2.43,-1.25
2026-06-27 11:20:00,1.45,-1.91,80.0,-2.66,-1.32
2026-06-27 11:30:00,1.46,0.04,85.3,-2.92,-1.36
2026-06-27 11:40:00,1.46,-1.48,83.1,-3.31,-1.20
2026-06-27 11:50:00,1.46,-0.71,82.3,-2.74,-1.49
2026-06-27 12:00:00,1.46,-0.83,79.0,-2.48,-1.30
2026-06-27 12:10:00,1.46,-0.75,79.6,-2.34,-1.09
2026-06-27 12:20:00,1.46,-0.66,75.7,-2.58,-1.38
2026-06-27 12:30:00,1.46,-0.56,83.9,-2.80,-1.35
2026-06-27 12:40:00,1.46,-0.59,82.7,-2.60,-1.08
2026-06-27 12:50:00,1.46,-0.05,72.1,-2.31,-1.34
2026-06-27 13:00:00,1.46,-0.17,76.6,-2.03,-1.30
2026-06-27 13:10:00,1.46,0.52,78.1,-2.53,-1.35
2026-06-27 13:20:00,1.46,-0.38,78.9,-2.48,-1.41
2026-06-27 13:30:00,1.46,0.50,73.1,-2.86,-1.31
2026-06-27 13:40:00,1.47,0.57,80.5,-2.23,-1.29
2026-06-27 13:50:00,1.46,1.23,78.4,-2.04,-1.28
2026-06-27 14:00:00,1.46,0.10,74.6,-2.45,-1.27
2026-06-27 14:10:00,1.46,0.69,76.0,-2.08,-1.21
2026-06-27 14:20:00,1.46,0.37,81.5,-2.25,-1.50
2026-06-27 14:30:00,1.46,0.32,79.7,-2.46,-1.30
2026-06-27 14:40:00,1.47,0.40,74.4,-1.97,-1.29
2026-06-27 14:50:00,1.46,0.27,81.0,-2.24,-1.30
2026-06-27 15:00:00,1.47,0.98,78.6,-2.23,-1.33
2026-06-27 15:10:00,1.46,0.14,80.5,-2.00,-1.42
2026-06-27 15:20:00,1.46,-0.05,79.1,-2.03,-1.29
2026-06-27 15:30:00,1.46,-0.78,78.5,-2.27,-1.31
2026-06-27 15:40:00,1.46,0.04,67.3,-1.96,-1.31
2026-06-27 15:50:00,1.46,0.19,75.7,-2.54,-1.35
2026-06-27 16:00:00,1.46,0.13,76.9,-2.57,NaN
2026-06-27 16:10:00,1.46,-0.03,78.5,-2.71,-1.32
2026-06-27 16:20:00,1.46,-0.29,75.1,-2.36,-1.26
2026-06-27 16:30:00,1.46,-0.19,77.0,-2.32,-1.29
2026-06-27 16:40:00,1.46,0.45,80.5,-2.35,-1.28
2026-06-27 16:50:00,1.46,0.15,77.4,-2.54,-1.33
2026-06-27 17:00:00,1.46,0.28,81.0,-2.36,-1.18
2026-06-27 17:10:00,1.46,-0.40,77.9,-2.82,-1.30
2026-06-27 17:20:00,1.46,0.70,79.9,-2.63,-1.32
2026-06-27 17:30:00,1.45,-0.54,80.3,-2.40,-1.45
2026-06-27 17:40:00,1.46,0.26,82.6,-2.49,-1.53
2026-06-27 17:50:00,1.46,-1.04,80.3,-2.59,-1.32
2026-06-27 18:00:00,1.46,-1.20,79.0,-2.91,-1.34
2026-06-27 18:10:00,1.46,-0.22,79.9,-2.73,-1.38
2026-06-27 18:20:00,1.46,-0.15,81.2,-2.34,-1.18
2026-06-27 18:30:00,1.45,-0.22,83.2,-2.84,-1.38
2026-06-27 18:40:00,1.45,-1.41,85.8,-3.01,-1.27
2026-06-27 18:50:00,1.46,-1.45,80.1,-2.60,-1.26
2026-06-27 19:00:00,1.46,-0.99,82.4,-2.77,-1.20
2026-06-27 19:10:00,1.46,-1.74,82.9,-2.95,-1.26
2026-06-27 19:20:00,1.46,-1.13,81.6,-2.92,-1.35
2026-06-27 19:30:00,1.45,-2.00,90.1,-3.23,-1.18
2026-06-27 19:40:00,1.45,-2.36,85.9,-3.13,-1.31
2026-06-27 19:50:00,1.45,-2.22,84.9,-3.34,-1.16
2026-06-27 20:00:00,1.45,-2.64,86.4,-3.57,-1.15
2026-06-27 20:10:00,1.45,-2.93,90.2,-3.44,-1.35
2026-06-27 20:20:00,1.45,-2.34,88.7,-3.32,-1.34
2026-06-27 20:30:00,1.44,-3.52,89.8,-3.51,-1.41
2026-06-27 20:40:00,1.45,-3.40,88.6,-3.31,-1.40
2026-06-27 20:50:00,1.45,-3.00,84.9,-3.63,-1.32
2026-06-27 21:00:00,1.44,-3.27,87.1,-3.28,-1.29
2026-06-27 21:10:00,1.44,-3.55,90.7,-3.56,-1.41
2026-06-27 21:20:00,1.44,-4.11,92.9,-3.58,-1.41
2026-06-27 21:30:00,1.44,-4.39,89.2,-3.47,-1.33
2026-06-27 21:40:00,1.44,-4.58,89.6,-4.12,-1.36
2026-06-27 21:50:00,1.44,-4.21,84.2,-3.84,-1.20
2026-06-27 22:00:00,1.44,-4.36,93.7,-4.39,-1.37
2026-06-27 22:10:00,1.44,-4.87,90.4,-3.97,-1.35
2026-06-27 22:20:00,1.44,-5.22,92.2,-3.93,-1.17
2026-06-27 22:30:00,1.44,-4.98,93.7,-4.07,-1.25
2026-06-27 22:40:00,1.44,-4.70,93.7,-3.94,-1.23
2026-06-27 22:50:00,1.44,-5.43,88.4,-4.39,-1.37
2026-06-27 23:00:00,1.44,-5.55,92.5,-3.94,-1.26
2026-06-27 23:10:00,1.44,-6.24,95.5,-4.42,-1.25
2026-06-27 23:20:00,1.44,-5.92,93.3,-4.68,-1.35
2026-06-27 23:30:00,1.43,-6.48,93.8,-4.82,-1.32
2026-06-27 23:40:00,1.44,-6.15,94.3,-4.43,-1.20
2026-06-27 23:50:00,1.43,-6.44,99.5,-4.09,-1.32
2026-06-28 00:00:00,1.43,-6.18,92.4,-4.74,-1.39
2026-06-28 00:10:00,1.43,-7.41,98.6,-4.62,-1.41
2026-06-28 00:20:00,1.43,-6.81,97.7,-5.14,-1.28
2026-06-28 00:30:00,1.44,-6.37,96.0,-4.68,-1.27
2026-06-28 00:40:00,1.43,-7.05,93.8,-4.73,-1.24
2026-06-28 00:50:00,1.43,-7.52,95.9,-4.82,-1.22
2026-06-28 01:00:00,1.44,-6.12,99.5,-4.90,-1.43
2026-06-28 01:10:00,1.43,-7.60,96.4,-4.91,-1.38
2026-06-28 01:20:00,1.43,-7.69,99.5,-4.60,-1.42
2026-06-28 01:30:00,1.43,-7.32,91.8,-4.91,-1.22
2026-06-28 01:40:00,1.42,-8.14,99.5,-4.89,-1.26
2026-06-28 01:50:00,1.43,-8.28,98.9,-4.59,-1.34
2026-06-28 02:00:00,1.43,-7.52,93.5,-4.59,-1.33
2026-06-28 02:10:00,1.42,-7.86,98.9,-4.76,-1.30
2026-06-28 02:20:00,1.43,-7.59,97.6,-4.94,-1.34
2026-06-28 02:30:00,1.43,-7.53,98.2,-4.83,-1.24
2026-06-28 02:40:00,1.43,-6.68,99.5,-5.01,-1.32
2026-06-28 02:50:00,1.42,-7.90,92.5,-5.18,-1.24
2026-06-28 03:00:00,1.42,-8.44,99.4,-4.74,-1.33
2026-06-28 03:10:00,1.43,-7.50,99.5,-5.28,-1.42
2026-06-28 03:20:00,1.43,-7.74,97.8,-5.24,-1.32
2026-06-28 03:30:00,1.42,-8.07,99.5,-5.47,-1.28
2026-06-28 03:40:00,1.43,-8.18,99.5,-4.77,-1.25
2026-06-28 03:50:00,1.43,-7.62,97.7,-4.90,-1.12
2026-06-28 04:00:00,1.44,-6.92,97.0,-5.06,-1.25
2026-06-28 04:10:00,1.43,-8.15,99.5,-4.97,-1.28
2026-06-28 04:20:00,1.43,-8.01,99.5,-4.68,-1.18
2026-06-28 04:30:00,1.43,-7.60,99.5,-5.14,-1.16
2026-06-28 04:40:00,1.43,-7.85,97.1,-5.04,-1.18
2026-06-28 04:50:00,1.43,-7.39,93.8,-4.99,-1.34
2026-06-28 05:00:00,1.43,-7.71,94.7,-4.88,-1.38
2026-06-28 05:10:00,1.43,-6.24,93.2,-4.98,-1.53
2026-06-28 05:20:00,1.43,-6.27,92.3,-4.69,-1.35
2026-06-28 05:30:00,1.43,-7.24,97.3,-4.48,-1.34
2026-06-28 05:40:00,1.43,-7.05,99.1,-4.96,-1.15
2026-06-28 05:50:00,1.43,-6.30,95.0,-4.85,-1.34
2026-06-28 06:00:00,1.43,-6.94,98.9,-4.71,-1.21
2026-06-28 06:10:00,1.44,-5.36,92.0,-4.72,-1.47
2026-06-28 06:20:00,1.43,-6.35,95.1,-4.50,-1.20
2026-06-28 06:30:00,1.43,-6.43,90.4,-4.62,-1.26
2026-06-28 06:40:00,1.43,-6.05,98.7,-4.17,-1.28
2026-06-28 06:50:00,1.44,-5.54,91.5,-3.80,-1.19
2026-06-28 07:00:00,1.43,-5.59,96.1,-4.60,-1.23
2026-06-28 07:10:00,1.43,-5.26,91.8,-4.74,-1.28
2026-06-28 07:20:00,1.44,-5.11,91.4,-3.84,-1.35
2026-06-28 07:30:00,1.43,-6.38,89.5,-4.22,-1.30
2026-06-28 07:40:00,1.44,-4.79,92.1,-4.15,-1.31
2026-06-28 07:50:00,1.44,-4.65,91.3,-4.57,-1.23
2026-06-28 08:00:00,1.44,-4.03,85.6,-3.55,-1.18
2026-06-28 08:10:00,1.44,-5.03,89.0,-4.07,-1.36
2026-06-28 08:20:00,1.44,-4.33,89.8,-3.90,-1.32
2026-06-28 08:30:00,1.44,-4.23,89.7,-3.99,-1.31
2026-06-28 08:40:00,1.44,-3.99,86.9,-3.98,-1.26
2026-06-28 08:50:00,1.44,-3.44,88.9,-4.00,-1.32
2026-06-28 09:00:00,1.44,-4.27,88.4,-3.57,-1.29
2026-06-28 09:10:00,1.44,-3.11,90.3,-3.65,-1.24
2026-06-28 09:20:00,1.45,-2.93,84.5,-3.43,-1.36
2026-06-28 09:30:00,1.44,-3.66,89.1,-2.91,-1.34
2026-06-28 09:40:00,1.44,-3.08,87.7,-3.35,-1.22
2026-06-28 09:50:00,1.44,-3.02,84.1,-3.41,-1.42
2026-06-28 10:00:00,1.45,-2.44,82.8,-3.07,-1.39
2026-06-28 10:10:00,1.45,-2.02,84.3,-2.80,-1.24
2026-06-28 10:20:00,1.44,-2.78,84.1,-3.41,-1.34
2026-06-28 10:30:00,1.45,-1.89,88.7,-2.79,-1.30
2026-06-28 10:40:00,1.45,-2.63,86.0,-2.47,-1.30
2026-06-28 10:50:00,1.45,-1.75,85.9,-2.86,-1.37
2026-06-28 11:00:00,1.45,-1.93,85.3,-2.78,-1.38
2026-06-28 11:10:00,1.45,-1.21,85.3,-2.60,-1.30
2026-06-28 11:20:00,1.45,-0.89,84.5,-2.82,-1.27
2026-06-28 11:30:00,1.45,-0.95,80.7,-2.75,-1.24
2026-06-28 11:40:00,1.46,-0.73,83.7,-2.69,-1.27
2026-06-28 11:50:00,1.45,-0.91,81.3,-2.84,-1.28
2026-06-28 12:00:00,1.45,-0.13,77.1,-2.64,-1.22
2026-06-28 12:10:00,1.46,-0.85,82.0,-2.98,-1.29
2026-06-28 12:20:00,1.45,-1.08,78.8,-2.38,-1.45
2026-06-28 12:30:00,1.45,-0.68,80.3,-2.28,-1.35
2026-06-28 12:40:00,1.46,-0.29,82.1,-2.57,-1.45
2026-06-28 12:50:00,1.45,-0.13,79.5,-2.14,-1.30
2026-06-28 13:00:00,1.46,0.29,80.4,-2.62,-1.27
2026-06-28 13:10:00,1.46,-0.19,79.7,-2.45,-1.34
2026-06-28 13:20:00,1.45,-0.21,74.5,-2.11,-1.21
2026-06-28 13:30:00,1.45,0.20,77.2,-2.06,-1.30
2026-06-28 13:40:00,1.46,0.65,72.9,-2.11,-1.24
2026-06-28 13:50:00,1.45,0.99,77.9,-2.37,-1.26
2026-06-28 14:00:00,1.46,0.42,80.0,-1.88,-1.27
2026-06-28 14:10:00,1.45,0.60,82.1,-2.30,-1.21
2026-06-28 14:20:00,1.46,1.34,72.3,-1.87,-1.29
2026-06-28 14:30:00,1.46,0.32,79.9,-2.48,-1.22
2026-06-28 14:40:00,1.45,-0.02,76.2,-2.25,-1.23
2026-06-28 14:50:00,1.46,0.76,73.9,-2.00,-1.30
2026-06-28 15:00:00,1.46,0.82,69.1,-2.05,-1.37
2026-06-28 15:10:00,1.46,0.28,77.5,-2.31,-1.27
2026-06-28 15:20:00,1.46,1.03,75.2,-2.16,-1.32
2026-06-28 15:30:00,1.46,0.59,73.5,-2.31,-1.31
2026-06-28 15:40:00,1.46,0.99,77.0,-2.26,-1.17
2026-06-28 15:50:00,1.46,1.24,78.6,-2.02,-1.19
2026-06-28 16:00:00,1.46,1.06,77.1,-2.24,-1.41
2026-06-28 16:10:00,1.45,-0.09,80.0,-2.64,-1.41
2026-06-28 16:20:00,1.46,0.86,70.1,-2.12,-1.25
2026-06-28 16:30:00,1.46,0.46,80.3,-2.11,-1.31
2026-06-28 16:40:00,1.46,-0.30,79.0,-1.99,-1.34
2026-06-28 16:50:00,1.46,0.47,76.0,-2.46,-1.42
2026-06-28 17:00:00,1.46,0.13,78.1,-2.59,-1.36
2026-06-28 17:10:00,1.45,-0.18,80.4,-1.98,-1.39
2026-06-28 17:20:00,1.45,-1.02,75.6,-2.37,-1.31
2026-06-28 17:30:00,1.45,-0.30,81.8,-2.64,-1.35
2026-06-28 17:40:00,1.45,-1.01,79.9,-2.81,-1.39
2026-06-28 17:50:00,1.45,-0.77,81.8,-2.59,-1.21
2026-06-28 18:00:00,1.46,-0.09,83.5,-2.44,-1.17
2026-06-28 18:10:00,1.45,-0.65,79.5,-2.66,-1.26
2026-06-28 18:20:00,1.45,-0.95,83.3,-2.31,-1.29
2026-06-28 18:30:00,1.45,-0.86,78.2,-2.92,-1.25
2026-06-28 18:40:00,1.45,-2.04,83.6,-2.65,-1.25
2026-06-28 18:50:00,1.45,-1.25,88.0,-2.61,-1.38
2026-06-28 19:00:00,1.45,-2.45,83.1,-2.53,-1.37
2026-06-28 19:10:00,1.44,-1.57,87.5,-2.75,-1.46
2026-06-28 19:20:00,1.45,-1.05,82.4,-3.12,-1.30
2026-06-28 19:30:00,1.44,-2.52,85.2,-3.20,-1.28
2026-06-28 19:40:00,1.44,-2.02,86.5,-3.33,-1.31
2026-06-28 19:50:00,1.44,-1.76,86.5,-3.21,-1.40
2026-06-28 20:00:00,1.44,-2.62,83.6,-3.10,-1.27
2026-06-28 20:10:00,1.44,-2.86,81.7,-3.17,-1.22
2026-06-28 20:20:00,1.44,-2.54,83.9,-3.95,-1.36
2026-06-28 20:30:00,1.43,-3.02,84.5,-3.54,-1.43
2026-06-28 20:40:00,1.44,-2.82,84.9,-3.64,-1.27
2026-06-28 20:50:00,1.45,-2.65,92.2,-3.67,-1.33
2026-06-28 21:00:00,1.44,-4.28,87.6,-3.64,-1.32
2026-06-28 21:10:00,1.44,-4.42,90.6,-4.07,-1.29
2026-06-28 21:20:00,1.44,-4.15,90.0,-4.07,-1.14
2026-06-28 21:30:00,1.44,-4.04,91.2,-3.55,-1.25
2026-06-28 21:40:00,1.43,-4.27,95.9,-3.89,-1.24
2026-06-28 21:50:00,1.44,-3.87,93.4,-4.14,-1.31
2026-06-28 22:00:00,1.43,-5.17,90.6,-3.56,-1.28
2026-06-28 22:10:00,1.43,-5.27,89.3,-4.04,-1.34
2026-06-28 22:20:00,1.43,-5.64,90.6,-3.81,-1.41
2026-06-28 22:30:00,1.43,-4.41,92.6,-4.15,-1.21
2026-06-28 22:40:00,1.43,-4.98,94.9,-3.84,-1.31
2026-06-28 22:50:00,1.44,-4.88,95.0,-4.44,-1.43
2026-06-28 23:00:00,1.43,-5.47,94.4,-4.44,-1.42
2026-06-28 23:10:00,1.43,-5.78,97.5,-4.83,-1.30
2026-06-28 23:20:00,1.43,-6.21,94.7,-4.38,-1.34
2026-06-28 23:30:00,1.43,-6.04,93.9,-4.78,-1.25
2026-06-28 23:40:00,1.43,-5.85,93.0,-4.38,-1.35
2026-06-28 23:50:00,1.43,-6.79,92.1,-4.52,-1.32
2026-06-29 00:00:00,1.43,-6.73,98.4,-4.67,-1.25
2026-06-29 00:10:00,1.42,-6.67,91.8,-4.99,-1.43
2026-06-29 00:20:00,1.42,-6.77,96.1,-4.70,-1.27
2026-06-29 00:30:00,1.43,-7.03,96.8,-4.42,-1.17
2026-06-29 00:40:00,1.42,-7.72,99.5,-4.63,-1.35
2026-06-29 00:50:00,1.43,-6.70,98.3,-4.87,-1.17
2026-06-29 01:00:00,1.43,-6.43,93.3,-4.58,-1.28
2026-06-29 01:10:00,1.42,-7.42,92.3,-4.63,-1.24
2026-06-29 01:20:00,1.43,-7.02,95.9,-4.76,-1.16
2026-06-29 01:30:00,1.42,-7.28,97.5,-5.00,-1.24
2026-06-29 01:40:00,1.42,-8.18,99.0,-5.10,-1.29
2026-06-29 01:50:00,1.42,-7.74,98.2,-4.64,-1.33
2026-06-29 02:00:00,1.43,-7.12,99.5,-5.30,-1.07
2026-06-29 02:10:00,1.42,-7.58,99.5,-4.60,-1.33
2026-06-29 02:20:00,1.42,-7.44,99.5,-4.85,-1.20
2026-06-29 02:30:00,1.42,-7.54,95.2,-5.46,-1.37
2026-06-29 02:40:00,1.42,-7.18,97.6,-4.28,-1.23
2026-06-29 02:50:00,1.42,-7.84,99.5,-4.63,-1.19
2026-06-29 03:00:00,1.42,-8.27,98.3,-5.17,-1.28
2026-06-29 03:10:00,1.42,-8.60,98.5,-4.95,-1.37
2026-06-29 03:20:00,1.42,-7.82,99.4,-5.02,-1.19
2026-06-29 03:30:00,1.43,-7.58,99.5,-4.63,-1.27
2026-06-29 03:40:00,1.42,-7.48,98.3,-5.17,-1.22
2026-06-29 03:50:00,1.42,-7.57,99.5,-4.50,-1.22
2026-06-29 04:00:00,1.42,-7.96,99.5,-5.43,-1.25
2026-06-29 04:10:00,1.42,-6.59,98.3,-4.96,-1.18
2026-06-29 04:20:00,1.42,-7.82,99.5,-5.12,-1.27
2026-06-29 04:30:00,1.42,-7.22,99.5,-4.86,-1.21
2026-06-29 04:40:00,1.42,-6.99,93.9,-4.97,-1.26
2026-06-29 04:50:00,1.42,-7.60,98.0,-4.60,-1.32
2026-06-29 05:00:00,1.42,-6.33,99.5,-5.30,-1.29
2026-06-29 05:10:00,1.43,-7.14,98.7,-4.87,-1.21
2026-06-29 05:20:00,1.42,-7.71,92.3,-4.88,-1.25
2026-06-29 05:30:00,1.42,-6.35,95.5,-4.74,-1.28
2026-06-29 05:40:00,1.43,-6.07,99.5,-4.33,-1.38
2026-06-29 05:50:00,1.42,-7.24,93.7,-4.57,-1.34
2026-06-29 06:00:00,1.43,-6.27,96.5,-5.15,-1.33
2026-06-29 06:10:00,1.42,-6.04,94.1,-4.83,-1.30
2026-06-29 06:20:00,1.43,-5.90,93.2,-4.41,-1.39
2026-06-29 06:30:00,1.42,-5.93,93.8,-3.80,-1.28
2026-06-29 06:40:00,1.43,-5.58,94.8,-4.67,-1.22
2026-06-29 06:50:00,1.43,-5.46,92.6,-4.33,-1.27
2026-06-29 07:00:00,1.43,-5.47,93.3,-4.43,-1.39
2026-06-29 07:10:00,1.43,-5.34,90.4,-4.50,-1.38
2026-06-29 07:20:00,1.42,-6.00,87.6,-4.01,-1.29
2026-06-29 07:30:00,1.43,-5.05,91.5,-4.19,-1.30
2026-06-29 07:40:00,1.43,-4.91,95.6,-4.13,-1.37
2026-06-29 07:50:00,1.43,-5.20,92.9,-4.19,-1.31
2026-06-29 08:00:00,1.43,-4.59,88.8,-3.77,-1.35
2026-06-29 08:10:00,1.43,-4.36,93.1,-3.80,-1.40
2026-06-29 08:20:00,1.43,-3.05,93.8,-3.05,-1.34
2026-06-29 08:30:00,1.43,-3.61,90.2,-3.96,-1.39
2026-06-29 08:40:00,1.43,-3.95,89.6,-3.54,-1.27
2026-06-29 08:50:00,1.44,-3.62,85.4,-3.71,-1.40
2026-06-29 09:00:00,1.43,-3.41,90.8,-3.58,-1.23
2026-06-29 09:10:00,1.44,-3.22,84.2,-3.70,-1.33
2026-06-29 09:20:00,1.44,-2.96,91.0,-3.69,-1.28
2026-06-29 09:30:00,1.43,-3.51,88.9,-3.41,-1.33
2026-06-29 09:40:00,1.44,-2.79,89.3,-3.44,-1.25
2026-06-29 09:50:00,1.44,-2.58,83.8,-3.57,-1.16
2026-06-29 10:00:00,1.44,-1.97,80.0,-3.16,-1.33
2026-06-29 10:10:00,1.44,-2.29,81.3,-3.53,-1.23
2026-06-29 10:20:00,1.44,-2.58,86.0,-3.19,-1.22
2026-06-29 10:30:00,1.44,-1.21,85.5,-3.42,-1.36
2026-06-29 10:40:00,1.44,-2.82,78.3,-2.58,-1.18
2026-06-29 10:50:00,1.44,-1.60,81.3,-2.88,-1.18
2026-06-29 11:00:00,1.44,-1.05,77.7,-2.68,-1.22
2026-06-29 11:10:00,1.44,-1.15,79.0,-2.74,-1.34
2026-06-29 11:20:00,1.44,-1.15,81.9,-3.04,-1.29
2026-06-29 11:30:00,1.45,-0.35,84.5,-2.61,-1.36
2026-06-29 11:40:00,1.45,-0.47,80.8,-2.72,-1.37
2026-06-29 11:50:00,1.45,-1.01,82.7,-2.36,-1.40
2026-06-29 12:00:00,1.45,-0.39,78.8,-2.87,-1.33
2026-06-29 12:10:00,1.44,-0.43,79.4,-2.15,-1.41
2026-06-29 12:20:00,1.45,0.50,85.7,-2.66,-1.36
2026-06-29 12:30:00,1.45,-0.04,80.9,-2.15,-1.30
2026-06-29 12:40:00,1.45,-0.68,80.6,-2.17,-1.10
2026-06-29 12:50:00,1.45,0.30,80.9,-2.69,-1.27
2026-06-29 13:00:00,1.45,0.70,73.3,-2.50,-1.30
2026-06-29 13:10:00,1.45,0.39,71.2,-2.05,-1.17
2026-06-29 13:20:00,1.45,-0.15,80.1,-2.05,-1.28
2026-06-29 13:30:00,1.45,0.64,81.5,-2.20,-1.42
2026-06-29 13:40:00,1.44,0.01,80.2,-2.12,-1.31
2026-06-29 13:50:00,1.45,0.45,80.2,-1.80,-1.29
2026-06-29 14:00:00,1.45,0.05,85.9,-2.02,-1.26
2026-06-29 14:10:00,1.45,0.94,75.3,-2.30,-1.10
2026-06-29 14:20:00,1.45,0.09,77.7,-2.19,-1.27
2026-06-29 14:30:00,1.45,0.61,78.9,-2.08,-1.35
2026-06-29 14:40:00,1.45,0.42,76.1,-2.51,-1.18
2026-06-29 14:50:00,1.46,0.86,77.3,-1.94,-1.21
2026-06-29 15:00:00,1.45,0.04,74.3,-2.06,-1.27
2026-06-29 15:10:00,1.45,1.32,79.8,-2.28,-1.36
2026-06-29 15:20:00,1.45,1.37,77.8,-2.35,-1.24
2026-06-29 15:30:00,1.45,1.42,78.3,-1.94,-1.44
2026-06-29 15:40:00,1.45,0.84,78.8,-2.13,-1.33
2026-06-29 15:50:00,1.45,-0.11,81.9,-2.17,-1.18
2026-06-29 16:00:00,1.45,-0.05,82.2,-2.03,-1.41
2026-06-29 16:10:00,1.45,0.99,77.0,-2.16,-1.24
2026-06-29 16:20:00,1.45,1.03,77.5,-2.45,-1.45
2026-06-29 16:30:00,1.44,-0.30,75.8,-2.08,-1.26
2026-06-29 16:40:00,1.45,-0.30,70.0,-1.81,-1.22
2026-06-29 16:50:00,1.44,0.27,78.4,-2.13,-1.18
2026-06-29 17:00:00,1.45,0.25,75.0,-2.29,-1.24
2026-06-29 17:10:00,1.45,-0.20,73.7,-2.28,-1.10
2026-06-29 17:20:00,1.44,-0.05,80.4,-2.25,-1.25
2026-06-29 17:30:00,1.45,-0.24,78.9,-2.55,-1.35
2026-06-29 17:40:00,1.45,-1.32,83.1,-2.40,-1.41
2026-06-29 17:50:00,1.44,-0.13,84.1,-1.99,-1.19
2026-06-29 18:00:00,1.45,-1.50,80.1,-2.54,-1.28
2026-06-29 18:10:00,1.44,-0.76,83.9,-2.60,-1.39
2026-06-29 18:20:00,1.44,-1.15,82.5,-2.95,-1.30
2026-06-29 18:30:00,1.45,-0.64,81.9,-2.58,-1.29
2026-06-29 18:40:00,1.44,-1.38,79.6,-2.54,-1.26
2026-06-29 18:50:00,1.45,-1.78,82.5,-2.84,-1.29
2026-06-29 19:00:00,1.44,-1.35,83.7,-2.73,-1.13
2026-06-29 19:10:00,1.44,-1.79,78.7,-2.98,-1.33
2026-06-29 19:20:00,1.44,-2.11,83.5,-3.19,-1.19
2026-06-29 19:30:00,1.44,-2.40,87.7,-2.88,-1.20
2026-06-29 19:40:00,1.43,-2.30,82.0,-3.20,-1.29
2026-06-29 19:50:00,1.44,-2.27,83.8,-3.06,-1.38
2026-06-29 20:00:00,1.43,-2.97,87.3,-3.45,-1.34
2026-06-29 20:10:00,1.44,-3.01,89.9,-3.28,-1.35
2026-06-29 20:20:00,1.43,-3.29,87.4,-3.66,-1.19
2026-06-29 20:30:00,1.44,-2.61,89.4,-3.62,-1.25
2026-06-29 20:40:00,1.44,-3.33,86.7,-3.21,-1.31
2026-06-29 20:50:00,1.43,-3.37,84.8,-3.44,-1.45
2026-06-29 21:00:00,1.43,-3.48,85.2,-2.95,-1.34
2026-06-29 21:10:00,1.43,-3.49,91.4,-3.67,-1.20
2026-06-29 21:20:00,1.43,-4.07,91.2,-3.44,-1.26
2026-06-29 21:30:00,1.43,-3.13,87.9,-3.96,NaN
2026-06-29 21:40:00,1.44,-3.50,93.0,-3.77,-1.26
2026-06-29 21:50:00,1.43,-4.83,88.9,-3.71,-1.17
2026-06-29 22:00:00,1.43,-4.24,89.8,-4.00,-1.30
2026-06-29 22:10:00,1.42,-5.42,92.0,-3.96,-1.36
2026-06-29 22:20:00,1.42,-4.60,96.1,-4.37,-1.26
2026-06-29 22:30:00,1.43,-5.15,91.0,-4.27,-1.30
2026-06-29 22:40:00,1.43,-5.20,93.8,-3.79,-1.31
2026-06-29 22:50:00,1.43,-5.40,94.3,-4.24,-1.18
2026-06-29 23:00:00,1.42,-5.88,92.6,-4.56,-1.21
2026-06-29 23:10:00,1.42,-6.38,95.2,-4.39,-1.20
2026-06-29 23:20:00,1.42,-6.22,93.8,-4.41,-1.35
2026-06-29 23:30:00,1.42,-5.56,94.6,-4.52,-1.27
2026-06-29 23:40:00,1.42,-5.72,89.7,-4.59,-1.28
2026-06-29 23:50:00,1.41,-6.90,99.1,-4.67,-1.22
2026-06-30 00:00:00,1.42,-6.28,97.8,-4.91,-1.31
2026-06-30 00:10:00,1.42,-5.93,96.7,-4.31,-1.16
2026-06-30 00:20:00,1.41,-6.97,93.4,-4.53,-1.21
2026-06-30 00:30:00,1.42,-6.81,91.8,-4.63,-1.28
2026-06-30 00:40:00,1.42,-6.17,99.5,-5.00,-1.12
2026-06-30 00:50:00,1.42,-7.10,88.1,-4.85,-1.26
2026-06-30 01:00:00,1.41,-7.26,98.5,-4.61,-1.33
2026-06-30 01:10:00,1.42,-7.18,91.9,-5.05,-1.23
2026-06-30 01:20:00,1.42,-7.28,99.5,-5.04,-1.24
2026-06-30 01:30:00,1.41,-6.79,98.6,-4.83,-1.23
2026-06-30 01:40:00,1.42,-7.42,97.7,-5.52,-1.13
2026-06-30 01:50:00,1.41,-7.97,99.5,-5.24,-1.30
2026-06-30 02:00:00,1.41,-8.58,94.0,-4.83,-1.15
2026-06-30 02:10:00,1.42,-7.18,98.4,-4.87,-1.31
2026-06-30 02:20:00,1.41,-7.86,96.2,-4.95,-1.32
2026-06-30 02:30:00,1.41,-8.03,93.0,-4.69,-1.23
2026-06-30 02:40:00,1.41,-7.66,94.9,-4.69,-1.22
2026-06-30 02:50:00,1.42,-7.24,99.5,-4.78,-1.23
2026-06-30 03:00:00,1.41,-8.17,99.5,-4.54,-1.24
2026-06-30 03:10:00,1.42,-7.34,99.5,-4.99,-1.34
2026-06-30 03:20:00,1.42,-7.63,96.9,-5.19,-1.08
2026-06-30 03:30:00,1.42,-6.93,95.0,-5.49,-1.29
2026-06-30 03:40:00,1.41,-7.61,98.5,-5.05,-1.26
2026-06-30 03:50:00,1.41,-7.73,99.5,-4.93,-1.42
2026-06-30 04:00:00,1.41,-7.14,99.5,-5.02,-1.25
2026-06-30 04:10:00,1.42,-7.33,97.6,-4.83,-1.30
2026-06-30 04:20:00,1.41,-7.55,99.4,-4.92,-1.35
2026-06-30 04:30:00,1.41,-7.68,97.5,-5.13,-1.28
2026-06-30 04:40:00,1.42,-6.68,99.4,-4.86,-1.24
2026-06-30 04:50:00,1.41,-7.10,87.0,-5.01,-1.14
2026-06-30 05:00:00,1.42,-7.07,94.8,-5.16,-1.24
2026-06-30 05:10:00,1.42,-7.22,94.1,-5.04,-1.32
2026-06-30 05:20:00,1.42,-6.69,95.9,-4.88,-1.35
2026-06-30 05:30:00,1.42,-6.20,96.6,-4.51,-1.26
2026-06-30 05:40:00,1.42,-6.11,99.5,-4.76,-1.40
2026-06-30 05:50:00,1.42,-6.38,95.2,-4.50,-1.35
2026-06-30 06:00:00,1.42,-5.81,94.2,-5.01,-1.39
2026-06-30 06:10:00,1.42,-5.98,89.6,-4.34,-1.29
2026-06-30 06:20:00,1.42,-5.92,93.6,-4.56,-1.28
2026-06-30 06:30:00,1.41,-6.02,91.9,-4.69,-1.21
2026-06-30 06:40:00,1.42,-6.13,99.5,-4.10,-1.27
2026-06-30 06:50:00,1.42,-6.38,99.5,-4.34,-1.14
2026-06-30 07:00:00,1.42,-5.52,99.4,-4.76,-1.16
2026-06-30 07:10:00,1.42,-5.43,96.5,-4.37,-1.36
2026-06-30 07:20:00,1.43,-5.37,89.6,-4.60,-1.22
2026-06-30 07:30:00,1.42,-5.50,89.1,-4.28,-1.34
2026-06-30 07:40:00,1.42,-5.54,90.4,-4.21,-1.28
2026-06-30 07:50:00,1.43,-4.24,89.4,-3.93,-1.33
2026-06-30 08:00:00,1.43,-4.66,91.5,-3.88,-1.37
2026-06-30 08:10:00,1.42,-4.08,92.3,-3.58,-1.31
2026-06-30 08:20:00,1.42,-4.85,89.0,-3.94,-1.26
2026-06-30 08:30:00,1.43,-4.28,93.1,-3.58,-1.31
2026-06-30 08:40:00,1.42,-3.66,89.9,-3.99,-1.32
2026-06-30 08:50:00,1.43,-4.32,87.5,-3.28,-1.23
2026-06-30 09:00:00,1.43,-3.09,91.1,-3.47,-1.29
2026-06-30 09:10:00,1.43,-3.00,91.8,-3.28,-1.31
2026-06-30 09:20:00,1.43,-3.09,91.0,-3.90,-1.23
2026-06-30 09:30:00,1.43,-2.72,89.7,-3.20,-1.24
2026-06-30 09:40:00,1.43,-2.19,85.9,-3.21,-1.22
2026-06-30 09:50:00,1.43,-2.79,90.8,-3.17,-1.31
2026-06-30 10:00:00,1.43,-2.09,89.9,-3.49,-1.40
2026-06-30 10:10:00,1.44,-2.61,81.4,-3.22,-1.21
2026-06-30 10:20:00,1.44,-2.04,84.0,-2.49,-1.34
2026-06-30 10:30:00,1.43,-2.77,87.1,-2.96,-1.23
2026-06-30 10:40:00,1.44,-0.86,86.3,-3.51,-1.23
2026-06-30 10:50:00,1.44,-1.92,81.0,-3.07,-1.21
2026-06-30 11:00:00,1.44,-1.08,89.4,-2.50,-1.25
2026-06-30 11:10:00,1.44,-1.19,80.8,-2.64,-1.14
2026-06-30 11:20:00,1.43,-1.16,80.6,-2.37,-1.10
2026-06-30 11:30:00,1.44,-1.12,81.8,-2.82,-1.18
2026-06-30 11:40:00,1.43,-0.94,81.6,-2.20,-1.20
2026-06-30 11:50:00,1.44,-1.12,84.6,-2.51,-1.28
2026-06-30 12:00:00,1.44,-0.82,76.0,-2.32,-1.19
2026-06-30 12:10:00,1.44,0.63,80.8,-2.63,-1.30
2026-06-30 12:20:00,1.44,-0.35,78.9,-2.21,-1.27
2026-06-30 12:30:00,1.44,0.05,76.7,-2.12,-1.35
2026-06-30 12:40:00,1.45,1.03,85.2,-2.40,-1.37
2026-06-30 12:50:00,1.44,0.30,79.5,-1.73,-1.42
2026-06-30 13:00:00,1.44,-0.62,80.2,-2.04,-1.25
2026-06-30 13:10:00,1.44,0.59,74.2,-1.84,-1.22
2026-06-30 13:20:00,1.44,0.43,82.0,-2.45,-1.38
2026-06-30 13:30:00,1.44,0.60,82.5,-2.21,-1.26
2026-06-30 13:40:00,1.44,0.20,79.5,-2.35,-1.33
2026-06-30 13:50:00,1.45,1.00,77.7,-2.05,-1.25
2026-06-30 14:00:00,1.45,1.30,74.0,-2.06,-1.22
2026-06-30 14:10:00,1.44,0.01,75.2,-1.77,-1.18
2026-06-30 14:20:00,1.45,0.63,79.1,-1.88,-1.31
2026-06-30 14:30:00,1.44,1.35,83.1,-1.88,-1.28
2026-06-30 14:40:00,1.45,1.03,72.7,-1.99,-1.23
2026-06-30 14:50:00,1.44,0.98,73.9,-2.14,-1.32
2026-06-30 15:00:00,1.44,1.46,76.6,-1.97,-1.22
2026-06-30 15:10:00,1.45,0.98,73.8,-2.19,-1.15
2026-06-30 15:20:00,1.45,0.95,77.1,-2.09,-1.34
2026-06-30 15:30:00,1.44,1.00,76.4,-1.71,-1.16
2026-06-30 15:40:00,1.44,0.55,84.6,-2.01,-1.31
2026-06-30 15:50:00,1.44,1.28,72.7,-2.30,-1.35
2026-06-30 16:00:00,1.43,-0.17,77.5,-1.93,-1.27
2026-06-30 16:10:00,1.44,0.77,77.8,-2.12,-1.17
2026-06-30 16:20:00,1.44,0.60,79.7,-2.08,-1.28
2026-06-30 16:30:00,1.44,0.56,77.9,-2.05,-1.17
2026-06-30 16:40:00,1.44,-0.82,76.3,-2.14,-1.32
2026-06-30 16:50:00,1.45,1.21,77.1,-1.94,-1.26
2026-06-30 17:00:00,1.44,0.34,76.7,-1.89,-1.11
2026-06-30 17:10:00,1.44,-0.25,84.0,-2.05,-1.29
2026-06-30 17:20:00,1.44,0.57,79.2,-2.28,-1.20
2026-06-30 17:30:00,1.44,-0.80,81.1,-2.43,-1.26
2026-06-30 17:40:00,1.44,-0.68,80.1,-1.86,-1.17
2026-06-30 17:50:00,1.43,-0.23,79.3,-2.53,-1.30
2026-06-30 18:00:00,1.44,0.18,78.6,-2.18,-1.11
2026-06-30 18:10:00,1.44,-0.81,80.8,-2.53,-1.44
2026-06-30 18:20:00,1.43,-0.32,77.8,-2.36,-1.19
2026-06-30 18:30:00,1.43,-1.10,79.3,-2.20,-1.09
2026-06-30 18:40:00,1.43,-2.14,86.2,-2.54,-1.24
2026-06-30 18:50:00,1.44,-1.20,81.0,-2.53,-1.31
2026-06-30 19:00:00,1.43,-1.62,85.9,-2.22,-1.27
2026-06-30 19:10:00,1.43,-2.21,84.5,-3.09,-1.18
2026-06-30 19:20:00,1.44,-1.62,87.5,-3.16,-1.33
2026-06-30 19:30:00,1.44,-1.53,82.4,-3.08,-1.30
2026-06-30 19:40:00,1.43,-2.20,82.5,-3.07,-1.18
2026-06-30 19:50:00,1.43,-1.93,91.6,-2.86,-1.21
2026-06-30 20:00:00,1.43,-2.70,82.8,-3.68,-1.31
2026-06-30 20:10:00,1.42,-1.96,80.2,-2.86,-1.28
2026-06-30 20:20:00,1.43,-2.32,84.1,-3.42,-1.21
2026-06-30 20:30:00,1.43,-3.32,84.3,-3.16,-1.37
2026-06-30 20:40:00,1.43,-3.48,87.9,-3.72,-1.12
2026-06-30 20:50:00,1.42,-3.45,89.3,-3.40,-1.16
2026-06-30 21:00:00,1.43,-2.82,90.1,-3.80,-1.39
2026-06-30 21:10:00,1.42,-2.96,85.5,-3.30,-1.25
2026-06-30 21:20:00,1.42,-4.38,90.9,-3.48,-1.27
2026-06-30 21:30:00,1.42,-4.40,91.2,-3.79,-1.18
2026-06-30 21:40:00,1.42,-4.26,88.2,-3.64,-1.21
2026-06-30 21:50:00,1.42,-5.43,86.1,-4.02,-1.43
2026-06-30 22:00:00,1.42,-5.15,94.2,-3.72,-1.36
2026-06-30 22:10:00,1.42,-4.99,92.2,-4.02,-1.16
2026-06-30 22:20:00,1.42,-4.80,91.6,-4.02,-1.30
2026-06-30 22:30:00,1.42,-5.71,93.3,-3.80,-1.31
2026-06-30 22:40:00,1.42,-5.37,95.8,-3.58,-1.32
2026-06-30 22:50:00,1.42,-4.80,94.2,-4.32,-1.17
2026-06-30 23:00:00,1.41,-5.58,96.1,-4.42,-1.24
2026-06-30 23:10:00,1.41,-5.32,94.3,-4.16,-1.34
2026-06-30 23:20:00,1.42,-5.36,94.0,-4.52,-1.43
2026-06-30 23:30:00,1.41,-6.07,92.9,-4.25,-1.17
2026-06-30 23:40:00,1.42,-6.37,85.1,-4.66,-1.14
2026-06-30 23:50:00,1.41,-6.34,96.2,-4.31,-1.07
2026-07-01 00:00:00,1.41,-6.61,99.5,-4.49,-1.26
2026-07-01 00:10:00,1.41,-6.60,97.3,-4.68,-1.22
2026-07-01 00:20:00,1.41,-5.80,93.6,-4.36,-1.32
2026-07-01 00:30:00,1.41,-6.15,93.8,-4.49,-1.31
2026-07-01 00:40:00,1.41,-6.56,95.5,-4.59,-1.15
2026-07-01 00:50:00,1.40,-7.49,99.2,-5.03,-1.28
2026-07-01 01:00:00,1.41,-6.91,96.9,-4.56,-1.23
2026-07-01 01:10:00,1.40,-7.07,99.5,-4.64,-1.28
2026-07-01 01:20:00,1.41,-7.47,97.7,-4.88,-1.30
2026-07-01 01:30:00,1.41,-7.14,95.6,-5.29,-1.27
2026-07-01 01:40:00,1.41,-7.26,99.5,-4.82,-1.24
2026-07-01 01:50:00,1.41,-7.46,96.6,-4.60,-1.32
2026-07-01 02:00:00,1.41,-7.63,95.5,-4.62,-1.24
2026-07-01 02:10:00,1.41,-7.69,95.4,-4.83,-1.30
2026-07-01 02:20:00,1.40,-7.82,98.9,-4.28,-1.30
2026-07-01 02:30:00,1.41,-7.74,96.1,-5.28,-1.25
2026-07-01 02:40:00,1.41,-7.46,97.4,-5.19,-1.18
2026-07-01 02:50:00,1.41,-7.58,95.1,-4.86,-1.34
2026-07-01 03:00:00,1.41,-7.49,99.5,-5.00,-1.17
2026-07-01 03:10:00,1.41,-7.90,99.5,-4.19,-1.27
2026-07-01 03:20:00,1.41,-8.03,99.5,-5.10,-1.13
2026-07-01 03:30:00,1.41,-7.64,99.5,-4.78,-1.30
2026-07-01 03:40:00,1.41,-7.51,99.5,-4.25,-1.33
2026-07-01 03:50:00,1.41,-7.87,99.5,-4.87,-1.20
2026-07-01 04:00:00,1.41,-7.70,93.3,-4.67,-1.21
2026-07-01 04:10:00,1.40,-7.11,96.0,-5.19,-1.24
2026-07-01 04:20:00,1.41,-7.54,95.1,-4.96,-1.19
2026-07-01 04:30:00,1.41,-7.93,98.0,-4.37,-1.33
2026-07-01 04:40:00,1.41,-7.78,99.0,-4.87,-1.21
2026-07-01 04:50:00,1.41,-7.00,93.5,-4.89,-1.18
2026-07-01 05:00:00,1.41,-6.84,94.8,-4.67,-1.27
2026-07-01 05:10:00,1.40,-7.40,97.6,-4.56,-1.33
2026-07-01 05:20:00,1.41,-6.89,97.6,-4.57,-1.16
2026-07-01 05:30:00,1.41,-6.67,93.3,-4.34,-1.32
2026-07-01 05:40:00,1.42,-5.48,93.9,-4.22,-1.36
2026-07-01 05:50:00,1.41,-6.64,91.6,-4.42,-1.21
2026-07-01 06:00:00,1.40,-7.41,94.6,-4.45,-1.22
2026-07-01 06:10:00,1.41,-7.24,95.2,-4.50,-1.23
2026-07-01 06:20:00,1.41,-6.55,92.5,-4.37,-1.27
2026-07-01 06:30:00,1.42,-6.14,96.7,-3.81,-1.30
2026-07-01 06:40:00,1.41,-6.14,93.1,-4.21,-1.30
2026-07-01 06:50:00,1.41,-5.79,94.0,-4.08,-1.28
2026-07-01 07:00:00,1.42,-5.59,93.7,-4.03,-1.31
2026-07-01 07:10:00,1.41,-5.71,93.6,-4.02,-1.24
2026-07-01 07:20:00,1.42,-5.11,99.5,-3.86,-1.22
2026-07-01 07:30:00,1.42,-4.37,96.7,-3.74,-1.31
2026-07-01 07:40:00,1.41,-4.69,85.3,-3.87,-1.14
2026-07-01 07:50:00,1.42,-4.21,90.2,-3.83,-1.39
2026-07-01 08:00:00,1.42,-4.56,93.2,-3.49,-1.30
2026-07-01 08:10:00,1.42,-4.09,92.7,-3.83,-1.09
2026-07-01 08:20:00,1.43,-3.50,91.9,-3.96,-1.24
2026-07-01 08:30:00,1.42,-3.63,89.3,-3.58,-1.32
2026-07-01 08:40:00,1.42,-3.62,84.3,-3.72,-1.20
2026-07-01 08:50:00,1.42,-3.35,89.8,-3.59,-1.23
2026-07-01 09:00:00,1.42,-2.94,86.7,-3.69,-1.34
2026-07-01 09:10:00,1.43,-3.32,87.8,-3.80,-1.18
2026-07-01 09:20:00,1.42,-2.97,90.0,-3.39,-1.34
2026-07-01 09:30:00,1.43,-3.63,88.5,-3.71,-1.20
2026-07-01 09:40:00,1.43,-2.48,90.7,-2.95,-1.36
2026-07-01 09:50:00,1.43,-2.09,85.8,-3.10,-1.27
2026-07-01 10:00:00,1.43,-2.16,93.2,-3.42,-1.12
2026-07-01 10:10:00,1.43,-2.11,82.2,-3.25,-1.17
2026-07-01 10:20:00,1.43,-1.41,87.7,-2.65,-1.20
2026-07-01 10:30:00,1.43,-2.16,84.2,-2.83,-1.26
2026-07-01 10:40:00,1.44,-1.51,88.1,-2.50,-1.28
2026-07-01 10:50:00,1.42,-1.40,84.4,-2.54,-1.37
2026-07-01 11:00:00,1.43,-1.16,86.7,-2.95,-1.25
2026-07-01 11:10:00,1.43,-0.86,81.3,-2.32,-1.21
2026-07-01 11:20:00,1.43,-1.08,87.1,-2.73,-1.18
2026-07-01 11:30:00,1.43,-0.16,82.7,-2.35,-1.22
2026-07-01 11:40:00,1.43,-0.01,73.2,-2.37,-1.22
2026-07-01 11:50:00,1.43,0.07,76.9,-3.01,-1.20
2026-07-01 12:00:00,1.43,-0.84,76.5,-2.17,-1.23
2026-07-01 12:10:00,1.44,0.68,77.0,-2.72,-1.07
2026-07-01 12:20:00,1.43,-0.13,75.7,-2.37,-1.41
2026-07-01 12:30:00,1.43,-0.27,78.1,-2.29,-1.07
2026-07-01 12:40:00,1.44,0.01,81.6,-2.23,-1.31
2026-07-01 12:50:00,1.44,0.04,77.3,-2.35,-1.31
2026-07-01 13:00:00,1.43,0.09,81.3,-1.95,-1.26
2026-07-01 13:10:00,1.44,0.75,77.0,-2.00,-1.26
2026-07-01 13:20:00,1.44,0.26,81.9,-1.68,-1.35
2026-07-01 13:30:00,1.43,0.34,73.9,-2.52,-1.32
2026-07-01 13:40:00,1.44,0.14,77.4,-2.08,-1.31
2026-07-01 13:50:00,1.44,1.21,78.9,-1.67,-1.18
2026-07-01 14:00:00,1.43,0.27,76.9,-1.93,-1.39
2026-07-01 14:10:00,1.44,0.89,78.2,-2.53,-1.22
2026-07-01 14:20:00,1.44,0.66,80.5,-2.16,-1.23
2026-07-01 14:30:00,1.44,0.86,78.3,-2.02,-1.22
2026-07-01 14:40:00,1.44,0.26,82.5,-2.32,-1.26
2026-07-01 14:50:00,1.44,0.65,79.2,-1.64,-1.34
2026-07-01 15:00:00,1.43,-0.17,75.0,-1.66,-1.21
2026-07-01 15:10:00,1.44,1.33,74.5,-1.74,-1.10
2026-07-01 15:20:00,1.43,0.95,71.7,-2.56,-1.07
2026-07-01 15:30:00,1.44,1.05,77.7,-2.47,-1.20
2026-07-01 15:40:00,1.43,0.29,77.7,-1.74,-1.25
2026-07-01 15:50:00,1.44,0.43,76.5,-1.89,-1.24
2026-07-01 16:00:00,1.43,0.18,80.1,-1.70,-1.18
2026-07-01 16:10:00,1.44,0.76,82.2,-1.80,-1.26
2026-07-01 16:20:00,1.43,0.32,76.4,-1.57,-1.35
2026-07-01 16:30:00,1.43,-0.04,71.5,-2.03,-1.26
2026-07-01 16:40:00,1.43,-0.60,79.2,-2.17,-1.19
2026-07-01 16:50:00,1.44,1.13,74.6,-2.12,-1.19
2026-07-01 17:00:00,1.43,-0.25,81.0,-2.03,-1.30
2026-07-01 17:10:00,1.44,0.18,78.3,-2.56,-1.07
2026-07-01 17:20:00,1.43,-0.17,80.6,-2.35,-1.21
2026-07-01 17:30:00,1.43,-0.61,80.0,-2.56,-1.30
2026-07-01 17:40:00,1.43,-0.04,75.3,-1.83,-1.19
2026-07-01 17:50:00,1.43,-0.14,78.1,-1.97,-1.23
2026-07-01 18:00:00,1.43,-1.07,83.6,-1.90,-1.26
2026-07-01 18:10:00,1.43,-0.17,80.0,-2.44,-1.23
2026-07-01 18:20:00,1.44,-0.25,78.5,-2.72,-1.24
2026-07-01 18:30:00,1.43,-1.04,77.5,-2.29,-1.34
2026-07-01 18:40:00,1.43,-0.60,84.9,-1.94,-1.26
2026-07-01 18:50:00,1.43,-1.94,80.1,-2.87,-1.26
2026-07-01 19:00:00,1.43,-1.86,81.5,-2.20,-1.27
2026-07-01 19:10:00,1.43,-1.05,85.0,-2.67,-1.34
2026-07-01 19:20:00,1.42,-1.89,84.3,-2.69,-1.14
2026-07-01 19:30:00,1.43,-2.02,84.1,-3.20,-1.27
2026-07-01 19:40:00,1.43,-2.26,86.0,-2.97,-1.28
2026-07-01 19:50:00,1.43,-1.99,84.3,-3.26,-1.09
2026-07-01 20:00:00,1.43,-2.21,85.0,-3.21,-1.20
2026-07-01 20:10:00,1.43,-1.85,86.3,-2.97,-1.28
2026-07-01 20:20:00,1.42,-2.52,85.3,-2.77,-1.26
2026-07-01 20:30:00,1.42,-3.86,91.1,-3.38,-1.08
2026-07-01 20:40:00,1.42,-2.64,85.1,-2.77,-1.13
2026-07-01 20:50:00,1.42,-3.39,89.8,-2.98,-1.24
2026-07-01 21:00:00,1.42,-3.35,86.3,-3.13,-1.07
2026-07-01 21:10:00,1.42,-4.02,90.3,-3.36,-1.26
2026-07-01 21:20:00,1.42,-4.35,96.1,-3.27,-1.23
2026-07-01 21:30:00,1.41,-4.17,90.3,-3.58,-1.27
2026-07-01 21:40:00,1.41,-4.55,92.4,-3.63,-1.19
2026-07-01 21:50:00,1.41,-4.30,86.8,-3.54,-1.38
2026-07-01 22:00:00,1.42,-4.27,99.5,-4.02,-1.36
2026-07-01 22:10:00,1.41,-3.78,89.8,-3.76,-1.26
2026-07-01 22:20:00,1.41,-5.05,87.9,-4.26,-1.09
2026-07-01 22:30:00,1.41,-4.77,93.6,-3.71,-1.29
2026-07-01 22:40:00,1.41,-5.63,93.4,-3.71,-1.24
2026-07-01 22:50:00,1.41,-5.67,87.1,-3.88,-1.20
2026-07-01 23:00:00,1.41,-6.20,94.8,-4.52,-1.28
2026-07-01 23:10:00,1.41,-5.68,99.5,-4.31,-1.23
2026-07-01 23:20:00,1.41,-6.26,92.5,-4.31,-1.00
2026-07-01 23:30:00,1.41,-6.14,92.2,-4.23,-1.15
2026-07-01 23:40:00,1.41,-5.62,97.1,-4.44,-1.33
2026-07-01 23:50:00,1.41,-6.20,95.1,-4.08,-1.34
2026-07-02 00:00:00,1.39,-7.00,99.5,-4.47,-1.11
2026-07-02 00:10:00,1.40,-7.33,96.3,-4.12,-1.47
2026-07-02 00:20:00,1.41,-6.11,99.5,-4.27,-1.28
2026-07-02 00:30:00,1.40,-6.25,99.5,-4.54,-1.10
2026-07-02 00:40:00,1.40,-7.12,98.1,-4.75,-1.12
2026-07-02 00:50:00,1.39,-6.98,96.2,-4.15,-1.29
2026-07-02 01:00:00,1.40,-6.07,96.3,-4.79,-1.27
2026-07-02 01:10:00,1.41,-7.07,97.8,-4.63,-1.17
2026-07-02 01:20:00,1.40,-6.93,98.5,-4.71,-1.16
2026-07-02 01:30:00,1.41,-7.47,98.9,-4.27,-1.23
2026-07-02 01:40:00,1.40,-8.31,99.5,-4.89,-1.34
2026-07-02 01:50:00,1.40,-7.79,94.6,-4.20,-1.21
2026-07-02 02:00:00,1.39,-8.03,99.5,-4.65,-1.19
2026-07-02 02:10:00,1.39,-7.66,93.0,-4.56,-1.27
2026-07-02 02:20:00,1.40,-7.52,98.8,-4.51,-1.28
2026-07-02 02:30:00,1.40,-8.08,99.5,-4.99,-1.25
2026-07-02 02:40:00,1.40,-7.27,94.7,-4.95,-1.28
2026-07-02 02:50:00,1.40,-8.24,96.6,-5.16,-1.31
2026-07-02 03:00:00,1.40,-8.00,96.5,-4.89,-1.27
2026-07-02 03:10:00,1.40,-7.31,97.3,-4.24,-1.19
2026-07-02 03:20:00,1.40,-7.67,97.9,-4.79,-1.33
2026-07-02 03:30:00,1.40,-7.63,94.2,-4.52,-1.24
2026-07-02 03:40:00,1.40,-6.98,99.5,-4.44,-1.23
2026-07-02 03:50:00,1.41,-7.15,95.0,-4.94,-1.18
2026-07-02 04:00:00,1.40,NaN,NaN,-5.02,-1.25
2026-07-02 04:10:00,1.40,-7.39,99.5,-4.82,-1.31
2026-07-02 04:20:00,1.40,-6.86,96.6,-4.76,-1.24
2026-07-02 04:30:00,1.40,-7.23,92.2,-4.08,-1.16
2026-07-02 04:40:00,1.40,-7.79,97.9,-4.54,-1.29
2026-07-02 04:50:00,1.40,-7.07,96.5,-5.12,-1.27
2026-07-02 05:00:00,1.40,-7.51,95.5,-4.74,-1.30
2026-07-02 05:10:00,1.40,-6.82,96.7,-4.83,-1.14
2026-07-02 05:20:00,1.40,-7.54,97.1,-4.87,-1.20
2026-07-02 05:30:00,1.41,-5.94,94.5,-4.64,-1.12
2026-07-02 05:40:00,1.40,-6.21,89.7,-4.71,-1.28
2026-07-02 05:50:00,1.40,-7.05,94.8,-4.61,-1.26
2026-07-02 06:00:00,1.41,-5.83,95.1,-5.03,-1.13
2026-07-02 06:10:00,1.40,-6.60,97.0,-4.49,-1.33
2026-07-02 06:20:00,1.40,-6.56,92.0,-4.19,-1.13
2026-07-02 06:30:00,1.40,-6.40,94.1,-3.81,-1.19
2026-07-02 06:40:00,1.41,-5.93,98.6,-4.16,-1.15
2026-07-02 06:50:00,1.41,-6.17,95.9,-3.97,-1.45
2026-07-02 07:00:00,1.41,-5.40,95.3,-4.21,-1.31
2026-07-02 07:10:00,1.41,-5.20,97.6,-4.01,-1.27
2026-07-02 07:20:00,1.41,-5.30,92.5,-4.21,-1.15
2026-07-02 07:30:00,1.41,-5.22,92.2,-3.85,-1.14
2026-07-02 07:40:00,1.41,-4.81,88.7,-3.77,-1.24
2026-07-02 07:50:00,1.41,-4.64,91.3,-3.88,-1.16
2026-07-02 08:00:00,1.41,-4.41,88.8,-3.75,-1.16
2026-07-02 08:10:00,1.41,-4.59,90.7,-3.85,-1.20
2026-07-02 08:20:00,1.42,-3.83,86.6,-3.14,-1.29
2026-07-02 08:30:00,1.41,-3.72,88.1,-3.35,-1.28
2026-07-02 08:40:00,1.41,-3.84,91.4,-3.51,-1.23
2026-07-02 08:50:00,1.42,-3.57,86.3,-3.62,-1.26
2026-07-02 09:00:00,1.41,-3.50,91.4,-3.43,-1.31
2026-07-02 09:10:00,1.41,-4.11,85.0,-3.43,-1.28
2026-07-02 09:20:00,1.43,-1.84,90.4,-3.39,-1.27
2026-07-02 09:30:00,1.42,-2.44,85.1,-3.12,-1.14
2026-07-02 09:40:00,1.42,-3.05,88.1,-3.05,-1.30
2026-07-02 09:50:00,1.42,-2.53,81.9,-2.67,-1.14
2026-07-02 10:00:00,1.42,-2.00,83.1,-3.13,-1.36
2026-07-02 10:10:00,1.42,-2.28,80.7,-2.73,-1.24
2026-07-02 10:20:00,1.42,-2.80,83.8,-3.09,-1.28
2026-07-02 10:30:00,1.43,-0.81,85.6,-2.85,-1.13
2026-07-02 10:40:00,1.42,-1.61,83.8,-2.56,-1.28
2026-07-02 10:50:00,1.42,-1.56,84.0,-2.86,-1.25
2026-07-02 11:00:00,1.42,-1.74,86.2,-2.86,-1.05
2026-07-02 11:10:00,1.43,-1.21,79.3,-2.24,-1.18
2026-07-02 11:20:00,1.43,-0.76,76.6,-2.40,-1.26
2026-07-02 11:30:00,1.43,0.40,81.0,-2.44,-1.17
2026-07-02 11:40:00,1.43,-0.01,82.8,-2.49,-1.19
2026-07-02 11:50:00,1.43,0.27,82.5,-2.30,-1.37
2026-07-02 12:00:00,1.42,-0.77,82.9,-2.48,-1.23
2026-07-02 12:10:00,1.43,-0.40,81.4,-2.70,-1.16
2026-07-02 12:20:00,1.42,-0.85,83.2,-2.55,-1.38
2026-07-02 12:30:00,1.43,0.60,78.0,-2.19,-1.30
2026-07-02 12:40:00,1.42,-0.59,81.2,-1.84,-1.32
2026-07-02 12:50:00,1.43,-0.20,84.3,-1.99,-0.98
2026-07-02 13:00:00,1.43,0.41,75.5,-1.97,-1.22
2026-07-02 13:10:00,1.43,1.25,81.8,-2.33,-1.28
2026-07-02 13:20:00,1.42,0.83,77.1,-2.14,-1.30
2026-07-02 13:30:00,1.44,1.07,76.2,-1.98,-1.15
2026-07-02 13:40:00,1.43,0.74,71.5,-2.47,-1.32
2026-07-02 13:50:00,1.43,1.66,79.4,-2.32,-1.20
2026-07-02 14:00:00,1.44,1.61,69.4,-1.70,-1.07
2026-07-02 14:10:00,1.43,1.13,77.8,-1.80,-1.21
2026-07-02 14:20:00,1.43,0.60,78.1,-2.25,-1.28
2026-07-02 14:30:00,1.43,1.01,73.9,-1.96,-1.24
2026-07-02 14:40:00,1.43,0.14,72.4,-1.58,-1.24
2026-07-02 14:50:00,1.43,1.13,77.4,-2.09,-1.21
2026-07-02 15:00:00,1.43,0.05,71.2,-1.86,-1.36
2026-07-02 15:10:00,1.43,1.25,75.2,-1.91,-1.14
2026-07-02 15:20:00,1.44,1.36,75.1,-2.01,-1.32
2026-07-02 15:30:00,1.43,0.66,76.2,-1.82,-1.37
2026-07-02 15:40:00,1.43,-0.01,78.6,-1.46,-1.25
2026-07-02 15:50:00,1.43,0.31,74.3,-2.16,-1.24
2026-07-02 16:00:00,1.44,0.85,78.7,-1.85,-1.25
2026-07-02 16:10:00,1.44,0.84,70.9,-1.85,-1.18
2026-07-02 16:20:00,1.43,0.33,81.7,-1.97,-1.30
2026-07-02 16:30:00,1.42,-0.17,75.2,-1.93,-1.22
2026-07-02 16:40:00,1.43,0.37,78.6,-1.95,-1.27
2026-07-02 16:50:00,1.43,1.14,79.9,-1.76,-1.33
2026-07-02 17:00:00,1.43,0.10,78.6,-2.09,-1.40
2026-07-02 17:10:00,1.42,-0.79,78.2,-2.47,-1.14
2026-07-02 17:20:00,1.43,-0.16,79.8,-1.94,-1.33
2026-07-02 17:30:00,1.44,0.24,73.0,-2.45,-1.22
2026-07-02 17:40:00,1.43,-0.29,82.6,-1.87,-1.26
2026-07-02 17:50:00,1.43,-0.10,79.0,-2.22,-1.25
2026-07-02 18:00:00,1.43,0.31,78.9,-2.45,-1.14
2026-07-02 18:10:00,1.42,-0.64,77.6,-2.49,-1.25
2026-07-02 18:20:00,1.42,-0.58,80.9,-2.56,-1.33
2026-07-02 18:30:00,1.42,-0.33,77.2,-2.60,-1.12
2026-07-02 18:40:00,1.42,-0.69,85.1,-2.53,-1.18
2026-07-02 18:50:00,1.42,-0.83,83.6,-2.78,-1.20
2026-07-02 19:00:00,1.42,-1.31,76.2,-2.68,-1.16
2026-07-02 19:10:00,1.41,-1.65,81.1,-2.25,-1.22
2026-07-02 19:20:00,1.42,-0.91,80.6,-2.61,-1.22
2026-07-02 19:30:00,1.42,-2.14,86.8,-2.89,-1.34
2026-07-02 19:40:00,1.42,-2.29,94.2,-3.05,-1.22
2026-07-02 19:50:00,1.42,-2.11,83.7,-3.07,-1.22
2026-07-02 20:00:00,1.42,-1.91,84.7,-2.93,-1.11
2026-07-02 20:10:00,1.42,-2.47,86.3,-2.74,-1.15
2026-07-02 20:20:00,1.41,-2.14,88.9,-3.35,-1.21
2026-07-02 20:30:00,1.41,-3.61,82.5,-2.54,-1.30
2026-07-02 20:40:00,1.42,-2.69,84.8,-3.37,-1.18
2026-07-02 20:50:00,1.41,-3.47,85.7,-3.17,-1.20
2026-07-02 21:00:00,1.41,-3.09,86.6,-3.35,-1.24
2026-07-02 21:10:00,1.41,-3.41,87.5,-3.70,-1.24
2026-07-02 21:20:00,1.41,-2.98,90.6,-3.36,-1.14
2026-07-02 21:30:00,1.41,-3.70,87.0,-3.36,-1.23
2026-07-02 21:40:00,1.41,-5.04,94.3,-3.14,-1.13
2026-07-02 21:50:00,1.40,-4.69,90.6,-3.54,-1.23
2026-07-02 22:00:00,1.40,-3.81,89.7,-3.57,-1.23
2026-07-02 22:10:00,1.41,-4.75,91.6,-3.52,-1.39
2026-07-02 22:20:00,1.40,-5.99,91.1,-3.48,-1.12
2026-07-02 22:30:00,1.41,-4.78,93.1,-3.96,-1.21
2026-07-02 22:40:00,1.41,-4.26,89.7,-3.57,-1.11
2026-07-02 22:50:00,1.40,-5.87,93.6,-3.76,-1.22
2026-07-02 23:00:00,1.40,-5.72,90.0,-3.64,-1.30
2026-07-02 23:10:00,1.40,-5.72,96.6,-4.13,-1.36
2026-07-02 23:20:00,1.40,-5.98,87.6,-4.26,-1.28
2026-07-02 23:30:00,1.41,-6.17,91.8,-4.23,-1.10
2026-07-02 23:40:00,1.40,-5.49,96.2,-4.38,-1.09
2026-07-02 23:50:00,1.40,-6.33,97.8,-4.38,-1.17
2026-07-03 00:00:00,1.40,-5.94,97.5,-4.41,-1.18
2026-07-03 00:10:00,1.40,-6.76,97.2,-4.58,-1.28
2026-07-03 00:20:00,1.40,-7.20,92.2,-4.41,-1.18
2026-07-03 00:30:00,1.40,-5.99,95.2,-4.54,-1.15
2026-07-03 00:40:00,1.40,-6.23,92.2,-4.52,-1.15
2026-07-03 00:50:00,1.40,-7.25,99.0,-3.99,-1.26
2026-07-03 01:00:00,1.39,-6.94,94.3,-4.46,-1.36
2026-07-03 01:10:00,1.40,NaN,NaN,-4.48,-1.27
2026-07-03 01:20:00,1.40,-7.14,94.6,-4.33,-1.20
2026-07-03 01:30:00,1.41,-6.21,94.9,-4.67,-1.22
2026-07-03 01:40:00,1.40,-7.35,98.6,-4.76,-1.42
2026-07-03 01:50:00,1.39,-7.21,99.5,-5.12,-1.18
2026-07-03 02:00:00,1.39,-7.93,96.7,-5.33,-1.25
2026-07-03 02:10:00,1.40,-6.88,99.5,-4.75,-1.17
2026-07-03 02:20:00,1.39,-8.19,98.5,-4.58,-1.16
2026-07-03 02:30:00,1.39,-7.28,97.2,-4.64,-1.34
2026-07-03 02:40:00,1.40,-7.82,96.7,-4.80,-1.20
2026-07-03 02:50:00,1.39,-7.41,99.5,-4.64,-1.28
2026-07-03 03:00:00,1.40,-6.99,99.5,-4.96,-1.24
2026-07-03 03:10:00,1.40,-7.10,99.5,-5.05,-1.32
2026-07-03 03:20:00,1.39,-7.00,99.5,-4.88,-1.01
2026-07-03 03:30:00,1.40,-7.00,97.4,-4.79,-1.13
2026-07-03 03:40:00,1.39,-8.09,98.0,-4.51,-1.30
2026-07-03 03:50:00,1.39,-7.74,99.4,-4.40,-1.15
2026-07-03 04:00:00,1.39,-7.45,92.9,-5.02,-1.29
2026-07-03 04:10:00,1.40,-7.50,97.0,-4.49,-1.37
2026-07-03 04:20:00,1.39,-7.59,97.4,-4.50,-1.23
2026-07-03 04:30:00,1.39,-7.28,97.7,-4.63,-1.27
2026-07-03 04:40:00,1.39,-6.37,95.3,-4.41,-1.36
2026-07-03 04:50:00,1.39,-6.90,99.5,-4.73,-1.12
2026-07-03 05:00:00,1.39,-6.59,99.0,-5.08,-1.28
2026-07-03 05:10:00,1.39,-6.85,98.0,-4.66,-1.27
2026-07-03 05:20:00,1.40,-7.44,98.1,-4.20,-1.26
2026-07-03 05:30:00,1.40,-6.45,91.9,-4.60,-1.21
2026-07-03 05:40:00,1.39,-6.81,95.4,-4.71,-1.28
2026-07-03 05:50:00,1.40,-5.55,89.6,-4.49,-1.21
2026-07-03 06:00:00,1.40,-6.09,96.3,-4.46,-1.16
2026-07-03 06:10:00,1.40,-6.13,96.0,-3.90,-1.21
2026-07-03 06:20:00,1.40,-6.27,96.5,-4.04,-1.02
2026-07-03 06:30:00,1.40,-6.20,99.3,-4.12,-1.28
2026-07-03 06:40:00,1.40,-5.75,92.1,-4.17,-1.15
2026-07-03 06:50:00,1.40,-5.14,95.0,-4.02,-1.14
2026-07-03 07:00:00,1.40,-5.48,93.8,-4.31,-1.25
2026-07-03 07:10:00,1.40,-5.63,91.8,-3.72,-1.17
2026-07-03 07:20:00,1.40,-5.03,96.4,-3.51,-1.40
2026-07-03 07:30:00,1.40,-5.14,92.6,-3.92,-1.18
2026-07-03 07:40:00,1.41,-5.11,84.6,-4.28,-1.30
2026-07-03 07:50:00,1.40,-4.85,92.0,-3.92,-1.26
2026-07-03 08:00:00,1.40,-4.68,91.5,-4.02,-1.36
2026-07-03 08:10:00,1.40,-4.38,89.3,-3.44,-1.31
2026-07-03 08:20:00,1.41,-3.90,91.9,-2.96,-1.22
2026-07-03 08:30:00,1.40,-4.26,92.5,-3.26,-1.27
2026-07-03 08:40:00,1.41,-3.20,91.8,-3.20,-1.06
2026-07-03 08:50:00,1.41,-3.06,86.2,-3.25,-1.23
2026-07-03 09:00:00,1.40,-3.92,85.5,-3.37,-1.26
2026-07-03 09:10:00,1.41,-2.98,89.2,-3.27,-1.25
2026-07-03 09:20:00,1.41,-3.11,82.7,-2.78,-1.19
2026-07-03 09:30:00,1.41,-2.53,78.1,-3.46,-1.08
2026-07-03 09:40:00,1.41,-2.27,89.3,-3.03,-1.19
2026-07-03 09:50:00,1.42,-1.82,82.8,-2.85,-1.20
2026-07-03 10:00:00,1.41,-3.25,84.8,-3.30,-1.18
2026-07-03 10:10:00,1.41,-2.19,82.2,-3.21,-1.35
2026-07-03 10:20:00,1.41,-2.15,85.6,-3.10,-1.15
2026-07-03 10:30:00,1.41,-1.40,81.8,-2.39,-1.34
2026-07-03 10:40:00,1.42,-1.35,82.6,-2.55,-1.16
2026-07-03 10:50:00,1.41,-1.44,80.1,-2.28,-1.34
2026-07-03 11:00:00,1.42,-0.75,85.0,-2.63,-1.13
2026-07-03 11:10:00,1.42,-0.73,82.9,-3.03,-1.18
2026-07-03 11:20:00,1.42,-0.88,86.2,-2.63,-1.06
2026-07-03 11:30:00,1.42,-1.10,84.1,-2.37,-1.28
2026-07-03 11:40:00,1.42,-0.51,84.7,-2.60,-1.20
2026-07-03 11:50:00,1.42,0.11,80.7,-2.13,-1.12
2026-07-03 12:00:00,1.41,-0.52,86.7,-2.50,-1.19
2026-07-03 12:10:00,1.42,-0.39,75.1,-2.15,-1.15
2026-07-03 12:20:00,1.42,0.76,77.9,-2.09,-1.12
2026-07-03 12:30:00,1.42,-0.18,76.6,-1.92,-1.22
2026-07-03 12:40:00,1.43,-0.60,87.8,-1.68,-1.17
2026-07-03 12:50:00,1.42,0.29,73.3,-1.34,-1.22
2026-07-03 13:00:00,1.43,0.80,74.0,-1.56,-1.20
2026-07-03 13:10:00,1.42,0.07,78.6,-2.20,-1.31
2026-07-03 13:20:00,1.43,0.31,78.4,-1.97,-1.12
2026-07-03 13:30:00,1.42,-0.65,73.3,-2.04,-1.00
2026-07-03 13:40:00,1.42,0.91,77.2,-1.83,-1.19
2026-07-03 13:50:00,1.42,0.02,77.2,-1.98,-1.35
2026-07-03 14:00:00,1.42,0.88,78.0,-1.61,-1.29
2026-07-03 14:10:00,1.42,-0.01,78.3,-1.77,-1.05
2026-07-03 14:20:00,1.42,0.88,82.0,-1.78,-1.14
2026-07-03 14:30:00,1.43,0.95,69.8,-1.22,-1.23
2026-07-03 14:40:00,1.43,1.91,77.9,-1.30,-1.13
2026-07-03 14:50:00,1.42,1.59,71.1,-1.84,-1.20
2026-07-03 15:00:00,1.42,0.41,76.8,-1.91,-1.23
2026-07-03 15:10:00,1.43,1.40,81.2,-1.85,-1.28
2026-07-03 15:20:00,1.42,0.80,73.4,-1.55,-1.33
2026-07-03 15:30:00,1.43,-0.17,73.2,-2.24,-1.30
2026-07-03 15:40:00,1.43,0.97,80.9,-1.48,-1.21
2026-07-03 15:50:00,1.43,1.79,79.3,-1.67,-1.13
2026-07-03 16:00:00,1.43,1.20,79.0,-1.55,-1.22
2026-07-03 16:10:00,1.42,0.86,82.8,-1.67,-1.19
2026-07-03 16:20:00,1.43,1.71,76.9,-1.93,-1.25
2026-07-03 16:30:00,1.42,0.58,79.7,-1.95,-1.25
2026-07-03 16:40:00,1.42,-0.09,80.2,-1.56,-1.32
2026-07-03 16:50:00,1.42,0.17,76.6,-1.76,-1.22
2026-07-03 17:00:00,1.42,-0.01,79.4,-2.33,-1.25
2026-07-03 17:10:00,1.42,0.42,72.1,-2.03,-1.19
2026-07-03 17:20:00,1.42,0.62,81.2,-1.77,-1.12
2026-07-03 17:30:00,1.42,0.13,78.9,-2.12,-1.19
2026-07-03 17:40:00,1.42,-0.33,79.8,-1.98,-1.13
2026-07-03 17:50:00,1.42,-0.24,78.2,-2.32,-1.20
2026-07-03 18:00:00,1.42,-0.60,78.7,-2.19,-1.21
2026-07-03 18:10:00,1.41,-1.22,77.1,-2.32,-1.22
2026-07-03 18:20:00,1.42,-0.55,80.6,-2.40,-1.30
2026-07-03 18:30:00,1.42,-0.32,79.1,-2.36,-1.22
2026-07-03 18:40:00,1.42,-0.65,80.0,-2.93,-1.12
2026-07-03 18:50:00,1.42,-0.90,80.4,-2.57,-1.19
2026-07-03 19:00:00,1.42,-0.51,79.0,-3.06,-1.16
2026-07-03 19:10:00,1.41,-1.98,84.0,-2.62,-1.16
2026-07-03 19:20:00,1.41,-1.58,82.5,-2.66,-1.24
2026-07-03 19:30:00,1.41,-1.64,86.4,-3.09,-1.17
2026-07-03 19:40:00,1.41,-1.64,81.9,-2.77,-1.26
2026-07-03 19:50:00,1.41,-1.84,85.2,-3.59,-1.25
2026-07-03 20:00:00,1.41,-1.59,87.6,-2.78,-1.31
2026-07-03 20:10:00,1.41,-1.99,89.2,-3.33,-1.17
2026-07-03 20:20:00,1.41,-2.43,88.3,-3.25,-1.11
2026-07-03 20:30:00,1.41,-2.75,84.3,-2.42,-1.13
2026-07-03 20:40:00,1.40,-2.63,87.3,-3.11,-1.28
2026-07-03 20:50:00,1.41,-2.96,94.8,-3.40,-1.28
2026-07-03 21:00:00,1.41,-3.40,89.3,-3.51,-1.20
2026-07-03 21:10:00,1.40,-4.00,91.5,-3.81,-1.14
2026-07-03 21:20:00,1.41,-3.38,96.2,-3.78,-1.26
2026-07-03 21:30:00,1.40,-3.64,86.5,-3.28,-1.20
2026-07-03 21:40:00,1.41,-4.05,85.0,-3.42,-1.03
2026-07-03 21:50:00,1.40,-4.36,89.2,-3.00,-1.30
2026-07-03 22:00:00,1.40,-4.28,95.3,-3.39,-1.29
2026-07-03 22:10:00,1.40,-4.36,90.7,-3.43,-1.17
2026-07-03 22:20:00,1.39,-5.62,94.6,-3.71,-1.35
2026-07-03 22:30:00,1.40,-4.87,94.2,-3.41,-1.35
2026-07-03 22:40:00,1.40,-5.36,97.5,-3.98,-1.21
2026-07-03 22:50:00,1.40,-5.43,95.7,-4.00,-1.08
2026-07-03 23:00:00,1.39,-6.43,92.7,-3.69,-1.09
2026-07-03 23:10:00,1.40,-6.11,96.9,-4.05,-1.21
2026-07-03 23:20:00,1.40,-5.88,89.9,-4.09,-1.34
2026-07-03 23:30:00,1.39,-5.81,93.9,-4.68,-1.18
2026-07-03 23:40:00,1.39,-6.62,95.0,-4.18,-1.13
2026-07-03 23:50:00,1.40,-5.66,91.5,-4.39,-1.22
2026-07-04 00:00:00,1.39,-6.80,91.2,-4.41,-1.27
2026-07-04 00:10:00,1.39,-6.13,96.2,-4.13,-1.26
2026-07-04 00:20:00,1.39,-5.87,91.5,-4.60,-1.05
2026-07-04 00:30:00,1.40,-5.51,94.6,-4.36,-1.17
2026-07-04 00:40:00,1.39,-7.36,93.9,-3.91,-1.33
2026-07-04 00:50:00,1.39,-6.77,98.9,-4.39,-1.27
2026-07-04 01:00:00,1.39,-6.74,97.0,-4.79,-1.26
2026-07-04 01:10:00,1.39,-6.88,96.3,-4.35,-1.36
2026-07-04 01:20:00,1.38,-7.65,99.5,-4.77,-1.19
2026-07-04 01:30:00,1.39,-7.35,99.0,-4.44,-1.22
2026-07-04 01:40:00,1.39,-7.16,99.5,-4.92,-1.19
2026-07-04 01:50:00,1.39,-6.84,99.5,-4.72,-1.16
2026-07-04 02:00:00,1.39,-6.96,99.5,-4.43,-1.17
2026-07-04 02:10:00,1.39,-7.36,97.3,-4.65,-1.25
2026-07-04 02:20:00,1.39,-7.60,99.5,-4.71,-1.11
2026-07-04 02:30:00,1.39,-7.63,96.7,-4.52,-1.21
2026-07-04 02:40:00,1.39,-7.04,98.9,-4.41,-1.19
2026-07-04 02:50:00,1.39,-7.21,97.2,-4.68,-1.28
2026-07-04 03:00:00,1.39,-6.74,97.7,-4.93,-1.21
2026-07-04 03:10:00,1.39,-7.50,95.7,-4.45,-1.15
2026-07-04 03:20:00,1.39,-8.22,99.5,-4.45,-1.18
2026-07-04 03:30:00,1.39,-7.05,99.5,-4.71,-1.24
2026-07-04 03:40:00,1.38,-7.93,97.3,-4.16,-1.24
2026-07-04 03:50:00,1.39,-7.55,99.1,-4.45,-1.40
2026-07-04 04:00:00,1.39,-6.36,99.2,-4.77,-1.15
2026-07-04 04:10:00,1.39,-7.67,93.7,-4.16,-1.32
2026-07-04 04:20:00,1.39,-7.32,93.8,-4.33,-1.35
2026-07-04 04:30:00,1.39,-7.49,99.5,-4.17,-1.22
2026-07-04 04:40:00,1.38,-7.85,98.3,-4.31,-1.34
2026-07-04 04:50:00,1.38,-7.00,99.0,-4.03,-1.21
2026-07-04 05:00:00,1.39,-6.51,93.1,-4.35,-1.32
2026-07-04 05:10:00,1.39,-6.28,97.0,-4.43,-1.21
2026-07-04 05:20:00,1.39,-6.75,96.3,-4.37,-1.22
2026-07-04 05:30:00,1.39,-6.25,90.8,-4.04,-1.31
2026-07-04 05:40:00,1.39,-6.34,94.1,-4.30,-1.23
2026-07-04 05:50:00,1.39,-6.64,92.6,-4.07,-1.23
2026-07-04 06:00:00,1.39,-6.39,92.6,-4.36,-1.23
2026-07-04 06:10:00,1.39,-6.20,93.9,-4.33,-1.01
2026-07-04 06:20:00,1.39,-5.74,96.3,-4.26,-1.21
2026-07-04 06:30:00,1.39,-5.81,91.5,-3.94,-1.21
2026-07-04 06:40:00,1.40,-5.47,92.5,-3.87,-1.12
2026-07-04 06:50:00,1.40,-5.50,94.6,-3.75,-1.14
2026-07-04 07:00:00,1.40,-5.38,99.5,-3.96,-1.15
2026-07-04 07:10:00,1.39,-5.69,94.7,-3.72,-1.19
2026-07-04 07:20:00,1.40,-5.15,93.2,-4.02,-1.24
2026-07-04 07:30:00,1.40,-4.41,89.8,-4.01,-1.20
2026-07-04 07:40:00,1.40,-5.01,94.2,-3.64,-1.26
2026-07-04 07:50:00,1.39,-5.10,93.8,-3.57,-1.21
2026-07-04 08:00:00,1.40,-4.59,92.3,-3.29,-1.09
2026-07-04 08:10:00,1.40,-4.47,89.3,-3.51,-1.21
2026-07-04 08:20:00,1.40,-4.74,87.1,-3.66,-1.18
2026-07-04 08:30:00,1.41,-4.65,89.1,-3.29,-1.21
2026-07-04 08:40:00,1.40,-4.79,94.1,-2.89,-1.20
2026-07-04 08:50:00,1.40,-2.92,94.3,-3.85,-1.11
2026-07-04 09:00:00,1.40,-3.33,89.7,-3.06,-1.21
2026-07-04 09:10:00,1.40,-3.71,88.9,-3.04,-1.29
2026-07-04 09:20:00,1.41,-2.37,85.9,-2.74,-1.23
2026-07-04 09:30:00,1.40,-3.29,85.8,-3.54,-1.05
2026-07-04 09:40:00,1.40,-2.68,90.5,-3.24,-1.17
2026-07-04 09:50:00,1.41,-2.31,86.3,-3.06,-1.08
2026-07-04 10:00:00,1.41,-1.97,81.9,-2.36,-1.32
2026-07-04 10:10:00,1.41,-2.21,84.1,-3.17,-1.15
2026-07-04 10:20:00,1.40,-2.45,80.4,-2.28,-1.12
2026-07-04 10:30:00,1.41,-1.44,86.1,-2.59,-1.34
2026-07-04 10:40:00,1.41,-1.47,79.0,-2.65,-1.20
2026-07-04 10:50:00,1.41,-1.08,85.8,-2.67,-1.19
2026-07-04 11:00:00,1.41,-0.86,85.0,-2.78,-1.21
2026-07-04 11:10:00,1.41,-0.70,85.7,-2.69,-1.27
2026-07-04 11:20:00,1.41,0.11,78.4,-2.19,-1.26
2026-07-04 11:30:00,1.41,-0.50,84.1,-2.55,-1.18
2026-07-04 11:40:00,1.41,-1.12,80.1,-2.25,-1.21
2026-07-04 11:50:00,1.42,-1.07,79.2,-1.72,-1.05
2026-07-04 12:00:00,1.41,-0.35,79.3,-1.87,-1.26
2026-07-04 12:10:00,1.41,-0.72,80.7,-2.30,-1.18
2026-07-04 12:20:00,1.42,0.29,78.3,-2.09,-1.09
2026-07-04 12:30:00,1.42,0.25,82.4,-2.32,-1.34
2026-07-04 12:40:00,1.41,-0.09,77.5,-1.70,-1.16
2026-07-04 12:50:00,1.42,0.47,74.7,-1.83,-1.19
2026-07-04 13:00:00,1.41,-0.15,76.3,-2.04,-1.25
2026-07-04 13:10:00,1.42,0.28,84.1,-1.66,-1.17
2026-07-04 13:20:00,1.41,0.56,78.4,-2.12,-1.15
2026-07-04 13:30:00,1.42,0.86,78.3,-1.48,-1.24
2026-07-04 13:40:00,1.42,0.96,74.5,-1.89,-1.24
2026-07-04 13:50:00,1.42,0.65,75.5,-1.80,-1.14
2026-07-04 14:00:00,1.41,0.70,77.5,-1.89,-1.14
2026-07-04 14:10:00,1.42,1.25,72.0,-1.71,-1.23
2026-07-04 14:20:00,1.42,0.85,80.6,-1.39,-1.02
2026-07-04 14:30:00,1.41,0.57,79.8,-2.07,-1.30
2026-07-04 14:40:00,1.42,0.81,79.2,-1.35,-1.10
2026-07-04 14:50:00,1.42,1.24,80.4,-1.46,-1.30
2026-07-04 15:00:00,1.42,1.08,77.7,-1.38,-1.29
2026-07-04 15:10:00,1.41,0.65,74.9,-1.73,-1.14
2026-07-04 15:20:00,1.42,1.40,81.1,-1.85,-1.23
2026-07-04 15:30:00,1.42,1.12,77.3,-1.58,-1.14
2026-07-04 15:40:00,1.42,1.66,76.0,-1.68,-1.31
2026-07-04 15:50:00,1.42,1.55,74.1,-1.79,-1.19
2026-07-04 16:00:00,1.41,0.67,82.3,-2.01,-1.17
2026-07-04 16:10:00,1.41,0.92,76.5,-2.15,-1.29
2026-07-04 16:20:00,1.42,0.79,76.3,-1.92,-1.12
2026-07-04 16:30:00,1.41,1.43,78.9,-1.48,-1.16
2026-07-04 16:40:00,1.42,0.75,77.2,-1.58,-1.26
2026-07-04 16:50:00,1.41,0.07,73.6,-2.05,-1.08
2026-07-04 17:00:00,1.42,1.15,78.7,-2.39,-1.33
2026-07-04 17:10:00,1.41,0.05,82.4,-2.04,-1.19
2026-07-04 17:20:00,1.41,0.16,81.4,-2.15,-1.17
2026-07-04 17:30:00,1.42,0.48,80.0,-1.95,-1.21
2026-07-04 17:40:00,1.41,-1.05,79.8,-2.00,-1.23
2026-07-04 17:50:00,1.41,0.33,87.6,-2.15,-1.25
2026-07-04 18:00:00,1.41,-0.58,78.8,-2.10,-1.18
2026-07-04 18:10:00,1.41,-0.32,78.0,-2.16,-1.19
2026-07-04 18:20:00,1.41,-0.80,81.2,-1.99,-1.19
2026-07-04 18:30:00,1.41,-0.29,81.4,-2.18,-1.18
2026-07-04 18:40:00,1.41,-0.38,77.5,-2.37,-1.07
2026-07-04 18:50:00,1.41,-0.66,85.9,-2.69,-1.25
2026-07-04 19:00:00,1.41,-1.02,80.9,-2.73,-1.24
2026-07-04 19:10:00,1.41,-0.98,84.2,-2.43,-1.07
2026-07-04 19:20:00,1.41,-2.01,80.2,-2.39,-1.06
2026-07-04 19:30:00,1.40,-2.09,85.8,-2.70,-1.20
2026-07-04 19:40:00,1.40,-1.62,85.2,-2.82,-1.13
2026-07-04 19:50:00,1.41,-2.46,90.7,-2.58,-1.19
2026-07-04 20:00:00,1.40,-2.20,79.8,-2.88,-1.18
2026-07-04 20:10:00,1.40,-2.47,90.0,-2.47,-1.23
2026-07-04 20:20:00,1.40,-3.01,88.0,-2.70,-1.23
2026-07-04 20:30:00,1.40,-3.04,90.2,-3.06,-1.06
2026-07-04 20:40:00,1.40,-2.79,81.4,-2.76,-1.30
2026-07-04 20:50:00,1.40,-2.59,87.3,-3.00,-1.15
2026-07-04 21:00:00,1.40,-2.85,87.2,-3.79,-1.16
2026-07-04 21:10:00,1.40,-3.04,85.2,-3.81,-1.20
2026-07-04 21:20:00,1.40,-2.96,92.8,-3.38,-1.26
2026-07-04 21:30:00,1.40,-3.86,92.1,-3.35,-1.26
2026-07-04 21:40:00,1.40,-3.06,89.2,-3.36,-1.23
2026-07-04 21:50:00,1.39,-4.54,83.1,-3.36,-1.13
2026-07-04 22:00:00,1.40,-4.27,91.5,-3.97,-1.21
2026-07-04 22:10:00,1.39,-4.61,89.8,-3.70,-1.27
2026-07-04 22:20:00,1.39,-5.27,93.0,-4.06,-1.05
2026-07-04 22:30:00,1.39,-5.28,97.0,-3.58,-1.38
2026-07-04 22:40:00,1.39,-4.54,89.0,-4.27,-1.17
2026-07-04 22:50:00,1.39,-5.19,93.9,-3.80,-1.22
2026-07-04 23:00:00,1.39,-5.65,96.5,-3.70,-1.13
2026-07-04 23:10:00,1.39,-5.37,96.3,-3.66,-1.18
2026-07-04 23:20:00,1.39,-5.14,94.7,-4.39,-1.25
2026-07-04 23:30:00,1.39,-5.30,92.1,-3.89,-1.13
2026-07-04 23:40:00,1.39,-5.26,95.3,-4.37,-1.21
2026-07-04 23:50:00,1.39,-5.85,98.6,-4.21,-1.21
2026-07-05 00:00:00,1.39,-6.66,93.5,-4.72,-1.21
2026-07-05 00:10:00,1.39,-6.42,94.7,-4.35,-1.03
2026-07-05 00:20:00,1.39,-6.25,90.4,-4.34,-1.20
2026-07-05 00:30:00,1.39,-6.49,96.8,-3.97,-1.24
2026-07-05 00:40:00,1.39,-6.67,96.5,-4.34,-1.18
2026-07-05 00:50:00,1.39,-6.89,96.3,-4.69,-1.23
2026-07-05 01:00:00,1.38,-7.68,96.5,-4.58,-1.26
2026-07-05 01:10:00,1.39,-6.48,96.2,-4.71,-1.10
2026-07-05 01:20:00,1.38,-6.66,99.2,-4.05,-1.22
2026-07-05 01:30:00,1.38,-6.94,97.7,-4.65,-1.16
2026-07-05 01:40:00,1.39,-7.13,99.5,-4.37,-1.10
2026-07-05 01:50:00,1.38,-6.73,99.5,-4.48,-1.32
2026-07-05 02:00:00,1.38,-6.65,96.3,-4.58,-1.22
2026-07-05 02:10:00,1.39,-7.06,97.4,-4.54,-1.18
2026-07-05 02:20:00,1.38,-6.53,99.1,-4.83,-1.23
2026-07-05 02:30:00,1.38,-7.36,95.3,-4.95,-1.04
2026-07-05 02:40:00,1.38,-7.88,99.5,-4.42,-1.15
2026-07-05 02:50:00,1.39,-6.90,99.5,-4.52,-1.22
2026-07-05 03:00:00,1.38,-6.62,94.2,-4.64,-1.16
2026-07-05 03:10:00,1.38,-7.90,96.1,-4.97,-1.20
2026-07-05 03:20:00,1.38,-7.43,99.5,-4.69,-1.25
2026-07-05 03:30:00,1.38,-7.36,95.5,-4.39,-1.17
2026-07-05 03:40:00,1.38,-7.15,99.5,-4.74,-1.31
2026-07-05 03:50:00,1.38,-7.06,98.2,-4.62,-1.33
2026-07-05 04:00:00,1.38,-6.90,95.2,-4.46,-1.17
2026-07-05 04:10:00,1.38,-6.72,99.5,-4.59,-1.22
2026-07-05 04:20:00,1.38,-7.46,97.6,-4.95,-1.04
2026-07-05 04:30:00,1.39,-6.76,99.5,-4.55,-1.21
2026-07-05 04:40:00,1.37,-7.50,98.9,-4.63,-1.34
2026-07-05 04:50:00,1.38,-6.69,97.3,-4.09,-1.20
2026-07-05 05:00:00,1.38,-6.91,99.0,-4.39,-1.25
2026-07-05 05:10:00,1.38,-7.06,98.4,-4.75,-1.27
2026-07-05 05:20:00,1.38,-6.72,99.5,-4.40,-1.23
2026-07-05 05:30:00,1.38,-6.22,97.8,-4.60,-1.19
2026-07-05 05:40:00,1.39,-6.19,92.9,-4.68,-1.16
2026-07-05 05:50:00,1.38,-6.08,99.5,-4.44,-1.24
2026-07-05 06:00:00,1.38,-6.73,96.5,-4.29,-1.10
2026-07-05 06:10:00,1.39,-5.67,88.3,-3.96,-1.14
2026-07-05 06:20:00,1.39,-5.43,94.3,-3.74,-1.20
2026-07-05 06:30:00,1.39,-5.43,92.8,-4.06,-1.18
2026-07-05 06:40:00,1.39,-5.16,97.3,-4.17,-1.28
2026-07-05 06:50:00,1.39,-5.56,96.0,-3.80,-1.21
2026-07-05 07:00:00,1.38,-5.09,95.5,-4.22,-1.15
2026-07-05 07:10:00,1.38,-5.49,90.0,-4.00,-1.04
2026-07-05 07:20:00,1.39,-5.11,91.4,-3.54,-1.11
2026-07-05 07:30:00,1.39,-4.32,89.1,-3.62,-1.06
2026-07-05 07:40:00,1.39,-4.84,93.2,-3.74,-1.21
2026-07-05 07:50:00,1.39,-5.14,92.2,-3.36,-1.12
2026-07-05 08:00:00,1.39,-4.83,88.1,-3.60,-1.01
2026-07-05 08:10:00,1.39,-4.13,89.7,-3.76,-1.24
2026-07-05 08:20:00,1.40,-2.83,97.5,-3.39,-1.13
2026-07-05 08:30:00,1.39,-3.69,91.5,-3.54,-1.21
2026-07-05 08:40:00,1.39,-3.35,90.0,-2.81,-1.25
2026-07-05 08:50:00,1.40,-2.98,85.0,-3.19,-1.35
2026-07-05 09:00:00,1.40,-2.93,88.2,-3.25,-1.18
2026-07-05 09:10:00,1.40,-2.52,89.1,-2.76,-1.20
2026-07-05 09:20:00,1.40,-2.07,91.4,-3.00,-1.24
2026-07-05 09:30:00,1.40,-2.67,86.3,-2.69,-1.20
2026-07-05 09:40:00,1.40,-2.28,77.6,-3.29,-1.25
2026-07-05 09:50:00,1.40,-2.18,87.0,-3.00,-1.06
2026-07-05 10:00:00,1.40,-2.49,87.2,-3.17,-1.04
2026-07-05 10:10:00,1.40,-1.68,79.7,-2.58,-1.24
2026-07-05 10:20:00,1.40,-2.63,85.8,-3.08,-1.11
2026-07-05 10:30:00,1.40,-1.65,81.9,-2.39,-1.06
2026-07-05 10:40:00,1.41,-0.49,83.9,-2.54,-1.15
2026-07-05 10:50:00,1.40,-1.52,87.4,-2.45,-1.10
2026-07-05 11:00:00,1.40,-0.88,81.8,-2.64,-1.11
2026-07-05 11:10:00,1.41,-0.58,83.6,-2.40,-1.20
2026-07-05 11:20:00,1.40,-1.01,82.2,-2.08,-1.04
2026-07-05 11:30:00,1.41,0.52,90.2,-2.57,-1.26
2026-07-05 11:40:00,1.41,-0.62,77.8,-2.51,-1.14
2026-07-05 11:50:00,1.41,-0.05,78.5,-2.28,-1.09
2026-07-05 12:00:00,1.41,0.13,82.1,-2.09,-1.07
2026-07-05 12:10:00,1.41,-0.77,80.8,-2.36,-1.07
2026-07-05 12:20:00,1.41,0.69,84.3,-1.98,-1.21
2026-07-05 12:30:00,1.41,0.10,77.8,-2.18,-1.27
2026-07-05 12:40:00,1.41,-0.26,77.8,-1.78,-1.20
2026-07-05 12:50:00,1.41,0.99,82.1,-1.77,-1.28
2026-07-05 13:00:00,1.42,1.27,77.9,-1.74,-1.34
2026-07-05 13:10:00,1.41,0.87,78.7,-2.32,-1.22
2026-07-05 13:20:00,1.41,0.51,76.0,-1.76,-1.10
2026-07-05 13:30:00,1.40,0.25,78.5,-1.65,-1.13
2026-07-05 13:40:00,1.41,0.90,77.0,-1.74,-1.15
2026-07-05 13:50:00,1.41,0.35,78.4,-2.01,-1.06
2026-07-05 14:00:00,1.41,1.44,76.7,-1.53,-1.20
2026-07-05 14:10:00,1.41,1.02,82.0,-1.72,-1.11
2026-07-05 14:20:00,1.41,0.57,80.4,-1.62,-1.25
2026-07-05 14:30:00,1.41,0.95,78.7,-1.80,-1.08
2026-07-05 14:40:00,1.41,0.67,80.3,-1.68,-1.20
2026-07-05 14:50:00,1.41,0.59,72.1,-1.76,-1.17
2026-07-05 15:00:00,1.41,1.01,77.8,-1.53,-1.13
2026-07-05 15:10:00,1.41,0.99,77.5,-1.03,-1.18
2026-07-05 15:20:00,1.41,1.37,81.8,-2.05,-1.19
2026-07-05 15:30:00,1.41,0.95,71.9,-1.81,-1.23
2026-07-05 15:40:00,1.41,0.66,72.4,-1.58,-1.27
2026-07-05 15:50:00,1.42,0.41,80.4,-1.78,-1.06
2026-07-05 16:00:00,1.41,0.34,78.7,-1.64,-1.29
2026-07-05 16:10:00,1.41,1.14,84.7,-1.29,-1.10
2026-07-05 16:20:00,1.41,1.28,75.6,-1.37,-1.19
2026-07-05 16:30:00,1.41,0.43,80.7,-1.57,-1.24
2026-07-05 16:40:00,1.41,0.67,79.4,-1.85,-1.15
2026-07-05 16:50:00,1.40,0.92,75.7,-2.12,-1.17
2026-07-05 17:00:00,1.40,0.36,80.3,-1.77,-1.15
2026-07-05 17:10:00,1.40,0.56,82.4,-1.51,-1.30
2026-07-05 17:20:00,1.42,1.39,79.3,-1.62,-1.19
2026-07-05 17:30:00,1.41,-0.34,80.3,-1.65,-1.14
2026-07-05 17:40:00,1.40,0.51,79.6,-2.45,-1.16
2026-07-05 17:50:00,1.41,0.06,82.9,-1.84,-1.11
2026-07-05 18:00:00,1.41,0.11,75.2,-1.81,-1.02
2026-07-05 18:10:00,1.41,-0.94,78.9,-2.37,-1.20
2026-07-05 18:20:00,1.40,-0.73,76.1,-2.31,-1.19
2026-07-05 18:30:00,1.40,-0.48,81.0,-2.14,-1.24
2026-07-05 18:40:00,1.41,-0.47,82.2,-2.21,-1.21
2026-07-05 18:50:00,1.40,-0.83,78.5,-2.30,-1.19
2026-07-05 19:00:00,1.40,-0.85,83.7,-1.96,-1.14
2026-07-05 19:10:00,1.40,-1.66,79.9,-2.25,-1.12
2026-07-05 19:20:00,1.40,-1.45,86.8,-2.85,-1.23
2026-07-05 19:30:00,1.40,-0.54,84.4,-2.59,-1.31
2026-07-05 19:40:00,1.40,-1.82,82.7,-2.43,-1.18
2026-07-05 19:50:00,1.40,-1.38,83.9,-3.10,-1.28
2026-07-05 20:00:00,1.40,-2.56,84.4,-2.54,-1.09
2026-07-05 20:10:00,1.40,-1.87,86.4,-2.26,-1.18
2026-07-05 20:20:00,1.40,-2.48,90.1,-2.56,-1.19
2026-07-05 20:30:00,1.40,-1.79,84.8,-2.74,-1.20
2026-07-05 20:40:00,1.40,-2.24,88.9,-2.57,-1.15
2026-07-05 20:50:00,1.40,-2.25,88.7,-3.34,-1.22
2026-07-05 21:00:00,1.40,-2.59,85.9,-2.59,-1.16
2026-07-05 21:10:00,1.39,-3.56,88.2,-2.68,-1.24
2026-07-05 21:20:00,1.40,-2.88,92.3,-2.78,-1.31
2026-07-05 21:30:00,1.39,-3.60,86.8,-3.35,-1.18
2026-07-05 21:40:00,1.39,-3.45,89.7,-3.23,-1.05
2026-07-05 21:50:00,1.39,-3.90,85.7,-3.65,-1.12
2026-07-05 22:00:00,1.39,-3.95,92.2,-3.88,-1.19
2026-07-05 22:10:00,1.39,-4.73,94.8,-3.74,-1.14
2026-07-05 22:20:00,1.39,-4.85,90.3,-3.47,-1.14
2026-07-05 22:30:00,1.39,-4.41,89.6,-3.54,NaN
2026-07-05 22:40:00,1.39,-4.39,89.4,-3.78,-1.29
2026-07-05 22:50:00,1.39,-5.12,94.4,-4.21,-1.19
2026-07-05 23:00:00,1.38,-5.72,86.3,-3.98,-1.16
2026-07-05 23:10:00,1.38,-5.39,93.3,-3.91,-1.17
2026-07-05 23:20:00,1.38,-5.35,92.9,-4.00,-1.33
2026-07-05 23:30:00,1.38,-5.93,96.4,-3.97,-1.05
2026-07-05 23:40:00,1.38,-6.42,94.9,-3.67,-1.08
2026-07-05 23:50:00,1.37,-5.82,88.1,-4.11,-1.26
2026-07-06 00:00:00,1.37,-6.38,99.5,-4.19,-1.12
2026-07-06 00:10:00,1.37,-6.25,89.0,-4.28,-1.31
2026-07-06 00:20:00,1.38,-6.93,95.5,-3.72,-1.29
2026-07-06 00:30:00,1.37,-6.42,94.2,-4.27,-1.07
2026-07-06 00:40:00,1.38,-6.44,96.8,-4.14,-1.18
2026-07-06 00:50:00,1.37,-7.26,94.2,-4.13,-0.98
2026-07-06 01:00:00,1.38,-7.12,91.8,-4.84,-1.06
2026-07-06 01:10:00,1.38,-6.44,99.5,-4.16,-1.19
2026-07-06 01:20:00,1.38,-6.70,96.0,-5.18,-1.06
2026-07-06 01:30:00,1.38,-6.52,98.5,-4.60,-1.12
2026-07-06 01:40:00,1.38,-7.39,95.2,-4.15,-1.32
2026-07-06 01:50:00,1.38,-7.87,99.0,-4.65,-1.21
2026-07-06 02:00:00,1.38,-6.56,98.7,-4.52,-1.11
2026-07-06 02:10:00,1.37,-7.47,99.5,-4.48,-1.18
2026-07-06 02:20:00,1.38,-7.97,97.9,-4.29,-1.03
2026-07-06 02:30:00,1.37,-7.66,99.5,-4.33,-1.13
2026-07-06 02:40:00,1.38,-7.68,95.4,-4.65,-1.31
2026-07-06 02:50:00,1.38,-7.53,98.6,-4.36,-1.18
2026-07-06 03:00:00,1.37,-7.18,97.3,-4.06,-1.12
2026-07-06 03:10:00,1.37,-7.49,99.5,-4.40,-1.21
2026-07-06 03:20:00,1.37,-8.19,99.5,-4.59,-1.24
2026-07-06 03:30:00,1.38,-7.13,98.1,-4.98,-1.02
2026-07-06 03:40:00,1.38,-7.27,97.5,-4.77,-1.19
2026-07-06 03:50:00,1.38,-6.85,93.5,-4.61,-1.28
2026-07-06 04:00:00,1.38,-6.82,99.5,-4.74,-1.07
2026-07-06 04:10:00,1.38,-6.77,99.5,-4.46,-1.29
2026-07-06 04:20:00,1.38,-6.44,99.5,-4.57,-1.11
2026-07-06 04:30:00,1.38,-6.48,96.6,-4.09,-1.19
2026-07-06 04:40:00,1.37,-7.45,91.3,-4.88,-1.14
2026-07-06 04:50:00,1.38,-6.48,98.6,-4.46,-1.25
2026-07-06 05:00:00,1.37,-7.83,96.2,-4.59,-1.39
2026-07-06 05:10:00,1.37,-7.20,99.5,-4.53,-1.19
2026-07-06 05:20:00,1.37,-6.76,95.3,-4.27,-1.10
2026-07-06 05:30:00,1.38,-5.86,97.9,-4.39,-1.19
2026-07-06 05:40:00,1.38,-5.89,94.9,-4.46,-1.25
2026-07-06 05:50:00,1.38,-5.71,99.5,-4.34,-1.16
2026-07-06 06:00:00,1.38,-5.60,96.2,-4.31,-1.18
2026-07-06 06:10:00,1.37,-6.39,93.0,-3.80,-1.26
2026-07-06 06:20:00,1.38,-6.08,90.7,-4.12,-1.10
2026-07-06 06:30:00,1.38,-5.13,94.7,-4.01,-1.29
2026-07-06 06:40:00,1.38,-5.50,91.9,-3.37,-1.22
2026-07-06 06:50:00,1.39,-5.63,88.0,-4.19,-1.23
2026-07-06 07:00:00,1.38,-5.08,90.8,-3.64,-1.14
2026-07-06 07:10:00,1.39,-4.65,92.6,-3.86,-1.10
2026-07-06 07:20:00,1.39,-4.43,87.7,-3.37,-1.21
2026-07-06 07:30:00,1.38,-5.09,88.2,-3.67,-1.26
2026-07-06 07:40:00,1.38,-5.03,90.5,-3.75,-1.17
2026-07-06 07:50:00,1.38,-4.49,91.2,-3.35,-1.07
2026-07-06 08:00:00,1.39,-4.05,94.8,-3.16,-1.12
2026-07-06 08:10:00,1.39,-2.98,93.7,-3.21,-1.20
2026-07-06 08:20:00,1.39,-3.93,87.4,-3.36,-1.08
2026-07-06 08:30:00,1.39,-3.12,95.4,-3.29,-1.15
2026-07-06 08:40:00,1.39,-2.77,90.1,-2.89,-1.22
2026-07-06 08:50:00,1.38,-3.82,93.7,-3.28,-1.23
2026-07-06 09:00:00,1.39,-2.93,81.9,-3.29,-1.31
2026-07-06 09:10:00,1.40,-2.33,89.5,-2.92,-1.29
2026-07-06 09:20:00,1.39,-2.97,92.3,-2.94,-1.19
2026-07-06 09:30:00,1.39,-2.79,86.1,-3.08,-1.04
2026-07-06 09:40:00,1.39,-1.88,82.7,-3.49,-1.11
2026-07-06 09:50:00,1.40,-1.75,84.2,-2.42,-1.19
2026-07-06 10:00:00,1.40,-2.09,88.5,-2.75,-1.21
2026-07-06 10:10:00,1.39,-2.22,85.2,-2.82,-1.16
2026-07-06 10:20:00,1.40,-2.21,84.4,-2.67,-1.18
2026-07-06 10:30:00,1.40,-1.55,88.8,-2.54,-1.10
2026-07-06 10:40:00,1.40,-1.19,78.7,-2.50,-1.23
2026-07-06 10:50:00,1.39,-1.58,82.7,-2.63,-1.13
2026-07-06 11:00:00,1.40,-0.53,85.7,-2.52,-1.18
2026-07-06 11:10:00,1.40,-1.13,80.7,-2.46,-1.25
2026-07-06 11:20:00,1.40,-0.31,82.8,-2.55,-1.10
2026-07-06 11:30:00,1.40,0.51,79.2,-2.90,-1.36
2026-07-06 11:40:00,1.40,-0.72,79.6,-2.37,-1.04
2026-07-06 11:50:00,1.40,-0.28,79.5,-1.95,-1.10
2026-07-06 12:00:00,1.40,-0.82,82.4,-2.15,-1.22
2026-07-06 12:10:00,1.40,-0.17,81.7,-2.30,-1.01
2026-07-06 12:20:00,1.40,-0.85,77.8,-2.53,-1.21
2026-07-06 12:30:00,1.40,-0.23,73.6,-2.15,-1.16
2026-07-06 12:40:00,1.41,0.34,78.6,-1.89,-1.16
2026-07-06 12:50:00,1.40,0.16,81.0,-1.77,-1.31
2026-07-06 13:00:00,1.40,0.00,81.7,-1.89,-1.11
2026-07-06 13:10:00,1.40,0.95,75.4,-1.40,-1.11
2026-07-06 13:20:00,1.40,1.27,84.4,-1.96,-1.17
2026-07-06 13:30:00,1.41,0.82,78.5,-2.18,-1.14
2026-07-06 13:40:00,1.40,0.45,83.2,-1.61,-1.21
2026-07-06 13:50:00,1.40,0.96,77.5,-1.76,-1.11
2026-07-06 14:00:00,1.41,1.51,82.1,-1.75,-1.09
2026-07-06 14:10:00,1.41,1.22,80.5,-1.88,-1.17
2026-07-06 14:20:00,1.40,1.03,79.9,-1.80,-1.17
2026-07-06 14:30:00,1.40,0.92,83.6,-1.84,-1.13
2026-07-06 14:40:00,1.40,1.19,71.2,-2.07,-1.21
2026-07-06 14:50:00,1.41,1.81,75.2,-1.34,-1.19
2026-07-06 15:00:00,1.40,1.30,76.6,-1.55,-1.15
2026-07-06 15:10:00,1.41,1.40,79.9,-1.55,-1.24
2026-07-06 15:20:00,1.41,1.33,74.9,-1.71,-1.15
2026-07-06 15:30:00,1.40,0.91,81.6,-1.58,-1.11
2026-07-06 15:40:00,1.41,0.54,77.6,-1.56,-0.99
2026-07-06 15:50:00,1.41,1.54,77.7,-1.18,-1.23
2026-07-06 16:00:00,1.40,0.05,74.6,-1.79,-1.30
2026-07-06 16:10:00,1.41,1.43,72.6,-1.75,-1.22
2026-07-06 16:20:00,1.40,0.62,81.9,-2.19,-1.12
2026-07-06 16:30:00,1.41,0.90,79.5,-1.05,-1.17
2026-07-06 16:40:00,1.40,0.94,81.0,-1.80,-1.24
2026-07-06 16:50:00,1.41,0.87,76.0,-1.41,-1.23
2026-07-06 17:00:00,1.41,0.76,82.7,-2.00,-1.21
2026-07-06 17:10:00,1.41,0.58,80.2,-1.96,-1.13
2026-07-06 17:20:00,1.40,0.51,80.9,-1.89,-1.18
2026-07-06 17:30:00,1.40,0.18,75.8,-1.97,-1.17
2026-07-06 17:40:00,1.40,0.85,79.5,-1.38,-1.18
2026-07-06 17:50:00,1.40,-0.10,80.6,-1.83,-1.26
2026-07-06 18:00:00,1.40,0.06,81.5,-2.19,-1.18
2026-07-06 18:10:00,1.40,-0.82,80.0,-2.48,-1.14
2026-07-06 18:20:00,1.39,-0.74,82.0,-2.75,-1.19
2026-07-06 18:30:00,1.39,-0.54,78.1,-2.14,-1.23
2026-07-06 18:40:00,1.40,-0.59,84.2,-2.35,-1.20
2026-07-06 18:50:00,1.40,-1.18,81.2,-1.93,-1.18
2026-07-06 19:00:00,1.40,-1.37,81.1,-2.47,-1.22
2026-07-06 19:10:00,1.39,-1.50,83.6,-2.75,-1.08
2026-07-06 19:20:00,1.39,-1.10,80.9,-2.58,-1.21
2026-07-06 19:30:00,1.39,-1.81,87.2,-2.53,-1.08
2026-07-06 19:40:00,1.40,-1.13,82.1,-2.41,-1.27
2026-07-06 19:50:00,1.39,-1.78,86.6,-2.97,-1.18
2026-07-06 20:00:00,1.40,-1.09,80.9,-2.73,-1.15
2026-07-06 20:10:00,1.38,-2.85,83.2,-2.58,-1.42
2026-07-06 20:20:00,1.39,-1.31,85.2,-2.48,-1.24
2026-07-06 20:30:00,1.39,-2.04,82.0,-3.17,-1.41
2026-07-06 20:40:00,1.39,-2.10,89.6,-2.71,-1.15
2026-07-06 20:50:00,1.39,-2.38,86.5,-3.17,-1.33
2026-07-06 21:00:00,1.39,-2.27,91.8,-2.31,-1.27
2026-07-06 21:10:00,1.38,-3.23,86.8,-3.03,-1.13
2026-07-06 21:20:00,1.38,-3.60,90.1,-3.03,-1.10
2026-07-06 21:30:00,1.39,-3.57,87.3,-3.22,-1.16
2026-07-06 21:40:00,1.39,-3.23,86.3,-3.37,-1.24
2026-07-06 21:50:00,1.38,-4.48,93.5,-3.50,-1.10
2026-07-06 22:00:00,1.38,-4.09,91.1,-3.08,-1.10
2026-07-06 22:10:00,1.38,-4.47,98.5,-3.49,-1.26
2026-07-06 22:20:00,1.38,-5.22,93.7,-3.17,-1.29
2026-07-06 22:30:00,1.38,-4.30,92.9,-3.35,-1.18
2026-07-06 22:40:00,1.38,-4.64,91.2,-3.22,-1.23
2026-07-06 22:50:00,1.38,-4.79,93.8,-3.90,-1.24
2026-07-06 23:00:00,1.38,-5.77,99.5,-3.49,-1.12
2026-07-06 23:10:00,1.37,-5.05,93.7,-3.44,-1.09
2026-07-06 23:20:00,1.38,-5.80,92.4,-3.98,-1.13
2026-07-06 23:30:00,1.37,-5.60,95.2,-3.81,-1.18
2026-07-06 23:40:00,1.37,-5.74,96.1,-4.49,-1.10
2026-07-06 23:50:00,1.38,-6.34,89.4,-4.46,-1.12
2026-07-07 00:00:00,1.38,-5.78,92.8,-3.77,-1.05
2026-07-07 00:10:00,1.37,-6.49,99.5,-4.20,-1.30
2026-07-07 00:20:00,1.37,-5.82,98.1,-4.02,-1.19
2026-07-07 00:30:00,1.37,-6.96,95.3,-4.05,-1.00
2026-07-07 00:40:00,1.37,-6.32,92.8,-4.23,-1.35
2026-07-07 00:50:00,1.37,-6.53,94.2,-4.24,-1.18
2026-07-07 01:00:00,1.37,-6.16,92.6,-4.54,-1.09
2026-07-07 01:10:00,1.37,-7.12,91.3,-4.51,-1.12
2026-07-07 01:20:00,1.37,-7.02,94.0,-4.57,-1.13
2026-07-07 01:30:00,1.37,-6.70,99.5,-4.21,-1.07
2026-07-07 01:40:00,1.37,-7.09,99.5,-4.03,-1.21
2026-07-07 01:50:00,1.37,-6.41,92.6,-4.46,-1.10
2026-07-07 02:00:00,1.37,-6.62,97.3,-4.08,-1.14
2026-07-07 02:10:00,1.37,-7.69,96.6,-4.21,-1.21
2026-07-07 02:20:00,1.37,-7.15,90.6,-4.11,-1.15
2026-07-07 02:30:00,1.37,-7.71,97.7,-4.25,-1.18
2026-07-07 02:40:00,1.37,-7.36,99.0,-4.30,-1.14
2026-07-07 02:50:00,1.37,-7.50,98.5,-4.41,-1.20
2026-07-07 03:00:00,1.37,-7.65,99.5,-4.25,-1.11
2026-07-07 03:10:00,1.37,-7.44,97.9,-4.28,-1.17
2026-07-07 03:20:00,1.36,-7.58,99.0,-4.90,-1.07
2026-07-07 03:30:00,1.37,-7.22,98.0,-4.53,-1.13
2026-07-07 03:40:00,1.36,-7.37,93.4,-4.25,-1.25
2026-07-07 03:50:00,1.37,-7.44,93.9,-4.25,-1.28
2026-07-07 04:00:00,1.37,-7.13,99.5,-4.17,-1.02
2026-07-07 04:10:00,1.37,-7.17,99.5,-4.73,-1.13
2026-07-07 04:20:00,1.37,-7.02,95.9,-4.41,-1.03
2026-07-07 04:30:00,1.36,-7.09,99.5,-4.22,-1.18
2026-07-07 04:40:00,1.37,-6.38,95.9,-4.62,-1.08
2026-07-07 04:50:00,1.37,-6.42,99.5,-4.67,-1.19
2026-07-07 05:00:00,1.38,-6.28,99.5,-4.19,-1.18
2026-07-07 05:10:00,1.37,-6.83,99.5,-4.56,-1.14
2026-07-07 05:20:00,1.37,-6.72,96.8,-3.99,-1.10
2026-07-07 05:30:00,1.37,-6.18,94.7,-4.24,-1.03
2026-07-07 05:40:00,1.36,-6.82,99.5,-3.83,-1.04
2026-07-07 05:50:00,1.38,-5.80,97.6,-4.03,-1.10
2026-07-07 06:00:00,1.37,-6.98,94.0,-3.97,-1.32
2026-07-07 06:10:00,1.37,-5.90,94.6,-4.36,-1.05
2026-07-07 06:20:00,1.37,-6.50,95.0,-3.82,-1.17
2026-07-07 06:30:00,1.38,-5.62,94.1,-4.10,-1.11
2026-07-07 06:40:00,1.38,-5.38,91.4,-3.39,-1.07
2026-07-07 06:50:00,1.37,-5.65,95.7,-4.15,-1.08
2026-07-07 07:00:00,1.37,-5.17,93.3,-3.46,-1.19
2026-07-07 07:10:00,1.37,-5.52,97.0,-3.38,-1.14
2026-07-07 07:20:00,1.38,-4.57,93.7,-3.61,-1.11
2026-07-07 07:30:00,1.38,-4.89,91.3,-3.26,-1.10
2026-07-07 07:40:00,1.38,-4.48,99.5,-3.75,-1.10
2026-07-07 07:50:00,1.38,-4.41,98.0,-3.66,-1.18
2026-07-07 08:00:00,1.38,-3.31,90.1,-3.99,-1.09
2026-07-07 08:10:00,1.38,-4.20,92.7,-3.40,-1.08
2026-07-07 08:20:00,1.38,-3.33,97.4,-2.89,-1.15
2026-07-07 08:30:00,1.38,-4.04,86.6,-2.79,-1.08
2026-07-07 08:40:00,1.38,-3.89,90.4,-3.12,-1.19
2026-07-07 08:50:00,1.38,-3.44,88.1,-3.05,-1.14
2026-07-07 09:00:00,1.38,-2.76,85.4,-2.90,-1.16
2026-07-07 09:10:00,1.38,-2.90,89.6,-2.89,-1.21
2026-07-07 09:20:00,1.38,-2.79,83.2,-2.97,-1.06
2026-07-07 09:30:00,1.38,-3.03,87.1,-2.91,-1.10
2026-07-07 09:40:00,1.39,-1.85,86.3,-2.30,-1.13
2026-07-07 09:50:00,1.39,NaN,NaN,-2.78,-1.18
2026-07-07 10:00:00,1.39,-1.84,84.5,-2.57,-1.15
2026-07-07 10:10:00,1.39,-0.71,87.8,-2.65,-1.25
2026-07-07 10:20:00,1.39,-2.68,86.1,-1.97,-1.25
2026-07-07 10:30:00,1.39,-2.15,82.4,-2.83,-1.01
2026-07-07 10:40:00,1.39,-1.63,85.6,-2.48,-1.13
2026-07-07 10:50:00,1.39,-0.54,78.1,-2.66,-1.23
2026-07-07 11:00:00,1.39,-0.81,81.7,-2.04,-1.18
2026-07-07 11:10:00,1.39,-1.50,82.8,-2.15,-1.10
2026-07-07 11:20:00,1.39,-0.48,79.1,-2.67,-1.15
2026-07-07 11:30:00,1.39,-1.53,83.8,-2.38,-1.17
2026-07-07 11:40:00,1.40,0.48,81.6,-2.29,-1.25
2026-07-07 11:50:00,1.39,0.43,78.8,-2.39,-1.13
2026-07-07 12:00:00,1.40,0.26,77.3,-1.74,-1.17
2026-07-07 18:00:00,1.39,-0.09,78.1,-2.11,-1.08
2026-07-07 18:10:00,1.39,-0.21,79.0,-2.10,-1.15
2026-07-07 18:20:00,1.40,0.31,82.3,-2.24,-1.05
2026-07-07 18:30:00,1.39,-0.54,80.5,-2.03,-1.25
2026-07-07 18:40:00,1.39,0.00,84.8,-2.39,-1.28
2026-07-07 18:50:00,1.39,-0.86,79.6,-2.23,-1.07
2026-07-07 19:00:00,1.39,-1.32,88.0,-2.39,-1.13
2026-07-07 19:10:00,1.39,-0.62,79.3,-2.33,-1.03
2026-07-07 19:20:00,1.38,-1.29,83.7,-2.81,-1.12
2026-07-07 19:30:00,1.39,-1.42,82.6,-2.58,-1.06
2026-07-07 19:40:00,1.38,-2.03,84.8,-2.51,-1.30
2026-07-07 19:50:00,1.38,-2.31,83.1,-2.65,-1.19
2026-07-07 20:00:00,1.39,-2.74,86.5,-2.81,-1.22
2026-07-07 20:10:00,1.39,-1.90,85.0,-2.77,-1.24
2026-07-07 20:20:00,1.38,-1.93,88.2,-2.91,-1.06
2026-07-07 20:30:00,1.38,-2.61,91.5,-2.70,-1.16
2026-07-07 20:40:00,1.39,-2.42,90.1,-2.64,-1.20
2026-07-07 20:50:00,1.38,-2.31,94.9,-2.63,-1.15
2026-07-07 21:00:00,1.39,-2.87,81.5,-3.44,-1.19
2026-07-07 21:10:00,1.37,-3.67,87.7,-3.24,-1.05
2026-07-07 21:20:00,1.38,-3.97,86.3,-2.87,-1.25
2026-07-07 21:30:00,1.38,-3.74,88.5,-3.24,-1.30
2026-07-07 21:40:00,1.37,-4.08,91.1,-3.35,-1.29
2026-07-07 21:50:00,1.38,-4.43,91.3,-2.80,-1.25
2026-07-07 22:00:00,1.38,-3.62,93.3,-2.89,-1.20
2026-07-07 22:10:00,1.37,-4.18,90.8,-3.26,-1.16
2026-07-07 22:20:00,1.37,-4.81,95.9,-3.65,-1.17
2026-07-07 22:30:00,1.37,-4.28,94.3,-3.13,-1.03
2026-07-07 22:40:00,1.37,-5.07,88.6,-3.97,-1.11
2026-07-07 22:50:00,1.37,-4.13,92.8,-3.81,-1.09
2026-07-07 23:00:00,1.37,-5.52,95.3,-3.61,-1.20
2026-07-07 23:10:00,1.37,-5.19,90.6,-3.83,-1.14
2026-07-07 23:20:00,1.37,-6.27,95.2,-3.66,-1.14
2026-07-07 23:30:00,1.37,-5.07,99.5,-3.80,-1.26
2026-07-07 23:40:00,1.37,-5.39,92.9,-3.54,-1.00
2026-07-07 23:50:00,1.37,-6.14,94.4,-4.11,-1.24
2026-07-08 00:00:00,1.36,-5.70,93.1,-3.91,-1.20
2026-07-08 00:10:00,1.37,-5.75,99.5,-4.38,-1.24
2026-07-08 00:20:00,1.37,-6.18,98.3,-4.17,-1.16
2026-07-08 00:30:00,1.37,-6.78,98.6,-4.09,-0.95
2026-07-08 00:40:00,1.37,-5.88,97.5,-3.87,-1.21
2026-07-08 00:50:00,1.37,-6.98,99.5,-3.99,-1.14
2026-07-08 01:00:00,1.37,-6.56,93.4,-4.43,-1.11
2026-07-08 01:10:00,1.36,-6.89,99.5,-3.85,-1.19
2026-07-08 01:20:00,1.35,-7.32,99.5,-4.13,-1.06
2026-07-08 01:30:00,1.37,-6.10,93.1,-4.54,-1.10
2026-07-08 01:40:00,1.36,-7.08,97.9,-4.39,-1.25
2026-07-08 01:50:00,1.36,-6.96,99.5,-4.39,-1.19
2026-07-08 02:00:00,1.36,-6.66,99.5,-4.26,-1.15
2026-07-08 02:10:00,1.36,-7.62,99.5,-4.82,-0.99
2026-07-08 02:20:00,1.36,-7.11,93.4,-4.46,-1.02
2026-07-08 02:30:00,1.36,-7.94,96.2,-4.42,-1.06
2026-07-08 02:40:00,1.36,-7.57,96.4,-4.42,-1.23
2026-07-08 02:50:00,1.36,-7.81,98.6,-4.37,-1.16
2026-07-08 03:00:00,1.36,-7.53,99.5,-4.21,-1.02
2026-07-08 03:10:00,1.36,-7.29,99.5,-4.42,-1.04
2026-07-08 03:20:00,1.36,-7.33,96.3,-4.58,-1.17
2026-07-08 03:30:00,1.36,-6.98,99.4,-4.35,-1.14
2026-07-08 03:40:00,1.36,-7.11,95.7,-3.93,-1.12
2026-07-08 03:50:00,1.36,-6.56,99.4,-4.07,-1.17
2026-07-08 04:00:00,1.36,-7.31,96.8,-4.23,-1.11
2026-07-08 04:10:00,1.37,-6.94,98.8,-4.06,-1.19
2026-07-08 04:20:00,1.36,-7.40,97.0,-4.40,-1.29
2026-07-08 04:30:00,1.36,-6.27,93.5,-4.20,-1.12
2026-07-08 04:40:00,1.36,-7.30,97.1,-4.65,-1.12
2026-07-08 04:50:00,1.37,-6.77,97.6,-4.05,-1.11
2026-07-08 05:00:00,1.36,-6.62,97.5,-4.22,-1.07
2026-07-08 05:10:00,1.36,-7.01,99.5,-4.30,-1.23
2026-07-08 05:20:00,1.37,-5.28,97.4,-4.44,-1.08
2026-07-08 05:30:00,1.37,-6.37,99.5,-4.10,-1.22
2026-07-08 05:40:00,1.37,-5.51,97.2,-3.93,-1.18
2026-07-08 05:50:00,1.36,-6.51,90.9,-4.12,-1.04
2026-07-08 06:00:00,1.37,-5.96,99.5,-4.05,-1.15
2026-07-08 06:10:00,1.37,-5.68,94.8,-4.36,-1.07
2026-07-08 06:20:00,1.36,-6.58,89.0,-3.83,-1.06
2026-07-08 06:30:00,1.37,-5.54,90.5,-3.45,-1.12
2026-07-08 06:40:00,1.37,-5.71,99.5,-3.81,-1.13
2026-07-08 06:50:00,1.37,-4.96,97.7,-3.90,-1.02
2026-07-08 07:00:00,1.36,-5.14,93.1,-3.71,-1.21
2026-07-08 07:10:00,1.37,-4.96,91.8,-4.22,-1.19
2026-07-08 07:20:00,1.37,-4.16,94.9,-3.41,-1.17
2026-07-08 07:30:00,1.38,-4.21,97.2,-3.59,-1.06
2026-07-08 07:40:00,1.38,-3.70,89.2,-3.52,-1.14
2026-07-08 07:50:00,1.37,-4.89,88.1,-3.66,-1.10
2026-07-08 08:00:00,1.38,-3.13,88.8,-3.56,-1.27
2026-07-08 08:10:00,1.37,-3.90,96.2,-3.21,-1.13
2026-07-08 08:20:00,1.38,-4.21,90.2,-2.94,-1.18
2026-07-08 08:30:00,1.37,-3.73,93.5,-3.13,-1.01
2026-07-08 08:40:00,1.38,-3.61,89.4,-3.24,-1.19
2026-07-08 08:50:00,1.37,-3.51,85.2,-2.88,-1.11
2026-07-08 09:00:00,1.38,-2.82,89.3,-3.02,-1.02
2026-07-08 09:10:00,1.38,-2.67,85.0,-2.97,-1.21
2026-07-08 09:20:00,1.38,-3.12,89.1,-2.52,-1.21
2026-07-08 09:30:00,1.38,-2.17,82.3,-2.97,-1.15
2026-07-08 09:40:00,1.38,-1.77,86.9,-2.58,-1.04
2026-07-08 09:50:00,1.38,-1.96,82.6,-2.47,-1.17
2026-07-08 10:00:00,1.38,-1.84,91.1,-2.79,-1.13
2026-07-08 10:10:00,1.38,-1.86,86.8,-2.41,-1.25
2026-07-08 10:20:00,1.39,-0.97,85.6,-2.39,-1.15
2026-07-08 10:30:00,1.39,0.08,83.3,-2.57,-1.03
2026-07-08 10:40:00,1.38,-0.92,81.9,-2.27,-1.08
2026-07-08 10:50:00,1.39,-1.17,82.2,-1.82,-1.12
2026-07-08 11:00:00,1.39,-0.41,82.5,-2.62,-1.16
2026-07-08 11:10:00,1.38,-1.50,83.7,-1.81,-1.11
2026-07-08 11:20:00,1.39,-0.12,83.9,-2.43,-0.95
2026-07-08 11:30:00,1.40,0.23,82.7,-2.40,-1.06
2026-07-08 11:40:00,1.38,-1.12,80.8,-2.07,-1.16
2026-07-08 11:50:00,1.38,-0.24,76.2,-2.14,-1.15
2026-07-08 12:00:00,1.38,-0.61,83.8,-1.93,-1.13
2026-07-08 12:10:00,1.39,0.15,74.6,-2.17,-1.28
2026-07-08 12:20:00,1.38,-0.53,76.1,-1.75,-1.11
2026-07-08 12:30:00,1.39,0.21,83.0,-1.63,-1.08
2026-07-08 12:40:00,1.39,0.93,77.5,-1.69,-1.06
2026-07-08 12:50:00,1.39,0.59,73.6,-1.74,-1.21
2026-07-08 13:00:00,1.39,0.85,85.6,-1.65,-1.18
2026-07-08 13:10:00,1.39,0.68,77.3,-1.57,-1.26
2026-07-08 13:20:00,1.39,0.82,79.0,-1.38,-1.18
2026-07-08 13:30:00,1.39,0.25,79.1,-1.46,-0.99
2026-07-08 13:40:00,1.40,0.73,80.3,-1.58,-0.98
2026-07-08 13:50:00,1.39,0.82,81.4,-1.44,-1.18
2026-07-08 14:00:00,1.39,0.78,74.0,-1.49,-1.05
2026-07-08 14:10:00,1.39,1.45,79.5,-1.66,-1.05
2026-07-08 14:20:00,1.40,1.06,79.2,-1.40,-1.09
2026-07-08 14:30:00,1.39,1.28,79.6,-1.49,-1.27
2026-07-08 14:40:00,1.39,0.57,77.5,-1.43,-1.11
2026-07-08 14:50:00,1.40,1.16,77.0,-1.08,-1.03
2026-07-08 15:00:00,1.39,1.10,77.9,-0.97,-1.36
2026-07-08 15:10:00,1.39,0.88,74.9,-1.40,-1.21
2026-07-08 15:20:00,1.39,1.26,78.1,-1.63,-1.03
2026-07-08 15:30:00,1.39,1.83,79.0,-1.44,-1.22
2026-07-08 15:40:00,1.39,1.71,76.4,-1.71,-1.10
2026-07-08 15:50:00,1.39,1.23,72.9,-1.44,-1.10
2026-07-08 16:00:00,1.39,1.17,79.0,-1.74,-1.16
2026-07-08 16:10:00,1.39,1.48,73.0,-1.91,-1.13
2026-07-08 16:20:00,1.40,1.18,79.1,-1.79,-1.13
2026-07-08 16:30:00,1.39,0.10,78.0,-1.04,-1.01
2026-07-08 16:40:00,1.39,0.70,78.7,-1.37,-1.11
2026-07-08 16:50:00,1.40,1.69,79.1,-1.94,-1.02
2026-07-08 17:00:00,1.39,0.63,78.9,-1.84,-1.21
2026-07-08 17:10:00,1.39,0.76,81.8,-1.90,-1.15
2026-07-08 17:20:00,1.39,0.13,80.9,-1.66,-1.13
2026-07-08 17:30:00,1.38,-0.20,79.5,-1.78,-1.14
2026-07-08 17:40:00,1.39,0.67,76.6,-1.92,-1.19
2026-07-08 17:50:00,1.39,NaN,NaN,-2.02,-1.22
2026-07-08 18:00:00,1.39,NaN,NaN,-1.78,-1.16
2026-07-08 18:10:00,1.38,-0.39,77.5,-2.08,-1.15
2026-07-08 18:20:00,1.39,0.20,83.1,-1.69,-1.25
2026-07-08 18:30:00,1.39,-0.97,81.8,-1.76,-1.05
2026-07-08 18:40:00,1.38,-0.24,74.5,-1.49,-1.25
2026-07-08 18:50:00,1.39,-0.78,82.9,-2.35,-1.16
2026-07-08 19:00:00,1.38,-0.91,81.1,-2.30,-1.25
2026-07-08 19:10:00,1.38,-0.93,81.3,-2.09,-1.19
2026-07-08 19:20:00,1.38,-0.79,85.3,-2.44,-0.96
2026-07-08 19:30:00,1.37,-1.82,85.6,-2.20,-1.11
2026-07-08 19:40:00,1.38,-1.14,81.3,-2.45,-1.11
2026-07-08 19:50:00,1.38,-1.63,90.3,-2.53,-1.12
2026-07-08 20:00:00,1.38,-1.87,88.2,-2.81,-1.13
2026-07-08 20:10:00,1.37,-1.63,83.5,-2.96,-1.14
2026-07-08 20:20:00,1.38,-1.67,85.3,-2.88,-1.04
2026-07-08 20:30:00,1.38,-2.10,93.5,-3.04,-1.12
2026-07-08 20:40:00,1.38,-2.56,87.9,-2.74,-1.03
2026-07-08 20:50:00,1.38,-2.69,84.6,-2.47,-1.09
2026-07-08 21:00:00,1.37,-2.96,88.2,-3.09,-1.23
2026-07-08 21:10:00,1.38,-2.72,85.1,-2.87,-1.10
2026-07-08 21:20:00,1.37,-2.96,90.9,-3.56,-1.17
2026-07-08 21:30:00,1.37,-2.85,91.7,-2.82,-1.14
2026-07-08 21:40:00,1.37,-3.16,84.9,-3.04,-1.05
2026-07-08 21:50:00,1.37,-4.40,93.2,-2.96,-1.19
2026-07-08 22:00:00,1.37,-3.46,92.2,-3.24,-1.07
2026-07-08 22:10:00,1.37,-3.36,90.8,-3.19,-1.20
2026-07-08 22:20:00,1.37,NaN,NaN,-3.66,-1.08
2026-07-08 22:30:00,1.37,-4.90,97.9,-3.35,-1.05
2026-07-08 22:40:00,1.37,-4.32,90.1,-3.32,-1.13
2026-07-08 22:50:00,1.36,-5.47,89.9,-3.44,-1.14
2026-07-08 23:00:00,1.37,-5.03,93.4,-3.30,-1.12
2026-07-08 23:10:00,1.36,-5.74,95.7,-3.66,-1.11
2026-07-08 23:20:00,1.36,-5.72,93.4,-3.95,-1.07
2026-07-08 23:30:00,1.37,-5.58,96.1,-3.42,-1.17
2026-07-08 23:40:00,1.36,-5.89,98.7,-3.79,-1.10
2026-07-08 23:50:00,1.36,-5.49,97.3,-3.53,-1.01
2026-07-09 00:00:00,1.36,-6.26,97.5,-3.66,-1.17
2026-07-09 00:10:00,1.36,-6.15,99.5,-4.08,-1.18
2026-07-09 00:20:00,1.36,-6.65,96.9,-4.15,-0.95
2026-07-09 00:30:00,1.36,-5.87,97.2,-4.08,-1.05
2026-07-09 00:40:00,1.36,-6.20,91.6,-4.43,-1.19
2026-07-09 00:50:00,1.36,-6.71,97.5,-4.19,-1.17
2026-07-09 01:00:00,1.36,-6.27,99.5,-4.57,-1.27
2026-07-09 01:10:00,1.36,-7.00,98.2,-3.94,-1.17
2026-07-09 01:20:00,1.36,-7.21,96.9,-3.94,-1.05
2026-07-09 01:30:00,1.36,-6.54,97.5,-4.22,-1.07
2026-07-09 01:40:00,1.36,-6.30,95.9,-4.26,-1.08
2026-07-09 01:50:00,1.36,-7.15,99.5,-4.23,-1.02
2026-07-09 02:00:00,1.35,-6.93,99.5,-4.64,-1.02
2026-07-09 02:10:00,1.35,-7.84,99.5,-4.07,-1.01
2026-07-09 02:20:00,1.35,-7.29,95.4,-4.37,-1.34
2026-07-09 02:30:00,1.35,-8.06,99.5,-3.74,-1.01
2026-07-09 02:40:00,1.36,-7.23,98.3,-4.13,-1.29
2026-07-09 02:50:00,1.36,-6.84,97.6,-4.26,-1.04
2026-07-09 03:00:00,1.35,-7.36,97.3,-4.19,-1.16
2026-07-09 03:10:00,1.36,-7.46,99.1,-4.25,-1.11
2026-07-09 03:20:00,1.36,-7.58,99.1,-4.06,-1.06
2026-07-09 03:30:00,1.36,-6.76,99.5,-4.34,-1.13
2026-07-09 03:40:00,1.36,-7.36,99.5,-4.33,-1.21
2026-07-09 03:50:00,1.36,-6.98,99.5,-4.96,-1.06
2026-07-09 04:00:00,1.36,-7.16,95.9,-4.33,-1.17
2026-07-09 04:10:00,1.36,-7.19,97.5,-3.97,-1.03
2026-07-09 04:20:00,1.36,-7.73,99.5,-4.72,-1.18
2026-07-09 04:30:00,1.35,-6.84,95.8,-4.24,-1.07
2026-07-09 04:40:00,1.36,-7.24,99.5,-4.43,-1.22
2026-07-09 04:50:00,1.36,-6.41,99.5,-4.16,-1.23
2026-07-09 05:00:00,1.36,-6.94,99.5,-3.65,-1.19
2026-07-09 05:10:00,1.36,-6.69,99.5,-4.24,-1.31
2026-07-09 05:20:00,1.35,-6.60,99.5,-4.13,-1.16
2026-07-09 05:30:00,1.36,-6.29,99.5,-4.22,-1.26
2026-07-09 05:40:00,1.36,-5.76,95.0,-4.14,-1.15
2026-07-09 05:50:00,1.36,-5.55,99.5,-4.15,-1.06
2026-07-09 06:00:00,1.37,-5.20,96.5,-4.06,-1.03
2026-07-09 06:10:00,1.36,-5.95,97.7,-3.66,-1.13
2026-07-09 06:20:00,1.36,-5.85,91.6,-4.00,-1.08
2026-07-09 06:30:00,1.36,-5.51,93.0,-3.79,-1.25
2026-07-09 06:40:00,1.36,-5.79,93.4,-3.90,-1.26
2026-07-09 06:50:00,1.36,-4.87,95.1,-3.15,-1.10
2026-07-09 07:00:00,1.36,-5.29,97.2,-3.05,-1.07
2026-07-09 07:10:00,1.36,-4.96,89.0,-3.44,-1.07
2026-07-09 07:20:00,1.36,-5.32,94.1,-3.34,-1.01
2026-07-09 07:30:00,1.37,-4.42,94.7,-3.37,-1.09
2026-07-09 07:40:00,1.37,-4.26,83.8,-3.18,-1.06
2026-07-09 07:50:00,1.37,-4.37,92.9,-3.37,-1.06
2026-07-09 08:00:00,1.37,-3.40,95.0,-3.26,-1.19
2026-07-09 08:10:00,1.37,-3.46,94.8,-3.17,-1.10
2026-07-09 08:20:00,1.38,-3.08,92.3,-3.07,-1.08
2026-07-09 08:30:00,1.37,-2.79,86.6,-3.50,-1.15
2026-07-09 08:40:00,1.38,-2.82,85.0,-2.86,-1.19
2026-07-09 08:50:00,1.37,-2.96,86.2,-3.12,-1.00
2026-07-09 09:00:00,1.37,-3.43,90.3,-2.57,-1.11
2026-07-09 09:10:00,1.37,-2.79,85.5,-2.93,-1.23
2026-07-09 09:20:00,1.37,-2.02,95.0,-2.35,-1.13
2026-07-09 09:30:00,1.37,-2.52,83.1,-2.87,-0.93
2026-07-09 09:40:00,1.36,-3.17,85.7,-2.67,-1.22
2026-07-09 09:50:00,1.37,-2.17,87.9,-2.53,-1.09
2026-07-09 10:00:00,1.38,-1.78,85.0,-2.65,-1.25
2026-07-09 10:10:00,1.37,-2.04,87.7,-2.27,-1.23
2026-07-09 10:20:00,1.37,-2.07,84.9,-2.62,-1.20
2026-07-09 10:30:00,1.38,-1.03,85.1,-2.45,-1.14
2026-07-09 10:40:00,1.38,-0.65,79.7,-1.91,-1.19
2026-07-09 10:50:00,1.38,-0.40,84.1,-2.24,-1.07
2026-07-09 11:00:00,1.38,0.28,81.7,-2.39,-1.06
2026-07-09 11:10:00,1.38,-0.67,77.9,-2.37,-1.06
2026-07-09 11:20:00,1.38,-0.40,75.7,-1.74,-1.05
2026-07-09 11:30:00,1.38,-0.28,78.7,-1.88,-1.13
2026-07-09 11:40:00,1.39,0.68,80.7,-1.73,-1.18
2026-07-09 11:50:00,1.38,0.09,86.1,-2.46,-1.06
2026-07-09 12:00:00,1.38,0.75,77.2,-1.23,-1.01
2026-07-09 12:10:00,1.38,0.30,76.4,-1.67,-1.10
2026-07-09 12:20:00,1.39,0.55,83.3,-1.23,-1.17
2026-07-09 12:30:00,1.39,0.15,77.5,-2.09,-1.25
2026-07-09 12:40:00,1.38,-0.20,82.4,-1.74,-1.09
2026-07-09 12:50:00,1.39,1.16,76.8,-1.24,-1.05
2026-07-09 13:00:00,1.38,1.04,73.8,-1.65,-1.15
2026-07-09 13:10:00,1.39,1.49,73.6,-1.41,-1.06
2026-07-09 13:20:00,1.38,0.98,78.5,-1.69,-1.07
2026-07-09 13:30:00,1.39,1.03,78.1,-1.62,-1.12
2026-07-09 13:40:00,1.38,1.36,74.0,-1.59,-1.19
2026-07-09 13:50:00,1.38,0.72,79.4,-1.43,-1.10
2026-07-09 14:00:00,1.39,1.26,83.7,-0.93,-1.12
2026-07-09 14:10:00,1.38,0.64,84.3,-1.45,-1.14
2026-07-09 14:20:00,1.38,1.26,80.0,-1.15,-1.12
2026-07-09 14:30:00,1.39,1.41,72.5,-1.70,-1.16
2026-07-09 14:40:00,1.38,0.69,72.3,-1.48,-1.03
2026-07-09 14:50:00,1.39,1.39,79.7,-1.29,-1.09
2026-07-09 15:00:00,1.38,1.23,73.7,-1.36,-1.10
2026-07-09 15:10:00,1.39,2.12,77.7,-0.96,-1.26
2026-07-09 15:20:00,1.39,1.27,73.3,-1.74,-1.21
2026-07-09 15:30:00,1.39,1.04,77.4,-1.75,-1.08
2026-07-09 15:40:00,1.38,1.68,82.6,-1.82,-1.04
2026-07-09 15:50:00,1.39,1.60,74.0,-1.30,-1.16
2026-07-09 16:00:00,1.38,1.22,78.9,-1.85,-1.03
2026-07-09 16:10:00,1.38,1.09,81.3,-1.49,-1.16
2026-07-09 16:20:00,1.38,0.62,78.9,-1.37,-0.97
2026-07-09 16:30:00,1.38,0.87,76.9,-1.31,-0.97
2026-07-09 16:40:00,1.39,1.41,81.7,-1.92,-1.14
2026-07-09 16:50:00,1.38,0.57,78.8,-1.51,-1.12
2026-07-09 17:00:00,1.38,0.61,81.8,-1.02,-1.11
2026-07-09 17:10:00,1.38,1.34,84.3,-1.00,-1.05
2026-07-09 17:20:00,1.39,0.61,80.7,-1.80,-1.20
2026-07-09 17:30:00,1.38,0.98,83.4,-2.03,-1.19
2026-07-09 17:40:00,1.38,0.05,81.1,-2.04,-1.15
2026-07-09 17:50:00,1.38,0.39,79.1,-1.57,-1.12
2026-07-09 18:00:00,1.38,0.14,76.4,-1.86,-1.01
2026-07-09 18:10:00,1.38,-0.04,85.5,-1.74,-1.02
2026-07-09 18:20:00,1.38,-0.50,84.8,-1.84,-1.12
2026-07-09 18:30:00,1.37,-0.91,76.0,-1.93,-1.08
2026-07-09 18:40:00,1.38,-0.72,80.0,-2.02,-1.08
2026-07-09 18:50:00,1.38,-0.81,79.9,-2.31,-1.09
2026-07-09 19:00:00,1.38,-0.40,80.0,-1.94,-1.07
2026-07-09 19:10:00,1.38,-0.92,80.6,-2.55,-0.96
2026-07-09 19:20:00,1.37,-1.36,84.9,-2.14,-1.12
2026-07-09 19:30:00,1.38,-1.27,85.5,-2.45,-1.15
2026-07-09 19:40:00,1.38,-1.85,85.5,-2.46,-1.15
2026-07-09 19:50:00,1.37,-2.40,86.9,-2.26,-1.14
2026-07-09 20:00:00,1.37,-2.04,79.8,-2.28,-1.18
2026-07-09 20:10:00,1.37,-1.68,88.0,-2.51,-1.08
2026-07-09 20:20:00,1.37,-1.84,89.7,-2.65,-1.04
2026-07-09 20:30:00,1.37,-2.54,85.3,-2.94,-1.12
2026-07-09 20:40:00,1.37,-2.12,85.6,-2.51,-1.09
2026-07-09 20:50:00,1.36,-3.79,82.1,-2.77,-1.21
2026-07-09 21:00:00,1.37,-1.80,90.4,-3.17,-1.17
2026-07-09 21:10:00,1.37,-2.67,86.3,-3.02,-1.22
2026-07-09 21:20:00,1.37,-3.09,87.4,-3.35,-1.13
2026-07-09 21:30:00,1.36,-3.82,94.3,-2.83,-1.15
2026-07-09 21:40:00,1.37,-3.79,89.2,-2.83,-1.05
2026-07-09 21:50:00,1.36,-3.54,87.4,-2.88,-1.07
2026-07-09 22:00:00,1.36,-4.06,95.1,-2.91,-1.05
2026-07-09 22:10:00,1.36,-4.53,93.1,-3.55,-1.11
2026-07-09 22:20:00,1.36,-4.05,92.7,-3.10,-1.18
2026-07-09 22:30:00,1.36,-4.45,90.1,-3.72,-1.17
2026-07-09 22:40:00,1.37,-3.53,91.6,-3.34,-1.11
2026-07-09 22:50:00,1.36,-5.15,89.6,-3.32,-1.17
2026-07-09 23:00:00,1.36,-5.13,91.1,-3.59,-1.17
2026-07-09 23:10:00,1.36,-5.39,92.4,-3.62,-1.07
2026-07-09 23:20:00,1.36,-5.19,91.2,-4.22,-1.09
2026-07-09 23:30:00,1.35,-5.33,97.7,-3.61,-1.17
2026-07-09 23:40:00,1.36,-5.43,91.4,-3.42,-1.09
2026-07-09 23:50:00,1.35,-6.31,95.3,-3.85,-1.22
2026-07-10 00:00:00,1.35,-5.78,92.6,-4.44,-1.07
2026-07-10 00:10:00,1.35,-5.42,99.5,-3.74,-0.95
2026-07-10 00:20:00,1.35,-6.56,94.6,-4.20,-1.26
2026-07-10 00:30:00,1.35,-5.38,99.5,-3.90,-1.10
2026-07-10 00:40:00,1.35,-6.49,98.4,-3.80,-1.15
2026-07-10 00:50:00,1.35,-5.96,99.4,-3.66,-1.20
2026-07-10 01:00:00,1.35,-6.32,99.5,-4.39,-1.15
2026-07-10 01:10:00,1.35,-7.17,96.7,-4.26,-1.08
2026-07-10 01:20:00,1.35,-6.22,95.8,-3.66,-1.09
2026-07-10 01:30:00,1.35,-6.80,93.9,-4.37,-0.96
2026-07-10 01:40:00,1.35,-6.74,99.5,-3.84,-1.19
2026-07-10 01:50:00,1.35,-7.17,99.3,-3.77,-0.92
2026-07-10 02:00:00,1.35,-7.37,98.3,-4.58,-1.17
2026-07-10 02:10:00,1.36,-6.60,93.3,-3.97,-1.21
2026-07-10 02:20:00,1.35,-6.40,99.5,-4.19,-1.16
2026-07-10 02:30:00,1.35,-7.34,95.6,-4.26,-1.03
2026-07-10 02:40:00,1.34,-7.27,98.2,-4.44,-1.11
2026-07-10 02:50:00,1.35,-7.81,96.7,-4.32,-1.03
2026-07-10 03:00:00,1.35,-7.14,97.5,-4.22,-1.02
2026-07-10 03:10:00,1.35,-7.04,99.5,-3.93,-1.20
2026-07-10 03:20:00,1.35,-7.04,99.5,-4.44,-1.21
2026-07-10 03:30:00,1.35,-6.96,93.9,-3.87,-1.11
2026-07-10 03:40:00,1.35,-7.10,99.5,-4.28,-1.05
2026-07-10 03:50:00,1.35,-7.02,98.2,-3.90,-1.13
2026-07-10 04:00:00,1.35,-7.24,97.7,-4.13,-0.92
2026-07-10 04:10:00,1.35,-6.57,98.9,-3.84,-1.13
2026-07-10 04:20:00,1.35,-6.83,99.3,-4.50,-1.15
2026-07-10 04:30:00,1.35,-5.95,99.5,-4.07,-1.14
2026-07-10 04:40:00,1.35,-6.84,96.5,-4.00,-0.98
2026-07-10 04:50:00,1.35,-6.43,99.5,-4.55,-1.13
2026-07-10 05:00:00,1.35,-6.74,99.5,-4.40,-1.02
2026-07-10 05:10:00,1.35,-6.74,96.8,-3.66,-1.20
2026-07-10 05:20:00,1.35,-6.44,99.5,-3.49,-1.04
2026-07-10 05:30:00,1.35,-6.20,92.9,-4.06,-1.13
2026-07-10 05:40:00,1.35,-5.39,92.9,-3.55,-1.18
2026-07-10 05:50:00,1.35,-5.91,92.9,-4.29,-1.08
2026-07-10 06:00:00,1.36,NaN,NaN,-3.68,-1.14
2026-07-10 06:10:00,1.35,-5.64,92.8,-3.85,-0.95
2026-07-10 06:20:00,1.36,-5.58,96.9,-4.20,-0.99
2026-07-10 06:30:00,1.35,-5.66,91.2,-3.54,-1.13
2026-07-10 06:40:00,1.35,-5.88,99.5,-3.33,-1.09
2026-07-10 06:50:00,1.36,-5.11,97.9,-3.40,-1.04
2026-07-10 07:00:00,1.36,-4.98,92.2,-3.70,-1.02
2026-07-10 07:10:00,1.36,-4.23,92.2,-3.46,-1.11
2026-07-10 07:20:00,1.35,-4.57,95.4,-3.57,-1.07
2026-07-10 07:30:00,1.36,-4.20,90.6,-3.02,-1.09
2026-07-10 07:40:00,1.36,-4.30,95.0,-3.51,-1.00
2026-07-10 07:50:00,1.37,-3.87,86.8,-3.29,-1.14
2026-07-10 08:00:00,1.36,-3.98,95.0,-3.09,-1.10
2026-07-10 08:10:00,1.36,-3.02,87.8,-3.07,-1.10
2026-07-10 08:20:00,1.36,-3.79,92.8,-3.11,-1.09
2026-07-10 08:30:00,1.36,-3.69,85.5,-2.91,-1.16
2026-07-10 08:40:00,1.36,-3.27,85.0,-3.12,-1.02
2026-07-10 08:50:00,1.36,-3.30,84.5,-2.71,-1.18
2026-07-10 09:00:00,1.37,-3.20,87.8,-2.79,-1.21
2026-07-10 09:10:00,1.36,-2.33,85.3,-2.97,-1.24
2026-07-10 09:20:00,1.37,-2.42,85.6,-2.58,-1.12
2026-07-10 09:30:00,1.36,-2.72,85.5,-2.82,-0.95
2026-07-10 09:40:00,1.37,-2.55,90.4,-2.27,-1.04
2026-07-10 09:50:00,1.37,-1.26,88.9,-2.69,-1.00
2026-07-10 10:00:00,1.37,-1.03,81.3,-2.12,-1.18
2026-07-10 10:10:00,1.37,-1.75,82.2,-2.22,-1.01
2026-07-10 10:20:00,1.37,-0.79,83.0,-2.04,-1.07
2026-07-10 10:30:00,1.37,-1.69,84.0,-2.23,-0.91
2026-07-10 10:40:00,1.37,-1.24,80.5,-2.13,-1.00
2026-07-10 10:50:00,1.37,-0.45,81.8,-2.12,-0.93
2026-07-10 11:00:00,1.38,0.03,77.2,-1.97,-1.10
2026-07-10 11:10:00,1.38,0.09,78.8,-1.62,-1.11
2026-07-10 11:20:00,1.37,-1.29,78.8,-2.22,-1.10
2026-07-10 11:30:00,1.37,-0.93,77.9,-2.05,-1.12
2026-07-10 11:40:00,1.37,-0.40,86.2,-2.36,-1.02
2026-07-10 11:50:00,1.38,-0.01,85.8,-1.92,-0.92
2026-07-10 12:00:00,1.37,-0.39,81.9,-1.77,-1.15
2026-07-10 12:10:00,1.38,-0.16,79.2,-1.05,-1.11
2026-07-10 12:20:00,1.38,0.69,80.4,-1.23,-1.21
2026-07-10 12:30:00,1.38,0.43,77.4,-1.48,-1.03
2026-07-10 12:40:00,1.38,0.08,83.7,-1.54,-1.03
2026-07-10 12:50:00,1.37,0.75,77.1,-1.67,-1.26
2026-07-10 13:00:00,1.38,0.73,76.4,-1.76,-1.08
2026-07-10 13:10:00,1.37,0.29,79.3,-1.54,-1.19
2026-07-10 13:20:00,1.38,1.61,78.2,-1.28,-1.19
2026-07-10 13:30:00,1.38,1.70,74.4,-1.39,-1.18
2026-07-10 13:40:00,1.38,1.90,72.9,-1.29,-0.96
2026-07-10 13:50:00,1.38,1.43,73.4,-1.60,-1.12
2026-07-10 14:00:00,1.37,1.70,78.0,-0.96,-1.00
2026-07-10 14:10:00,1.38,1.24,70.1,-1.81,-1.11
2026-07-10 14:20:00,1.38,1.53,78.1,-1.39,-1.03
2026-07-10 14:30:00,1.38,0.85,74.9,-1.45,-1.22
2026-07-10 14:40:00,1.38,1.73,74.2,-1.12,-1.16
2026-07-10 14:50:00,1.38,1.03,80.8,-1.21,-1.17
2026-07-10 15:00:00,1.38,1.03,75.8,-1.16,-1.05
2026-07-10 15:10:00,1.38,0.48,76.5,-1.30,-1.13
2026-07-10 15:20:00,1.37,0.58,75.7,-1.03,-0.98
2026-07-10 15:30:00,1.38,1.25,80.0,-1.10,-1.16
2026-07-10 15:40:00,1.38,1.31,76.8,-1.94,-1.16
2026-07-10 15:50:00,1.38,1.52,83.3,-1.60,-1.12
2026-07-10 16:00:00,1.38,0.79,78.0,-0.81,-1.18
2026-07-10 16:10:00,1.38,1.43,76.9,-1.20,-1.03
2026-07-10 16:20:00,1.38,1.69,83.0,-1.17,-1.07
2026-07-10 16:30:00,1.39,1.48,75.3,-1.85,-1.19
2026-07-10 16:40:00,1.38,1.35,79.4,-1.80,-1.09
2026-07-10 16:50:00,1.38,1.37,85.8,-1.60,-1.17
2026-07-10 17:00:00,1.38,0.94,78.2,-1.46,-1.11
2026-07-10 17:10:00,1.37,0.45,84.4,-1.27,-0.99
2026-07-10 17:20:00,1.38,0.75,82.1,-1.67,-1.17
2026-07-10 17:30:00,1.37,0.00,80.6,-1.74,-1.22
2026-07-10 17:40:00,1.38,0.78,80.2,-1.38,-1.05
2026-07-10 17:50:00,1.37,0.30,84.8,-1.96,-0.95
2026-07-10 18:00:00,1.37,-0.12,78.6,-2.10,-1.02
2026-07-10 18:10:00,1.37,-0.10,77.8,-1.80,-1.11
2026-07-10 18:20:00,1.38,0.78,81.7,-1.87,-1.12
2026-07-10 18:30:00,1.38,0.57,78.0,-1.90,-1.15
2026-07-10 18:40:00,1.37,0.05,78.7,-1.71,-1.16
2026-07-10 18:50:00,1.37,-1.38,83.1,-2.14,-1.04
2026-07-10 19:00:00,1.37,-0.42,81.5,-1.71,-0.98
2026-07-10 19:10:00,1.37,-1.00,83.5,-2.15,-1.16
2026-07-10 19:20:00,1.37,-1.12,81.8,-2.30,-1.17
2026-07-10 19:30:00,1.37,-0.99,80.5,-2.31,-0.99
2026-07-10 19:40:00,1.37,-1.15,87.4,-2.12,-1.05
2026-07-10 19:50:00,1.37,-1.91,83.7,-2.86,-1.02
2026-07-10 20:00:00,1.37,-1.35,84.2,-2.76,-1.01
2026-07-10 20:10:00,1.36,-2.52,84.9,-1.98,-1.21
2026-07-10 20:20:00,1.36,-2.54,83.7,-2.22,-1.11
2026-07-10 20:30:00,1.36,-2.08,84.2,-2.97,-1.09
2026-07-10 20:40:00,1.37,-2.26,86.8,-2.90,-1.09
2026-07-10 20:50:00,1.37,-2.38,83.3,-2.22,-1.04
2026-07-10 21:00:00,1.36,-2.16,87.3,-3.21,-1.07
2026-07-10 21:10:00,1.36,-3.81,88.9,-2.71,-1.01
2026-07-10 21:20:00,1.36,-3.01,86.0,-2.97,-1.04
2026-07-10 21:30:00,1.36,-3.69,87.9,-3.00,-1.07
2026-07-10 21:40:00,1.35,-4.06,92.6,-3.06,-0.98
2026-07-10 21:50:00,1.36,-3.87,93.6,-3.04,-0.93
2026-07-10 22:00:00,1.36,-3.62,96.1,-3.47,-1.06
2026-07-10 22:10:00,1.35,-5.10,90.4,-2.99,-1.20
2026-07-10 22:20:00,1.36,-3.72,92.5,-3.23,-0.97
2026-07-10 22:30:00,1.36,-3.98,96.1,-3.42,-1.13
2026-07-10 22:40:00,1.35,-4.58,90.4,-3.20,-1.14
2026-07-10 22:50:00,1.35,-4.26,94.2,-3.43,-1.14
2026-07-10 23:00:00,1.35,-5.09,91.6,-3.57,-0.96
2026-07-10 23:10:00,1.36,-4.27,98.1,-3.82,-1.08
2026-07-10 23:20:00,1.36,-4.80,91.4,-3.57,-1.03
2026-07-10 23:30:00,1.36,-4.70,94.6,-3.97,-1.10
2026-07-10 23:40:00,1.35,-4.92,96.7,-3.93,-0.96
2026-07-10 23:50:00,1.35,-5.99,98.6,-3.95,-1.10
2026-07-11 00:00:00,1.35,-5.08,96.0,-3.78,-1.12
2026-07-11 00:10:00,1.35,-5.15,91.4,-4.20,-1.16
2026-07-11 00:20:00,1.34,-6.34,97.2,-4.18,-1.15
2026-07-11 00:30:00,1.34,-6.30,92.1,-3.95,-1.18
2026-07-11 00:40:00,1.35,-6.91,95.6,-4.29,-0.89
2026-07-11 00:50:00,1.35,-6.73,97.5,-4.12,-1.05
2026-07-11 01:00:00,1.34,-6.80,93.3,-3.75,-1.19
2026-07-11 01:10:00,1.34,-6.79,99.5,-4.32,-1.08
2026-07-11 01:20:00,1.35,-6.21,95.8,-3.76,-1.03
2026-07-11 01:30:00,1.34,-7.66,96.6,-3.91,-0.91
2026-07-11 01:40:00,1.35,-6.20,99.4,-4.16,-1.04
2026-07-11 01:50:00,1.35,-7.38,99.5,-4.31,-1.22
2026-07-11 02:00:00,1.34,-7.44,99.5,-3.86,-1.11
2026-07-11 02:10:00,1.35,-6.73,96.9,-4.60,-1.05
2026-07-11 02:20:00,1.34,-7.06,99.5,-4.37,NaN
2026-07-11 02:30:00,1.34,-6.68,93.4,-3.88,-1.01
2026-07-11 02:40:00,1.35,-6.85,99.5,-4.45,-1.16
2026-07-11 02:50:00,1.34,-7.18,93.2,-4.40,-1.02
2026-07-11 03:00:00,1.34,-7.17,93.3,-4.55,-1.14
2026-07-11 03:10:00,1.34,-7.54,99.5,-4.17,-1.08
2026-07-11 03:20:00,1.34,-7.61,99.5,-4.30,-1.18
2026-07-11 03:30:00,1.35,-7.13,99.5,-4.05,-1.16
2026-07-11 03:40:00,1.34,-6.50,93.8,-3.87,-1.16
2026-07-11 03:50:00,1.34,-7.01,99.5,-3.59,-1.04
2026-07-11 04:00:00,1.35,-7.09,97.7,-4.59,-1.17
2026-07-11 04:10:00,1.34,-6.06,98.4,-4.15,-1.03
2026-07-11 04:20:00,1.35,-7.09,99.5,-4.33,-1.03
2026-07-11 04:30:00,1.34,-6.89,97.3,-3.94,-1.07
2026-07-11 04:40:00,1.34,-7.30,95.9,-4.37,-1.19
2026-07-11 04:50:00,1.34,-7.25,99.5,-4.20,-1.12
2026-07-11 05:00:00,1.35,-6.22,96.9,-3.90,-0.93
2026-07-11 05:10:00,1.34,-6.90,96.2,-4.53,-1.04
2026-07-11 05:20:00,1.35,-6.55,99.5,-3.93,-0.98
2026-07-11 05:30:00,1.34,-6.22,97.2,-4.13,-1.18
2026-07-11 05:40:00,1.35,-5.59,93.5,-4.11,-1.13
2026-07-11 05:50:00,1.34,NaN,NaN,-3.78,-1.18
2026-07-11 06:00:00,1.34,-6.13,97.2,-3.62,-1.04
2026-07-11 06:10:00,1.34,-6.37,99.5,-3.92,-1.08
2026-07-11 06:20:00,1.35,-4.98,95.7,-3.44,-1.14
2026-07-11 06:30:00,1.35,-5.10,94.7,-3.63,-1.10
2026-07-11 06:40:00,1.35,-5.33,95.6,-3.36,-1.15
2026-07-11 06:50:00,1.35,-4.74,96.9,-3.22,-1.19
2026-07-11 07:00:00,1.35,-5.01,90.7,-3.48,-1.07
2026-07-11 07:10:00,1.35,-5.66,89.0,-3.26,-1.11
2026-07-11 07:20:00,1.35,-4.34,90.0,-3.37,-1.10
2026-07-11 07:30:00,1.35,-4.31,92.3,-3.27,-0.97
2026-07-11 07:40:00,1.35,-4.26,94.9,-3.33,-1.18
2026-07-11 07:50:00,1.35,-3.56,90.3,-3.65,-1.08
2026-07-11 08:00:00,1.36,-4.22,90.8,-3.13,-1.13
2026-07-11 08:10:00,1.35,-3.32,90.4,-3.04,-1.08
2026-07-11 08:20:00,1.36,-2.77,92.7,-2.93,-1.15
2026-07-11 08:30:00,1.35,-3.69,85.2,-2.78,-0.98
2026-07-11 08:40:00,1.36,-3.54,96.0,-3.01,-1.04
2026-07-11 08:50:00,1.35,-3.56,85.5,-2.73,-1.13
2026-07-11 09:00:00,1.36,-3.21,86.1,-2.75,-1.18
2026-07-11 09:10:00,1.37,-1.73,84.8,-2.45,-1.19
2026-07-11 09:20:00,1.36,-2.26,85.2,-2.47,-1.14
2026-07-11 09:30:00,1.36,-2.30,82.9,-2.67,-0.99
2026-07-11 09:40:00,1.36,-2.05,91.4,-2.05,-1.12
2026-07-11 09:50:00,1.36,-1.55,86.7,-2.35,-1.09
2026-07-11 10:00:00,1.37,-1.35,86.8,-2.61,-1.05
2026-07-11 10:10:00,1.36,-1.46,88.2,-2.44,-1.00
2026-07-11 10:20:00,1.36,-1.85,84.7,-1.93,-1.11
2026-07-11 10:30:00,1.37,-0.71,76.4,-2.28,-0.91
2026-07-11 10:40:00,1.36,-1.27,85.2,-2.06,-1.13
2026-07-11 10:50:00,1.36,-1.16,76.9,-2.15,-1.04
2026-07-11 11:00:00,1.36,-1.13,91.1,-2.01,-1.06
2026-07-11 11:10:00,1.37,-0.16,81.3,-1.96,-1.09
2026-07-11 11:20:00,1.37,-0.25,88.3,-1.73,-0.95
2026-07-11 11:30:00,1.37,-0.18,90.0,-1.96,-1.12
2026-07-11 11:40:00,1.38,0.19,78.9,-1.78,-1.16
2026-07-11 11:50:00,1.37,-0.47,83.4,-1.41,-1.06
2026-07-11 12:00:00,1.37,-0.23,81.0,-2.11,-1.04
2026-07-11 12:10:00,1.38,0.56,77.0,-1.72,-1.02
2026-07-11 12:20:00,1.37,1.06,84.9,-1.57,-1.06
2026-07-11 12:30:00,1.37,0.57,81.2,-1.72,-1.09
2026-07-11 12:40:00,1.37,0.85,77.8,-1.39,-1.10
2026-07-11 12:50:00,1.38,1.17,75.3,-1.26,-1.08
2026-07-11 13:00:00,1.38,2.07,79.7,-1.56,-1.16
2026-07-11 13:10:00,1.37,1.48,78.3,-1.65,-0.98
2026-07-11 13:20:00,1.38,1.37,76.6,-1.78,-1.08
2026-07-11 13:30:00,1.38,1.54,79.5,-1.79,-1.12
2026-07-11 13:40:00,1.37,1.18,76.9,-1.56,-1.18
2026-07-11 13:50:00,1.38,1.82,80.0,-1.59,-0.95
2026-07-11 14:00:00,1.38,1.97,73.6,-1.07,-1.04
2026-07-11 14:10:00,1.38,2.14,73.0,-1.58,-1.09
2026-07-11 14:20:00,1.38,1.20,82.3,-1.25,-1.03
2026-07-11 14:30:00,1.38,1.56,77.9,-1.40,-1.18
2026-07-11 14:40:00,1.37,1.76,72.6,-0.64,-1.15
2026-07-11 14:50:00,1.38,1.07,73.2,-1.08,-0.99
2026-07-11 15:00:00,1.37,1.98,76.2,-1.18,-0.92
2026-07-11 15:10:00,1.37,0.83,81.6,-1.40,-1.11
2026-07-11 15:20:00,1.38,2.09,78.8,-1.20,-0.89
2026-07-11 15:30:00,1.37,1.29,71.8,-1.06,-1.20
2026-07-11 15:40:00,1.38,1.38,77.9,-1.17,-1.19
2026-07-11 15:50:00,1.37,1.07,81.7,-1.00,-0.91
2026-07-11 16:00:00,1.38,1.75,79.1,-1.56,-1.15
2026-07-11 16:10:00,1.37,1.39,76.8,-1.32,-1.08
2026-07-11 16:20:00,1.37,1.01,75.5,-1.42,-0.98
2026-07-11 16:30:00,1.36,0.30,78.0,-1.66,-1.13
2026-07-11 16:40:00,1.37,1.17,82.1,-1.28,-1.15
2026-07-11 16:50:00,1.37,1.19,78.5,-0.85,-0.94
2026-07-11 17:00:00,1.36,1.20,79.9,-0.96,-1.13
2026-07-11 17:10:00,1.37,0.66,80.8,-1.53,-1.08
2026-07-11 17:20:00,1.37,1.24,77.3,-1.31,-1.06
2026-07-11 17:30:00,1.37,0.58,81.4,-1.67,-1.18
2026-07-11 17:40:00,1.37,0.26,78.4,-1.81,-1.20
2026-07-11 17:50:00,1.37,0.92,78.6,-1.54,-1.12
2026-07-11 18:00:00,1.37,0.41,75.0,-1.47,-1.12
2026-07-11 18:10:00,1.37,0.78,80.9,-1.89,-1.08
2026-07-11 18:20:00,1.37,-0.44,84.3,-2.22,-1.18
2026-07-11 18:30:00,1.37,0.50,77.6,-1.78,-1.11
2026-07-11 18:40:00,1.37,-0.39,81.8,-1.83,-1.10
2026-07-11 18:50:00,1.37,-0.78,79.0,-2.05,-1.05
2026-07-11 19:00:00,1.36,-1.06,76.7,-1.61,-0.99
2026-07-11 19:10:00,1.37,0.00,80.6,-1.87,-1.11
2026-07-11 19:20:00,1.36,-0.79,84.1,-2.02,-1.03
2026-07-11 19:30:00,1.36,-1.19,86.0,-2.25,-1.26
2026-07-11 19:40:00,1.36,-1.19,85.1,-2.36,-1.10
2026-07-11 19:50:00,1.36,-1.79,81.5,-2.02,-1.05
2026-07-11 20:00:00,1.35,-1.94,79.3,-2.39,-0.97
2026-07-11 20:10:00,1.36,-0.79,89.9,-2.54,-1.05
2026-07-11 20:20:00,1.35,-2.82,91.4,-2.34,-1.02
2026-07-11 20:30:00,1.36,-2.16,86.7,-2.76,-1.10
2026-07-11 20:40:00,1.35,-2.78,87.5,-2.40,-1.20
2026-07-11 20:50:00,1.36,-2.11,92.6,-2.60,-1.15
2026-07-11 21:00:00,1.35,-3.37,88.4,-3.12,-1.11
2026-07-11 21:10:00,1.35,-3.31,90.5,-2.54,-1.08
2026-07-11 21:20:00,1.35,-3.34,88.8,-2.55,-1.14
2026-07-11 21:30:00,1.36,-3.28,88.1,-3.21,-0.99
2026-07-11 21:40:00,1.35,-3.71,88.6,-3.20,-1.08
2026-07-11 21:50:00,1.35,-3.34,89.5,-2.97,-1.13
2026-07-11 22:00:00,1.35,-4.33,95.5,-3.64,-1.14
2026-07-11 22:10:00,1.35,-3.63,94.6,-3.18,-1.07
2026-07-11 22:20:00,1.35,-4.27,99.5,-3.22,-0.91
2026-07-11 22:30:00,1.35,-3.58,93.4,-3.09,-1.19
2026-07-11 22:40:00,1.35,-4.16,92.7,-3.45,-1.06
2026-07-11 22:50:00,1.35,-4.19,86.7,-3.49,-0.97
2026-07-11 23:00:00,1.35,-5.29,88.2,-3.80,-1.05
2026-07-11 23:10:00,1.35,-4.57,92.6,-3.10,-0.99
2026-07-11 23:20:00,1.34,-5.32,99.5,-3.60,-1.12
2026-07-11 23:30:00,1.34,-6.01,98.7,-3.18,-1.01
2026-07-11 23:40:00,1.34,-6.64,97.5,-3.77,-1.05
2026-07-11 23:50:00,1.34,-6.07,90.2,-3.83,-1.23
2026-07-12 00:00:00,1.34,-6.38,89.8,-3.61,-1.01
2026-07-12 00:10:00,1.34,-6.52,98.2,-3.70,-1.20
2026-07-12 00:20:00,1.34,-5.61,96.1,-3.85,-1.08
2026-07-12 00:30:00,1.34,-6.05,98.4,-3.76,-1.02
2026-07-12 00:40:00,1.34,-5.99,99.5,-3.94,-1.21
2026-07-12 00:50:00,1.34,-5.39,99.5,-3.96,-1.10
2026-07-12 01:00:00,1.34,-6.47,98.0,-4.22,-1.09
2026-07-12 01:10:00,1.34,-6.01,99.5,-4.21,-0.99
2026-07-12 01:20:00,1.34,-5.64,97.7,-4.05,-1.03
2026-07-12 01:30:00,1.33,-7.01,97.7,-3.51,-1.02
2026-07-12 01:40:00,1.33,-7.33,98.3,-4.03,-1.04
2026-07-12 01:50:00,1.34,-6.67,99.5,-3.73,-1.05
2026-07-12 02:00:00,1.34,-6.13,99.5,-4.16,-1.19
2026-07-12 02:10:00,1.33,-6.72,97.3,-4.16,-0.94
2026-07-12 02:20:00,1.34,-5.91,99.5,-4.49,-1.09
2026-07-12 02:30:00,1.33,-7.02,98.3,-4.43,-1.16
2026-07-12 02:40:00,1.33,-6.42,98.8,-4.05,-1.07
2026-07-12 02:50:00,1.34,-7.07,99.5,-3.93,-1.01
2026-07-12 03:00:00,1.34,-7.55,98.0,-4.00,-1.12
2026-07-12 03:10:00,1.34,-6.38,96.8,-4.02,-1.22
2026-07-12 03:20:00,1.34,-6.02,98.9,-3.95,-1.16
2026-07-12 03:30:00,1.34,-6.88,96.2,-4.15,-1.02
2026-07-12 03:40:00,1.34,-7.14,99.5,-4.55,-1.01
2026-07-12 03:50:00,1.34,-6.86,99.5,-4.51,-0.94
2026-07-12 04:00:00,1.34,-7.45,96.4,-4.17,-1.05
2026-07-12 04:10:00,1.33,-6.41,99.5,-4.23,-1.08
2026-07-12 04:20:00,1.34,-6.50,99.5,-4.28,-1.08
2026-07-12 04:30:00,1.34,-6.54,97.2,-4.15,-0.95
2026-07-12 04:40:00,1.34,-6.07,94.6,-3.99,-1.06
2026-07-12 04:50:00,1.34,-6.55,98.9,-4.08,-1.00
2026-07-12 05:00:00,1.34,-6.46,94.9,-3.61,-1.20
2026-07-12 05:10:00,1.35,-5.76,99.1,-3.87,-1.03
2026-07-12 05:20:00,1.35,-5.53,98.9,-3.87,-0.99
2026-07-12 05:30:00,1.34,-5.59,95.3,-4.20,-1.05
2026-07-12 05:40:00,1.34,-5.83,97.3,-3.97,-1.13
2026-07-12 05:50:00,1.34,-5.23,97.7,-3.72,-1.10
2026-07-12 06:00:00,1.35,-5.10,96.7,-3.98,-1.01
2026-07-12 06:10:00,1.34,-5.57,92.3,-3.46,-0.94
2026-07-12 06:20:00,1.34,-5.28,95.0,-3.34,-1.17
2026-07-12 06:30:00,1.34,-5.38,95.0,-3.49,-0.98
2026-07-12 06:40:00,1.34,-4.58,91.0,-3.41,-0.93
2026-07-12 06:50:00,1.34,-4.85,95.7,-3.58,-1.12
2026-07-12 07:00:00,1.34,-4.52,92.4,-3.60,-1.26
2026-07-12 07:10:00,1.34,-5.02,95.1,-3.24,-1.14
2026-07-12 07:20:00,1.34,-4.53,91.2,-3.15,-1.06
2026-07-12 07:30:00,1.35,-4.42,92.0,-3.02,-1.05
2026-07-12 07:40:00,1.34,-4.23,93.3,-3.26,-0.96
2026-07-12 07:50:00,1.35,-3.91,94.6,-2.95,-1.10
2026-07-12 08:00:00,1.35,-3.60,88.9,-3.02,-1.07
2026-07-12 08:10:00,1.35,-3.77,88.7,-3.00,-1.11
2026-07-12 08:20:00,1.35,-2.73,94.8,-3.07,-1.13
2026-07-12 08:30:00,1.35,-3.03,85.0,-2.92,-1.14
2026-07-12 08:40:00,1.35,-3.09,91.7,-3.45,-1.13
2026-07-12 08:50:00,1.36,-3.12,88.5,-2.54,-1.08
2026-07-12 09:00:00,1.35,-2.61,88.3,-2.45,-1.02
2026-07-12 09:10:00,1.35,-2.73,80.2,-2.44,-1.14
2026-07-12 09:20:00,1.35,-2.88,84.4,-2.41,-1.07
2026-07-12 09:30:00,1.36,-2.10,80.3,-2.54,-1.02
2026-07-12 09:40:00,1.36,-0.79,88.0,-2.37,-1.03
2026-07-12 09:50:00,1.36,-2.40,78.3,-2.01,-1.03
2026-07-12 10:00:00,1.35,-2.23,88.7,-2.25,-1.00
2026-07-12 10:10:00,1.36,-0.70,85.1,-2.37,-1.09
2026-07-12 10:20:00,1.36,-0.91,85.2,-2.07,-0.83
2026-07-12 10:30:00,1.36,-0.57,81.2,-1.60,-0.90
2026-07-12 10:40:00,1.36,-1.17,81.9,-1.40,-1.12
2026-07-12 10:50:00,1.36,-0.51,84.9,-1.70,-1.12
2026-07-12 11:00:00,1.36,-0.62,83.1,-1.75,-1.07
2026-07-12 11:10:00,1.36,-1.38,85.0,-2.15,-1.15
2026-07-12 11:20:00,1.36,-0.80,85.3,-1.90,-1.08
2026-07-12 11:30:00,1.36,-1.00,78.5,-1.89,-1.12
2026-07-12 11:40:00,1.36,0.26,85.2,-1.92,-1.15
2026-07-12 11:50:00,1.37,-0.14,79.6,-2.22,-1.00
2026-07-12 12:00:00,1.36,-0.15,83.2,-1.67,-1.30
2026-07-12 12:10:00,1.36,0.17,79.2,-1.19,-1.00
2026-07-12 12:20:00,1.36,0.98,80.5,-1.72,-0.98
2026-07-12 12:30:00,1.36,0.56,73.3,-1.89,-1.10
2026-07-12 12:40:00,1.36,1.32,81.6,-0.98,-1.09
2026-07-12 12:50:00,1.37,0.81,75.0,-1.44,-1.00
2026-07-12 13:00:00,1.36,0.80,82.9,-1.34,-1.05
2026-07-12 13:10:00,1.37,0.92,82.8,-1.30,-1.13
2026-07-12 13:20:00,1.37,1.84,76.2,-0.90,-1.02
2026-07-12 13:30:00,1.37,0.86,77.2,-1.34,-1.12
2026-07-12 13:40:00,1.37,1.52,79.0,-1.44,-1.10
2026-07-12 13:50:00,1.36,1.92,71.8,-1.10,-1.05
2026-07-12 14:00:00,1.36,1.71,76.8,-1.38,-1.05
2026-07-12 14:10:00,1.37,1.31,74.3,-1.31,-1.04
2026-07-12 14:20:00,1.37,2.42,82.1,-1.03,-0.94
2026-07-12 14:30:00,1.36,1.29,77.2,-1.23,-1.07
2026-07-12 14:40:00,1.37,2.15,82.2,-1.45,-1.15
2026-07-12 14:50:00,1.37,1.97,77.5,-0.88,-1.05
2026-07-12 15:00:00,1.37,1.25,76.6,-1.22,-1.05
2026-07-12 15:10:00,1.37,1.80,77.5,-0.67,-1.16
2026-07-12 15:20:00,1.37,2.09,78.9,-0.97,-1.00
2026-07-12 15:30:00,1.37,2.05,76.6,-1.23,-1.12
2026-07-12 15:40:00,1.37,1.70,75.5,-1.05,-1.14
2026-07-12 15:50:00,1.37,1.82,74.4,-1.49,-1.02
2026-07-12 16:00:00,1.36,1.22,79.9,-1.48,-1.02
2026-07-12 16:10:00,1.36,0.93,77.8,-1.37,-1.25
2026-07-12 16:20:00,1.37,1.22,71.3,-1.05,-0.92
2026-07-12 16:30:00,1.36,0.64,76.1,-1.43,-1.02
2026-07-12 16:40:00,1.37,0.05,73.9,-1.31,-1.12
2026-07-12 16:50:00,1.37,1.34,75.3,-2.03,-0.98
2026-07-12 17:00:00,1.36,1.05,80.5,-1.68,-1.06
2026-07-12 17:10:00,1.37,1.86,73.4,-1.14,-1.14
2026-07-12 17:20:00,1.36,0.56,79.7,-1.90,-0.99
2026-07-12 17:30:00,1.36,0.18,81.6,-1.33,-1.19
2026-07-12 17:40:00,1.36,0.73,78.1,-1.96,-1.05
2026-07-12 17:50:00,1.37,0.82,80.8,-1.47,-1.08
2026-07-12 18:00:00,1.37,0.38,79.7,-1.46,-1.07
2026-07-12 18:10:00,1.37,0.99,85.8,-1.73,-1.23
2026-07-12 18:20:00,1.36,-0.93,80.8,-1.97,-0.98
2026-07-12 18:30:00,1.36,0.10,84.5,-1.61,-1.06
2026-07-12 18:40:00,1.36,-0.45,74.7,-1.74,-1.18
2026-07-12 18:50:00,1.35,-1.02,85.4,-1.63,-0.99
2026-07-12 19:00:00,1.37,0.13,81.6,-2.02,-1.18
2026-07-12 19:10:00,1.36,-0.50,85.0,-1.83,-0.98
2026-07-12 19:20:00,1.36,-0.73,86.3,-1.76,-1.06
2026-07-12 19:30:00,1.36,-1.27,84.5,-2.05,-1.07
2026-07-12 19:40:00,1.35,-1.19,90.6,-2.34,-1.19
2026-07-12 19:50:00,1.35,-1.99,83.8,-2.09,-1.06
2026-07-12 20:00:00,1.36,-1.13,85.5,-2.05,-1.00
2026-07-12 20:10:00,1.35,-1.36,91.2,-2.68,-1.10
2026-07-12 20:20:00,1.34,-2.65,84.2,-2.65,-1.08
2026-07-12 20:30:00,1.35,-2.44,84.3,-2.77,-1.19
2026-07-12 20:40:00,1.35,-2.34,89.3,-2.68,-1.15
2026-07-12 20:50:00,1.35,-2.64,88.7,-2.43,-1.13
2026-07-12 21:00:00,1.34,-2.96,86.3,-2.87,-1.06
2026-07-12 21:10:00,1.34,-2.91,92.3,-2.70,-1.08
2026-07-12 21:20:00,1.35,-2.84,84.5,-2.67,-0.92
2026-07-12 21:30:00,1.35,-3.14,85.7,-2.75,-1.13
2026-07-12 21:40:00,1.34,-3.76,89.4,-3.02,-1.01
2026-07-12 21:50:00,1.35,-2.82,91.6,-3.38,-1.02
2026-07-12 22:00:00,1.34,-3.81,91.5,-3.06,-1.04
2026-07-12 22:10:00,1.34,-3.19,90.2,-3.41,-1.01
2026-07-12 22:20:00,1.34,-4.62,92.9,-3.71,-1.15
2026-07-12 22:30:00,1.34,-3.79,91.7,-3.29,-1.06
2026-07-12 22:40:00,1.34,-4.32,88.7,-3.23,-1.19
2026-07-12 22:50:00,1.34,-4.95,92.4,-3.31,-1.10
2026-07-12 23:00:00,1.33,-4.55,94.2,-3.27,-1.00
2026-07-12 23:10:00,1.34,-4.42,94.3,-3.76,-1.00
2026-07-12 23:20:00,1.35,-4.75,96.1,-3.97,-1.00
2026-07-12 23:30:00,1.34,-4.86,98.3,-3.98,-1.21
2026-07-12 23:40:00,1.34,-5.37,95.2,-3.54,-1.03
2026-07-12 23:50:00,1.33,-5.48,97.1,-3.62,-1.03
2026-07-13 00:00:00,1.34,-5.75,90.6,-3.92,-1.10
2026-07-13 00:10:00,1.34,-5.50,93.8,-3.73,-1.04
2026-07-13 00:20:00,1.34,-5.87,96.5,-3.83,-1.10
2026-07-13 00:30:00,1.34,-6.02,98.6,-3.58,-0.94
2026-07-13 00:40:00,1.33,-6.27,99.5,-3.71,-1.03
2026-07-13 00:50:00,1.34,-5.77,98.5,-3.90,-1.00
2026-07-13 01:00:00,1.33,-6.70,96.8,-4.08,-1.13
2026-07-13 01:10:00,1.33,-6.26,96.1,-4.08,-1.22
2026-07-13 01:20:00,1.34,-5.55,99.5,-4.09,-0.99
2026-07-13 01:30:00,1.33,-6.91,97.8,-3.48,-1.03
2026-07-13 01:40:00,1.33,-6.29,95.0,-4.21,-1.00
2026-07-13 01:50:00,1.33,-6.76,98.1,-3.53,-0.96
2026-07-13 02:00:00,1.33,-6.48,95.1,-4.06,-0.96
2026-07-13 02:10:00,1.32,-7.45,94.4,-4.34,-1.01
2026-07-13 02:20:00,1.33,-6.66,98.9,-4.79,-1.05
2026-07-13 02:30:00,1.33,-6.49,98.8,-4.27,-1.07
2026-07-13 02:40:00,1.33,NaN,NaN,-4.24,-1.08
2026-07-13 02:50:00,1.34,-5.99,96.4,-4.12,-1.05
2026-07-13 03:00:00,1.33,-7.04,97.2,-3.96,-1.16
2026-07-13 03:10:00,1.33,-7.60,97.2,-3.77,-1.13
2026-07-13 03:20:00,1.33,-7.10,94.6,-3.82,-1.20
2026-07-13 03:30:00,1.33,-6.64,95.2,-3.79,-1.04
2026-07-13 03:40:00,1.33,-6.34,98.7,-4.31,-1.11
2026-07-13 03:50:00,1.33,-6.48,97.0,-4.32,-1.17
2026-07-13 04:00:00,1.32,-7.08,97.5,-3.93,-1.06
2026-07-13 04:10:00,1.33,-6.39,98.2,-4.02,-0.96
2026-07-13 04:20:00,1.33,-5.92,99.5,-4.35,-1.00
2026-07-13 04:30:00,1.33,-6.48,98.6,-4.00,-1.03
2026-07-13 04:40:00,1.33,-5.81,98.8,-3.44,-1.17
2026-07-13 04:50:00,1.33,-7.44,99.5,-4.03,-0.92
2026-07-13 05:00:00,1.33,-7.06,98.9,-3.94,-1.13
2026-07-13 05:10:00,1.34,-6.00,96.5,-3.48,-1.05
2026-07-13 05:20:00,1.33,-7.25,89.2,-3.53,-0.97
2026-07-13 05:30:00,1.33,-5.77,94.1,-3.69,-1.13
2026-07-13 05:40:00,1.34,-5.69,96.2,-3.42,-1.04
2026-07-13 05:50:00,1.33,-5.20,94.9,-3.84,-1.06
2026-07-13 06:00:00,1.33,-5.97,95.4,-3.79,-1.14
2026-07-13 06:10:00,1.33,-5.85,97.2,-3.40,-1.04
2026-07-13 06:20:00,1.33,-5.55,89.7,-3.47,-1.17
2026-07-13 06:30:00,1.34,-4.28,95.8,-3.41,-1.06
2026-07-13 06:40:00,1.34,-4.66,94.7,-3.41,-1.00
2026-07-13 06:50:00,1.34,-5.31,98.7,-3.37,-1.02
2026-07-13 07:00:00,1.34,-3.94,93.7,-3.61,-1.01
2026-07-13 07:10:00,1.34,-4.40,98.3,-3.17,-1.05
2026-07-13 07:20:00,1.34,-4.46,94.7,-3.09,-1.01
2026-07-13 07:30:00,1.34,-4.10,88.3,-3.42,-1.07
2026-07-13 07:40:00,1.34,-4.64,95.1,-2.71,-1.10
2026-07-13 07:50:00,1.34,-3.87,98.6,-2.92,-1.00
2026-07-13 08:00:00,1.34,-3.89,93.2,-3.31,-1.13
2026-07-13 08:10:00,1.34,-3.64,90.8,-2.84,-1.06
2026-07-13 08:20:00,1.35,-3.60,88.2,-2.95,-1.03
2026-07-13 08:30:00,1.34,-2.96,91.2,-3.05,-1.09
2026-07-13 08:40:00,1.34,-3.34,94.4,-2.60,-1.22
2026-07-13 08:50:00,1.34,-3.14,87.3,-2.75,-1.20
2026-07-13 09:00:00,1.35,-2.87,92.3,-2.74,-1.09
2026-07-13 09:10:00,1.35,-1.83,90.1,-2.79,-1.07
2026-07-13 09:20:00,1.35,-2.45,82.1,-2.59,-0.98
2026-07-13 09:30:00,1.36,-1.13,83.6,-2.33,-1.01
2026-07-13 09:40:00,1.35,-1.93,88.1,-2.47,-1.08
2026-07-13 09:50:00,1.35,-1.12,89.5,-2.08,-1.07
2026-07-13 10:00:00,1.35,-1.67,83.8,-2.45,-1.03
2026-07-13 10:10:00,1.35,-1.42,86.9,-2.08,-1.13
2026-07-13 10:20:00,1.35,-0.62,81.5,-1.68,-1.03
2026-07-13 10:30:00,1.36,-0.11,84.9,-2.02,-1.08
2026-07-13 10:40:00,1.35,-0.96,81.8,-2.05,-0.96
2026-07-13 10:50:00,1.36,-0.89,79.2,-1.80,-1.14
2026-07-13 11:00:00,1.36,0.09,86.0,-2.12,-1.07
2026-07-13 11:10:00,1.36,0.43,86.9,-2.00,-1.06
2026-07-13 11:20:00,1.36,0.26,86.5,-1.26,-1.02
2026-07-13 11:30:00,1.35,-0.39,81.9,-1.63,-0.94
2026-07-13 11:40:00,1.36,0.12,83.4,-2.02,-0.98
2026-07-13 11:50:00,1.35,-0.07,76.1,-1.56,-1.08
2026-07-13 12:00:00,1.36,0.25,75.6,-1.58,-1.01
2026-07-13 12:10:00,1.36,0.77,79.8,-1.72,-1.06
2026-07-13 12:20:00,1.36,0.61,74.0,-1.40,-0.99
2026-07-13 12:30:00,1.36,0.47,79.9,-1.48,-1.00
2026-07-13 12:40:00,1.35,0.18,81.4,-1.27,-1.02
2026-07-13 12:50:00,1.36,1.17,83.4,-1.06,-1.05
2026-07-13 13:00:00,1.36,0.65,74.9,-1.28,-0.95
2026-07-13 13:10:00,1.35,0.22,75.7,-1.39,-0.91
2026-07-13 13:20:00,1.36,0.92,77.4,-1.42,-1.15
2026-07-13 13:30:00,1.36,1.11,74.0,-1.27,-1.19
2026-07-13 13:40:00,1.37,2.08,76.4,-1.12,-1.08
2026-07-13 13:50:00,1.36,0.82,76.8,-1.00,-1.01
2026-07-13 14:00:00,1.35,1.18,83.4,-1.13,-1.17
2026-07-13 14:10:00,1.36,1.18,79.4,-1.21,-1.09
2026-07-13 14:20:00,1.36,2.06,83.9,-0.89,-0.97
2026-07-13 14:30:00,1.35,1.37,81.7,-1.07,-1.08
2026-07-13 14:40:00,1.36,1.67,77.2,-0.56,-1.17
2026-07-13 14:50:00,1.36,1.70,79.9,-0.97,-1.11
2026-07-13 15:00:00,1.36,1.62,76.6,-1.07,-1.02
2026-07-13 15:10:00,1.37,1.84,77.9,-0.43,-1.09
2026-07-13 15:20:00,1.36,1.84,77.8,-1.06,-1.11
2026-07-13 15:30:00,1.36,2.03,82.1,-1.07,-1.10
2026-07-13 15:40:00,1.36,2.13,73.5,-1.25,-1.06
2026-07-13 15:50:00,1.36,2.36,83.0,-0.98,-1.15
2026-07-13 16:00:00,1.36,1.31,80.5,-1.22,-1.00
2026-07-13 16:10:00,1.36,1.97,78.0,-1.53,-1.09
2026-07-13 16:20:00,1.36,1.26,78.8,-1.39,-1.09
2026-07-13 16:30:00,1.36,2.33,78.3,-1.23,-1.04
2026-07-13 16:40:00,1.35,0.64,77.1,-1.49,-0.94
2026-07-13 16:50:00,1.35,1.43,82.6,-1.51,-1.12
2026-07-13 17:00:00,1.36,0.68,75.2,-1.24,-1.01
2026-07-13 17:10:00,1.36,0.70,82.6,-0.86,-1.09
2026-07-13 17:20:00,1.36,1.66,80.3,-1.15,-1.14
2026-07-13 17:30:00,1.35,0.26,77.9,-1.60,-1.06
2026-07-13 17:40:00,1.36,0.68,78.3,-1.39,-1.03
2026-07-13 17:50:00,1.36,0.97,78.2,-1.34,-0.89
2026-07-13 18:00:00,1.36,0.68,83.1,-1.65,-0.97
2026-07-13 18:10:00,1.35,-0.03,84.8,-1.44,-1.08
2026-07-13 18:20:00,1.36,0.39,81.8,-1.33,-0.95
2026-07-13 18:30:00,1.35,0.07,79.8,-1.71,-0.99
2026-07-13 18:40:00,1.36,-0.48,78.2,-1.57,-1.05
2026-07-13 18:50:00,1.34,-0.12,78.8,-1.52,-1.05
2026-07-13 19:00:00,1.36,-0.40,81.3,-1.82,-1.09
2026-07-13 19:10:00,1.35,-1.22,81.4,-1.70,-0.90
2026-07-13 19:20:00,1.35,-0.07,79.9,-2.17,-0.91
2026-07-13 19:30:00,1.34,-1.07,89.2,-2.26,-1.12
2026-07-13 19:40:00,1.35,-1.64,84.5,-2.13,-1.03
2026-07-13 19:50:00,1.34,-1.89,82.8,-2.11,-1.12
2026-07-13 20:00:00,1.35,-1.70,86.2,-2.53,-1.08
2026-07-13 20:10:00,1.35,-0.99,89.5,-2.33,-1.05
2026-07-13 20:20:00,1.35,-1.03,84.2,-2.51,-1.05
2026-07-13 20:30:00,1.35,-1.67,84.2,-2.31,-1.13
2026-07-13 20:40:00,1.34,-2.47,84.0,-2.52,-0.96
2026-07-13 20:50:00,1.34,-2.60,90.7,-2.32,-1.02
2026-07-13 21:00:00,1.34,-2.81,92.5,-2.76,-1.08
2026-07-13 21:10:00,1.35,-2.71,84.3,-2.84,-1.05
2026-07-13 21:20:00,1.34,-3.55,91.0,-3.18,-0.99
2026-07-13 21:30:00,1.34,-3.07,89.6,-3.07,-1.00
2026-07-13 21:40:00,1.34,-3.36,90.2,-2.42,-1.10
2026-07-13 21:50:00,1.34,-4.01,88.2,-2.84,-1.13
2026-07-13 22:00:00,1.34,-3.33,97.2,-2.65,-0.97
2026-07-13 22:10:00,1.34,-3.49,97.4,-3.45,-0.98
2026-07-13 22:20:00,1.34,-4.69,96.0,-2.81,-1.18
2026-07-13 22:30:00,1.34,-3.90,91.2,-3.41,-0.91
2026-07-13 22:40:00,1.33,-4.44,90.2,-2.72,-0.96
2026-07-13 22:50:00,1.33,-4.71,94.1,-3.39,-0.98
2026-07-13 23:00:00,1.34,-4.61,96.0,-3.30,-1.15
2026-07-13 23:10:00,1.34,-4.14,93.5,-3.30,-0.96
2026-07-13 23:20:00,1.33,-5.11,97.5,-3.29,-0.99
2026-07-13 23:30:00,1.33,-5.77,93.9,-3.25,-1.10
2026-07-13 23:40:00,1.33,-5.37,93.6,-3.07,-1.05
2026-07-13 23:50:00,1.33,-5.07,99.5,-3.93,-1.10
2026-07-14 00:00:00,1.34,-5.84,99.5,-3.14,-0.89
2026-07-14 00:10:00,1.33,-4.90,96.9,-3.29,-1.08
2026-07-14 00:20:00,1.33,-4.96,91.9,-3.30,-1.04
2026-07-14 00:30:00,1.33,-6.11,99.5,-3.52,-1.03
2026-07-14 00:40:00,1.33,-5.93,98.6,-4.32,-1.15
2026-07-14 00:50:00,1.33,-5.79,97.3,-3.50,-1.08
2026-07-14 01:00:00,1.33,-6.57,97.9,-3.76,-1.07
2026-07-14 01:10:00,1.33,-6.33,97.0,-3.75,-0.96
2026-07-14 01:20:00,1.32,-6.93,93.1,-3.88,-1.07
2026-07-14 01:30:00,1.33,-6.12,99.5,-3.98,-0.92
2026-07-14 01:40:00,1.33,-5.80,99.3,-3.59,-1.16
2026-07-14 01:50:00,1.32,-7.11,98.1,-3.72,-1.13
2026-07-14 02:00:00,1.33,-6.44,91.4,-3.73,-0.84
2026-07-14 02:10:00,1.32,-6.53,97.8,-3.78,-1.06
2026-07-14 02:20:00,1.33,-6.44,98.8,-3.70,-1.01
2026-07-14 02:30:00,1.32,-6.44,97.6,-4.06,-1.11
2026-07-14 02:40:00,1.32,-7.22,99.0,-4.15,-0.97
2026-07-14 02:50:00,1.32,-6.55,92.6,-3.84,-0.98
2026-07-14 03:00:00,1.33,-6.56,99.5,-4.56,-1.01
2026-07-14 03:10:00,1.32,-6.71,99.5,-4.42,-1.13
2026-07-14 03:20:00,1.33,-6.67,96.1,-3.75,-1.09
2026-07-14 03:30:00,1.32,-7.17,97.1,-3.83,-1.04
2026-07-14 03:40:00,1.32,-6.90,93.9,-3.80,-0.96
2026-07-14 03:50:00,1.32,-6.82,97.0,-4.04,-0.91
2026-07-14 04:00:00,1.33,-6.51,97.4,-3.45,-0.98
2026-07-14 04:10:00,1.32,-6.70,97.3,-4.26,-1.00
2026-07-14 04:20:00,1.33,-6.20,97.6,-4.17,-1.06
2026-07-14 04:30:00,1.33,-5.64,98.4,-3.72,-0.81
2026-07-14 04:40:00,1.33,-6.16,97.3,-3.58,-0.99
2026-07-14 04:50:00,1.32,-6.81,99.5,-3.44,-1.09
2026-07-14 05:00:00,1.32,-6.76,95.5,-3.75,-0.97
2026-07-14 05:10:00,1.32,-6.42,99.5,-3.42,-1.00
2026-07-14 05:20:00,1.32,-5.72,98.3,-3.68,-0.96
2026-07-14 05:30:00,1.32,-6.55,92.3,-4.08,-1.04
2026-07-14 05:40:00,1.32,-5.69,95.7,-3.78,-1.02
2026-07-14 05:50:00,1.32,-6.00,98.4,-3.96,-0.96
2026-07-14 06:00:00,1.33,-5.89,95.4,-3.85,-0.91
2026-07-14 06:10:00,1.33,-5.61,94.0,-3.22,-0.86
2026-07-14 06:20:00,1.33,-4.70,90.7,-3.31,-1.08
2026-07-14 06:30:00,1.33,-4.09,95.6,-3.71,-1.08
2026-07-14 06:40:00,1.33,-5.11,95.1,-3.38,-1.18
2026-07-14 06:50:00,1.33,-4.87,93.1,-3.48,-1.07
2026-07-14 07:00:00,1.33,-4.44,95.9,-3.44,-1.04
2026-07-14 07:10:00,1.34,-4.23,91.8,-3.18,-1.02
2026-07-14 07:20:00,1.33,-3.62,97.2,-3.24,-0.99
2026-07-14 07:30:00,1.33,-3.76,89.3,-2.79,-1.05
2026-07-14 07:40:00,1.34,-3.51,89.9,-3.66,-1.16
2026-07-14 07:50:00,1.33,-4.27,95.8,-3.41,-0.96
2026-07-14 08:00:00,1.34,-3.28,88.5,-2.77,-0.98
2026-07-14 08:10:00,1.34,-2.56,96.9,-2.91,-1.06
2026-07-14 08:20:00,1.34,-2.91,83.8,-2.42,-1.10
2026-07-14 08:30:00,1.34,-2.94,86.1,-2.44,-0.96
2026-07-14 08:40:00,1.33,-2.86,90.2,-2.54,-1.11
2026-07-14 08:50:00,1.34,-2.97,86.9,-2.51,-0.94
2026-07-14 09:00:00,1.34,-3.12,89.1,-2.64,-0.85
2026-07-14 09:10:00,1.34,-2.05,90.6,-2.39,-1.14
2026-07-14 09:20:00,1.35,-1.63,81.6,-2.32,-0.95
2026-07-14 09:30:00,1.34,-2.02,88.9,-2.64,-1.06
2026-07-14 09:40:00,1.34,-1.63,82.0,-2.27,-0.97
2026-07-14 09:50:00,1.33,-1.66,85.1,-2.56,-1.12
2026-07-14 10:00:00,1.34,-1.21,88.6,-2.64,-1.08
2026-07-14 10:10:00,1.34,-1.50,87.7,-2.34,-1.28
2026-07-14 10:20:00,1.35,-1.19,86.4,-2.11,-1.02
2026-07-14 10:30:00,1.34,-0.95,82.2,-2.32,-0.92
2026-07-14 10:40:00,1.35,-0.81,84.9,-2.26,-1.05
2026-07-14 10:50:00,1.35,-0.39,85.6,-1.61,-0.97
2026-07-14 11:00:00,1.34,-0.77,81.8,-1.66,-0.93
2026-07-14 11:10:00,1.35,0.37,85.9,-1.77,-1.18
2026-07-14 11:20:00,1.35,-0.25,81.1,-1.57,-1.04
2026-07-14 11:30:00,1.35,-0.60,84.7,-2.27,-1.28
2026-07-14 11:40:00,1.35,0.68,86.0,-1.58,-1.03
2026-07-14 11:50:00,1.35,0.63,79.3,-1.24,-1.09
2026-07-14 12:00:00,1.34,0.48,82.7,-1.33,-1.14
2026-07-14 12:10:00,1.35,1.00,79.0,-2.00,-1.03
2026-07-14 12:20:00,1.34,0.61,78.2,-1.43,-1.12
2026-07-14 12:30:00,1.35,0.65,81.1,-1.82,-1.06
2026-07-14 12:40:00,1.35,0.69,81.4,-1.29,-1.07
2026-07-14 12:50:00,1.35,0.83,77.4,-1.74,-1.00
2026-07-14 13:00:00,1.35,1.32,80.2,-1.32,-0.96
2026-07-14 13:10:00,1.35,1.43,80.6,-1.60,-1.11
2026-07-14 13:20:00,1.35,1.35,79.8,-1.19,-1.01
2026-07-14 13:30:00,1.35,1.14,78.5,-0.98,-0.98
2026-07-14 13:40:00,1.35,1.44,77.6,-0.90,-0.99
2026-07-14 13:50:00,1.35,1.51,77.7,-0.98,-1.07
2026-07-14 14:00:00,1.35,2.15,76.0,-1.00,-1.02
2026-07-14 14:10:00,1.35,1.61,76.8,-1.33,-0.94
2026-07-14 14:20:00,1.36,1.81,76.6,-1.26,-1.03
2026-07-14 14:30:00,1.35,1.25,78.5,-1.22,-1.02
2026-07-14 14:40:00,1.36,2.13,79.3,-1.17,-1.08
2026-07-14 14:50:00,1.35,1.68,72.6,-0.85,-1.15
2026-07-14 15:00:00,1.35,1.05,78.7,-0.99,-1.00
2026-07-14 15:10:00,1.35,1.36,78.2,-1.00,-1.03
2026-07-14 15:20:00,1.35,1.06,75.4,-0.78,-0.96
2026-07-14 15:30:00,1.36,1.32,73.4,-1.76,-0.97
2026-07-14 15:40:00,1.35,0.22,78.6,-1.30,-1.15
2026-07-14 15:50:00,1.34,1.06,82.5,-0.98,-0.98
2026-07-14 16:00:00,1.35,1.64,78.8,-1.20,-0.95
2026-07-14 16:10:00,1.35,1.21,78.8,-1.39,-1.11
2026-07-14 16:20:00,1.35,1.53,73.1,-1.38,-1.02
2026-07-14 16:30:00,1.35,1.20,78.2,-1.07,-1.09
2026-07-14 16:40:00,1.35,1.79,76.3,-0.93,-1.14
2026-07-14 16:50:00,1.36,1.20,73.6,-1.02,-1.00
2026-07-14 17:00:00,1.34,0.51,81.1,-1.66,-0.98
2026-07-14 17:10:00,1.34,0.26,79.1,-0.96,-0.99
2026-07-14 17:20:00,1.35,0.41,80.9,-1.23,-1.06
2026-07-14 17:30:00,1.35,0.31,85.0,-1.26,-0.98
2026-07-14 17:40:00,1.35,0.50,74.3,-1.53,-1.16
2026-07-14 17:50:00,1.35,0.86,79.4,-1.79,-1.07
2026-07-14 18:00:00,1.35,0.98,79.9,-1.19,-1.06
2026-07-14 18:10:00,1.35,0.23,82.2,-1.25,-0.99
2026-07-14 18:20:00,1.35,1.61,80.2,-1.47,-1.01
2026-07-14 18:30:00,1.34,0.04,82.8,-1.65,-0.93
2026-07-14 18:40:00,1.35,-0.28,79.8,-1.81,-1.12
2026-07-14 18:50:00,1.35,0.00,76.6,-1.46,-0.96
2026-07-14 19:00:00,1.35,0.35,85.8,-1.67,-1.10
2026-07-14 19:10:00,1.35,-0.82,80.8,-1.81,-1.09
2026-07-14 19:20:00,1.35,-0.08,83.6,-1.99,-1.04
2026-07-14 19:30:00,1.35,-1.49,84.9,-1.84,-1.00
2026-07-14 19:40:00,1.35,-1.05,79.3,-2.19,-1.04
2026-07-14 19:50:00,1.34,-1.88,83.0,-2.13,-1.08
2026-07-14 20:00:00,1.34,-2.44,89.1,-2.55,-1.01
2026-07-14 20:10:00,1.34,-2.15,83.2,-2.25,-1.03
2026-07-14 20:20:00,1.34,-2.12,85.9,-2.41,-1.04
2026-07-14 20:30:00,1.34,-2.38,90.4,-2.20,-1.06
2026-07-14 20:40:00,1.34,-2.66,83.4,-2.31,-0.96
2026-07-14 20:50:00,1.34,-2.79,86.7,-2.23,-0.97
2026-07-14 21:00:00,1.34,-2.35,86.3,-2.57,-1.04
2026-07-14 21:10:00,1.33,-1.90,94.3,-2.58,-0.94
2026-07-14 21:20:00,1.33,-2.99,88.1,-2.75,-1.00
2026-07-14 21:30:00,1.34,-3.04,92.1,-2.25,-1.03
2026-07-14 21:40:00,1.34,-3.16,88.3,-2.63,-1.15
2026-07-14 21:50:00,1.34,-3.66,91.9,-2.79,-1.00
2026-07-14 22:00:00,1.33,-4.18,91.6,-2.91,-1.06
2026-07-14 22:10:00,1.33,-3.77,89.4,-2.82,-0.98
2026-07-14 22:20:00,1.33,-4.79,94.0,-2.46,-1.01
2026-07-14 22:30:00,1.33,-4.15,91.7,-2.98,-0.88
2026-07-14 22:40:00,1.33,-5.05,93.0,-3.70,-1.03
2026-07-14 22:50:00,1.33,-4.67,92.8,-3.41,-1.05
2026-07-14 23:00:00,1.33,-5.11,90.9,-3.33,-0.99
2026-07-14 23:10:00,1.32,-5.12,94.1,-3.33,-1.07
2026-07-14 23:20:00,1.32,-4.79,96.3,-3.32,-1.09
2026-07-14 23:30:00,1.33,-4.98,95.3,-3.58,-0.95
2026-07-14 23:40:00,1.33,-5.03,90.1,-3.35,-1.01
2026-07-14 23:50:00,1.32,-5.73,94.6,-3.27,-1.06
2026-07-15 00:00:00,1.33,-5.29,96.4,-3.68,-1.16
2026-07-15 00:10:00,1.32,-5.02,99.5,-3.95,-0.92
2026-07-15 00:20:00,1.33,-5.31,99.3,-3.71,-1.21
2026-07-15 00:30:00,1.32,-5.83,98.9,-3.87,-1.14
2026-07-15 00:40:00,1.32,-6.11,90.4,-3.81,-1.06
2026-07-15 00:50:00,1.32,-6.17,95.5,-3.86,-1.10
2026-07-15 01:00:00,1.32,-6.30,98.9,-3.34,-0.93
2026-07-15 01:10:00,1.32,-6.45,96.2,-4.15,-1.13
2026-07-15 01:20:00,1.32,-6.09,97.3,-3.86,-1.04
2026-07-15 01:30:00,1.32,-5.85,98.5,-3.80,-1.03
2026-07-15 01:40:00,1.32,-6.27,99.5,-3.81,-1.19
2026-07-15 01:50:00,1.32,-7.01,99.5,-4.23,-0.98
2026-07-15 02:00:00,1.32,-5.97,99.5,-4.26,-0.98
2026-07-15 02:10:00,1.32,-6.64,98.6,-3.57,-1.01
2026-07-15 02:20:00,1.31,-7.11,96.0,-4.10,-1.08
2026-07-15 02:30:00,1.32,-6.73,99.5,-4.08,-1.08
2026-07-15 02:40:00,1.32,-7.25,99.5,-3.99,-0.99
2026-07-15 02:50:00,1.32,-6.53,99.5,-4.05,-1.05
2026-07-15 03:00:00,1.32,-6.21,99.5,-4.43,-1.16
2026-07-15 03:10:00,1.32,-6.70,95.9,-4.13,-1.01
2026-07-15 03:20:00,1.31,-6.85,97.3,-4.03,-0.96
2026-07-15 03:30:00,1.32,-6.42,99.5,-3.62,-1.11
2026-07-15 03:40:00,1.32,-6.38,99.5,-3.64,-1.00
2026-07-15 03:50:00,1.31,-6.69,99.5,-4.12,-0.95
2026-07-15 04:00:00,1.32,-6.28,98.9,-3.76,-1.04
2026-07-15 04:10:00,1.32,-5.96,95.0,-4.23,-1.07
2026-07-15 04:20:00,1.31,-6.94,96.1,-3.89,-0.99
2026-07-15 04:30:00,1.32,-6.43,99.5,-4.12,-1.09
2026-07-15 04:40:00,1.32,-6.48,98.8,-3.66,-0.94
2026-07-15 04:50:00,1.32,-6.24,98.0,-4.04,-1.06
2026-07-15 05:00:00,1.31,-6.58,99.2,-4.14,-1.04
2026-07-15 05:10:00,1.33,-6.12,94.6,-4.05,-1.16
2026-07-15 05:20:00,1.32,-6.05,99.5,-3.65,-0.93
2026-07-15 05:30:00,1.32,-5.67,93.5,-3.52,-1.14
2026-07-15 05:40:00,1.32,-5.83,91.3,-3.57,-1.18
2026-07-15 05:50:00,1.32,-5.94,94.2,-3.54,-0.97
2026-07-15 06:00:00,1.32,-5.94,94.6,-3.90,-1.10
2026-07-15 06:10:00,1.32,-5.27,97.9,-3.22,-0.96
2026-07-15 06:20:00,1.32,-4.97,89.9,-3.09,-0.90
2026-07-15 06:30:00,1.32,-4.75,98.0,-3.14,-0.98
2026-07-15 06:40:00,1.33,-5.05,93.2,-2.71,-1.06
2026-07-15 06:50:00,1.32,-4.74,97.9,-3.05,-0.99
2026-07-15 07:00:00,1.33,-4.21,94.0,-3.02,-1.08
2026-07-15 07:10:00,1.33,-4.68,95.2,-2.89,-0.91
2026-07-15 07:20:00,1.32,-4.93,88.8,-3.50,-0.93
2026-07-15 07:30:00,1.33,-4.49,94.4,-2.89,-0.99
2026-07-15 07:40:00,1.33,-3.54,89.7,-2.87,-1.00
2026-07-15 07:50:00,1.32,-4.71,95.7,-2.98,-0.96
2026-07-15 08:00:00,1.32,-2.87,90.5,-2.55,-0.90
2026-07-15 08:10:00,1.33,-2.87,84.7,-2.59,-1.01
2026-07-15 08:20:00,1.33,-3.49,86.4,-2.91,-1.00
2026-07-15 08:30:00,1.33,-2.09,88.6,-2.78,-1.07
2026-07-15 08:40:00,1.34,-2.68,87.4,-2.61,-0.96
2026-07-15 08:50:00,1.33,-2.51,90.2,-2.67,-0.99
2026-07-15 09:00:00,1.34,-1.99,89.0,-2.56,-1.01
2026-07-15 09:10:00,1.32,-3.29,90.1,-2.94,-1.08
2026-07-15 09:20:00,1.34,-2.19,77.8,-2.55,-1.03
2026-07-15 09:30:00,1.33,-1.21,86.2,-2.20,-0.98
2026-07-15 09:40:00,1.33,-1.65,88.8,-2.31,-1.06
2026-07-15 09:50:00,1.34,-1.26,86.6,-2.51,-1.01
2026-07-15 10:00:00,1.34,-1.24,82.5,-1.64,-0.99
2026-07-15 10:10:00,1.34,-0.64,84.0,-2.23,-1.02
2026-07-15 10:20:00,1.33,-1.30,83.5,-1.93,-0.97
2026-07-15 10:30:00,1.34,-0.45,80.9,-2.27,-0.89
2026-07-15 10:40:00,1.34,-0.87,88.6,-1.58,-0.89
2026-07-15 10:50:00,1.34,-0.72,75.7,-1.92,-0.91
2026-07-15 11:00:00,1.34,0.06,86.8,-1.43,-1.02
2026-07-15 11:10:00,1.34,-0.35,79.3,-1.63,-1.11
2026-07-15 11:20:00,1.34,0.00,77.7,-1.61,-1.03
2026-07-15 11:30:00,1.34,0.75,83.7,-1.50,-1.06
2026-07-15 11:40:00,1.35,0.61,82.3,-1.47,-1.09
2026-07-15 11:50:00,1.34,-0.05,74.4,-1.51,-1.05
2026-07-15 12:00:00,1.34,0.29,80.7,-1.10,-0.98
2026-07-15 12:10:00,1.35,0.16,74.5,-1.20,-1.00
2026-07-15 12:20:00,1.34,0.80,76.7,-1.01,-1.21
2026-07-15 12:30:00,1.35,1.43,77.2,-1.28,-1.02
2026-07-15 12:40:00,1.34,1.20,76.6,-1.56,-0.96
2026-07-15 12:50:00,1.35,1.25,81.9,-1.64,-0.97
2026-07-15 13:00:00,1.35,1.61,80.7,-1.03,-1.06
2026-07-15 13:10:00,1.34,1.37,77.5,-1.13,-1.13
2026-07-15 13:20:00,1.34,0.78,76.7,-1.00,-0.89
2026-07-15 13:30:00,1.35,1.77,81.6,-0.89,-1.01
2026-07-15 13:40:00,1.35,2.06,84.7,-0.72,-1.01
2026-07-15 13:50:00,1.34,0.86,77.5,-0.98,-1.05
2026-07-15 14:00:00,1.34,1.50,79.4,-0.82,-1.02
2026-07-15 14:10:00,1.34,0.74,76.1,-1.16,-1.17
2026-07-15 14:20:00,1.34,0.92,79.1,-1.08,-1.03
2026-07-15 14:30:00,1.35,1.73,77.3,-1.28,-0.84
2026-07-15 14:40:00,1.34,1.65,72.1,-0.75,-1.01
2026-07-15 14:50:00,1.35,1.36,72.8,-1.01,-1.06
2026-07-15 15:00:00,1.35,1.95,80.1,-1.02,-1.06
2026-07-15 15:10:00,1.35,1.52,78.1,-1.01,-0.98
2026-07-15 15:20:00,1.35,2.15,72.0,-1.06,-1.10
2026-07-15 15:30:00,1.35,2.53,81.4,-0.93,-1.04
2026-07-15 15:40:00,1.35,1.51,75.6,-0.77,-0.94
2026-07-15 15:50:00,1.35,1.05,78.6,-0.68,-1.11
2026-07-15 16:00:00,1.35,0.95,82.2,-1.09,-1.04
2026-07-15 16:10:00,1.35,2.04,69.7,-1.57,-0.98
2026-07-15 16:20:00,1.34,0.90,77.9,-1.07,-1.08
2026-07-15 16:30:00,1.35,2.22,77.3,-1.05,-1.13
2026-07-15 16:40:00,1.34,0.69,80.9,-1.01,-0.80
2026-07-15 16:50:00,1.34,0.85,83.7,-1.26,-1.17
2026-07-15 17:00:00,1.35,1.05,71.9,-1.40,-1.03
2026-07-15 17:10:00,1.33,0.55,74.8,-1.61,-1.12
2026-07-15 17:20:00,1.35,1.16,79.5,-1.52,-1.08
2026-07-15 17:30:00,1.34,1.18,77.7,-1.69,-0.93
2026-07-15 17:40:00,1.34,0.92,81.4,-1.16,-0.99
2026-07-15 17:50:00,1.34,1.13,77.8,-1.40,-0.99
2026-07-15 18:00:00,1.34,0.39,87.1,-1.17,-1.17
2026-07-15 18:10:00,1.34,0.08,77.6,-1.46,-1.02
2026-07-15 18:20:00,1.34,0.09,83.7,-1.26,-1.00
2026-07-15 18:30:00,1.34,NaN,NaN,-1.72,-1.00
2026-07-15 18:40:00,1.34,0.10,84.5,-1.82,-1.02
2026-07-15 18:50:00,1.34,-0.05,83.5,-1.70,-0.89
2026-07-15 19:00:00,1.33,-0.63,79.4,-1.52,-0.92
2026-07-15 19:10:00,1.34,-0.44,89.8,-2.46,-0.96
2026-07-15 19:20:00,1.34,-0.52,81.8,-1.64,-1.02
2026-07-15 19:30:00,1.34,-1.14,87.2,-1.62,-0.90
2026-07-15 19:40:00,1.34,-0.70,82.8,-1.88,-1.07
2026-07-15 19:50:00,1.34,-1.24,83.4,-2.14,-0.97
2026-07-15 20:00:00,1.33,-1.55,83.0,-2.23,-1.12
2026-07-15 20:10:00,1.33,-0.57,87.8,-2.16,-1.05
2026-07-15 20:20:00,1.34,-1.66,82.9,-1.86,-1.12
2026-07-15 20:30:00,1.33,-2.15,86.3,-2.29,-1.05
2026-07-15 20:40:00,1.33,-2.14,82.8,-2.17,-1.02
2026-07-15 20:50:00,1.33,-2.06,87.8,-2.08,-1.04
2026-07-15 21:00:00,1.33,-2.50,91.9,-2.29,-0.93
2026-07-15 21:10:00,1.32,-3.67,88.4,-2.26,-1.10
2026-07-15 21:20:00,1.33,-2.33,89.8,-2.46,-0.95
2026-07-15 21:30:00,1.32,-2.38,92.8,-2.39,-0.98
2026-07-15 21:40:00,1.33,-3.10,88.1,-2.81,-0.99
2026-07-15 21:50:00,1.33,-2.38,86.3,-3.01,-0.95
2026-07-15 22:00:00,1.32,-2.76,96.1,-2.91,-0.95
2026-07-15 22:10:00,1.32,-3.91,91.8,-2.78,-0.97
2026-07-15 22:20:00,1.33,-3.29,94.0,-2.78,-0.95
2026-07-15 22:30:00,1.32,-4.35,95.6,-2.83,-1.11
2026-07-15 22:40:00,1.32,-4.18,90.5,-3.19,-1.03
2026-07-15 22:50:00,1.32,-4.13,92.6,-3.10,-1.08
2026-07-15 23:00:00,1.31,-6.23,88.2,-2.89,-0.94
2026-07-15 23:10:00,1.32,-5.56,89.6,-3.12,-1.04
2026-07-15 23:20:00,1.32,-5.56,95.7,-3.83,-0.91
2026-07-15 23:30:00,1.32,-4.58,96.2,-3.50,-0.92
2026-07-15 23:40:00,1.31,-4.69,95.0,-3.37,-1.09
2026-07-15 23:50:00,1.32,-5.45,97.1,-3.39,-0.98
2026-07-16 00:00:00,1.31,-5.08,95.9,-3.39,-0.99
2026-07-16 00:10:00,1.31,-5.78,97.3,-3.39,-0.92
2026-07-16 00:20:00,1.31,-6.05,94.5,-3.50,-0.87
2026-07-16 00:30:00,1.31,-5.93,97.9,-3.59,-1.04
2026-07-16 00:40:00,1.31,-6.49,93.3,-3.92,-1.10
2026-07-16 00:50:00,1.32,-6.24,95.6,-3.78,-1.09
2026-07-16 01:00:00,1.32,-5.37,99.5,-3.84,-0.95
2026-07-16 01:10:00,1.31,-5.91,99.5,-4.10,-0.92
2026-07-16 01:20:00,1.31,-6.23,98.1,-3.63,-1.01
2026-07-16 01:30:00,1.32,-5.84,99.5,-3.72,-1.11
2026-07-16 01:40:00,1.31,-6.60,96.9,-3.82,-0.98
2026-07-16 01:50:00,1.31,-6.05,97.0,-3.39,-0.94
2026-07-16 02:00:00,1.31,-6.26,99.5,-3.35,-1.01
2026-07-16 02:10:00,1.31,-6.82,98.3,-3.56,-1.06
2026-07-16 02:20:00,1.31,-6.55,99.5,-4.22,-0.94
2026-07-16 02:30:00,1.31,-6.27,99.5,-3.68,-0.93
2026-07-16 02:40:00,1.32,-6.79,98.8,-3.59,-1.12
2026-07-16 02:50:00,1.31,-7.72,99.5,-3.88,-1.17
2026-07-16 03:00:00,1.31,-6.63,99.5,-4.05,-0.82
2026-07-16 03:10:00,1.32,-6.17,99.5,-3.70,-0.93
2026-07-16 03:20:00,1.31,-7.40,98.1,-3.59,-1.10
2026-07-16 03:30:00,1.32,-5.84,99.5,-3.63,-0.97
2026-07-16 03:40:00,1.31,-6.04,99.5,-3.85,-0.93
2026-07-16 03:50:00,1.31,NaN,NaN,-3.89,-1.06
2026-07-16 04:00:00,1.31,-6.65,96.2,-3.99,-0.99
2026-07-16 04:10:00,1.30,-7.20,99.5,-4.00,-0.90
2026-07-16 04:20:00,1.31,-6.35,96.4,-3.64,-1.02
2026-07-16 04:30:00,1.32,-6.45,99.5,-4.05,-1.00
2026-07-16 04:40:00,1.31,-6.04,96.9,-3.84,-1.02
2026-07-16 04:50:00,1.32,-5.95,95.7,-3.99,-1.04
2026-07-16 05:00:00,1.31,-5.78,99.0,-3.69,-1.05
2026-07-16 05:10:00,1.31,-6.46,97.1,-3.75,-0.92
2026-07-16 05:20:00,1.31,-5.58,99.5,-3.75,-0.99
2026-07-16 05:30:00,1.31,-5.71,99.5,-3.59,-1.07
2026-07-16 05:40:00,1.31,-5.63,95.0,-3.91,-0.96
2026-07-16 05:50:00,1.32,-5.30,93.6,-3.11,-0.94
2026-07-16 06:00:00,1.31,-4.81,93.1,-3.82,-0.94
2026-07-16 06:10:00,1.31,-5.42,93.3,-3.18,-1.08
2026-07-16 06:20:00,1.32,-5.20,97.7,-3.25,-1.07
2026-07-16 06:30:00,1.32,-4.98,96.0,-3.44,-1.17
2026-07-16 06:40:00,1.32,-5.27,93.5,-3.44,-0.91
2026-07-16 06:50:00,1.31,-5.09,91.2,-3.41,-1.03
2026-07-16 07:00:00,1.31,-4.61,92.3,-2.94,-1.09
2026-07-16 07:10:00,1.31,-4.55,93.7,-3.01,-1.06
2026-07-16 07:20:00,1.32,-3.84,91.8,-3.14,-0.99
2026-07-16 07:30:00,1.32,-4.17,92.6,-2.54,-1.02
2026-07-16 07:40:00,1.33,-4.06,92.7,-3.25,-1.01
2026-07-16 07:50:00,1.32,-4.21,93.4,-2.85,-1.02
2026-07-16 08:00:00,1.32,-3.60,89.3,-2.67,-0.96
2026-07-16 08:10:00,1.32,-3.60,92.5,-2.91,-0.96
2026-07-16 08:20:00,1.33,-2.78,90.9,-2.73,-1.05
2026-07-16 08:30:00,1.33,-3.05,88.1,-2.29,-1.07
2026-07-16 08:40:00,1.33,-2.41,88.8,-2.83,-0.98
2026-07-16 08:50:00,1.33,-3.38,89.3,-2.88,-1.03
2026-07-16 09:00:00,1.32,-2.80,84.7,-1.86,-0.83
2026-07-16 09:10:00,1.32,-2.51,84.9,-2.61,-1.07
2026-07-16 09:20:00,1.33,-1.19,93.7,-2.21,-0.89
2026-07-16 09:30:00,1.33,-2.10,86.3,-2.00,-1.00
2026-07-16 09:40:00,1.33,-1.53,83.4,-1.80,-1.12
2026-07-16 09:50:00,1.33,-1.92,85.1,-2.04,-0.97
2026-07-16 10:00:00,1.33,-1.19,87.7,-2.15,-1.02
2026-07-16 10:10:00,1.33,-0.53,82.0,-1.60,-1.07
2026-07-16 10:20:00,1.33,-1.09,84.4,-1.71,-1.04
2026-07-16 10:30:00,1.33,-1.54,82.6,-1.66,-1.03
2026-07-16 10:40:00,1.33,-1.24,85.2,-2.04,-1.00
2026-07-16 10:50:00,1.33,-0.56,79.7,-2.10,-0.87
2026-07-16 11:00:00,1.33,-0.91,80.9,-1.40,-0.97
2026-07-16 11:10:00,1.33,0.61,80.6,-1.84,-1.02
2026-07-16 11:20:00,1.34,-0.43,81.7,-1.74,-0.89
2026-07-16 11:30:00,1.34,0.23,75.7,-1.49,-1.07
2026-07-16 11:40:00,1.34,0.52,78.3,-1.59,-1.04
2026-07-16 11:50:00,1.33,-0.10,78.8,-1.23,-0.93
2026-07-16 12:00:00,1.34,0.85,75.4,-1.31,-0.99
2026-07-16 12:10:00,1.34,0.96,74.7,-1.47,-1.01
2026-07-16 12:20:00,1.34,1.05,80.4,-0.93,-0.99
2026-07-16 12:30:00,1.34,1.12,78.6,-1.69,-1.18
2026-07-16 12:40:00,1.33,0.86,78.8,-0.84,-1.09
2026-07-16 12:50:00,1.34,1.37,78.4,-1.50,-0.92
2026-07-16 13:00:00,1.34,1.72,76.0,-1.20,-1.05
2026-07-16 13:10:00,1.34,1.26,78.0,-0.98,-1.09
2026-07-16 13:20:00,1.34,1.10,82.1,-1.14,-1.00
2026-07-16 13:30:00,1.34,1.59,81.8,-1.28,-1.03
2026-07-16 13:40:00,1.35,1.19,82.1,-1.55,-1.07
2026-07-16 13:50:00,1.35,1.82,83.1,-0.91,-1.07
2026-07-16 14:00:00,1.34,1.37,79.1,-0.69,-0.97
2026-07-16 14:10:00,1.34,1.19,78.4,-1.15,-1.09
2026-07-16 14:20:00,1.34,1.48,77.6,-1.27,-1.07
2026-07-16 14:30:00,1.35,1.51,75.0,-0.93,-1.13
2026-07-16 14:40:00,1.35,2.69,75.0,-1.04,-1.04
2026-07-16 14:50:00,1.34,1.56,81.5,-0.82,-0.92
2026-07-16 15:00:00,1.35,2.43,78.9,-1.03,-0.76
2026-07-16 15:10:00,1.34,2.26,82.3,-1.05,-0.99
2026-07-16 15:20:00,1.34,1.44,74.8,-0.99,-1.23
2026-07-16 15:30:00,1.34,2.42,77.7,-0.71,-0.96
2026-07-16 15:40:00,1.34,2.26,68.3,-0.64,-1.05
2026-07-16 15:50:00,1.34,2.24,75.4,-0.84,-0.96
2026-07-16 16:00:00,1.34,1.50,73.4,-0.51,-0.97
2026-07-16 16:10:00,1.35,2.66,78.2,-0.91,-1.00
2026-07-16 16:20:00,1.34,1.66,75.1,-0.80,-0.91
2026-07-16 16:30:00,1.34,0.48,79.0,-0.84,-0.99
2026-07-16 16:40:00,1.34,1.70,81.4,-0.93,-1.02
2026-07-16 16:50:00,1.34,1.20,75.4,-1.01,-1.07
2026-07-16 17:00:00,1.34,0.78,80.0,-1.18,-1.06
2026-07-16 17:10:00,1.34,1.31,79.0,-1.33,-0.85
2026-07-16 17:20:00,1.34,1.55,77.3,-0.86,-0.96
2026-07-16 17:30:00,1.34,1.09,79.5,-1.27,-1.00
2026-07-16 17:40:00,1.33,0.40,75.4,-1.00,-0.83
2026-07-16 17:50:00,1.33,0.22,76.5,-1.16,-1.05
2026-07-16 18:00:00,1.34,0.65,75.4,-1.68,-0.97
2026-07-16 18:10:00,1.33,0.56,78.8,-1.43,-1.15
2026-07-16 18:20:00,1.33,0.44,77.3,-1.55,-1.14
2026-07-16 18:30:00,1.33,0.48,79.4,-1.31,-1.00
2026-07-16 18:40:00,1.33,-0.83,77.8,-1.57,-1.01
2026-07-16 18:50:00,1.33,-0.71,87.0,-1.19,-0.90
2026-07-16 19:00:00,1.33,-0.62,85.2,-1.77,-0.93
2026-07-16 19:10:00,1.33,-0.31,84.3,-1.63,-0.97
2026-07-16 19:20:00,1.33,-0.58,82.1,-1.98,-0.95
2026-07-16 19:30:00,1.33,-0.44,85.4,-1.87,-0.96
2026-07-16 19:40:00,1.33,-0.57,85.1,-2.13,-1.06
2026-07-16 19:50:00,1.33,-1.77,83.0,-1.90,-1.02
2026-07-16 20:00:00,1.32,-1.55,87.6,-1.92,-1.09
2026-07-16 20:10:00,1.32,-1.38,82.8,-2.17,-1.12
2026-07-16 20:20:00,1.32,-1.87,84.4,-2.02,-0.98
2026-07-16 20:30:00,1.33,-1.63,87.1,-1.96,-1.02
2026-07-16 20:40:00,1.32,-2.89,91.2,-2.28,-0.92
2026-07-16 20:50:00,1.33,-2.38,87.7,-2.60,-0.97
2026-07-16 21:00:00,1.32,-3.00,89.1,-2.24,-1.07
2026-07-16 21:10:00,1.32,-3.05,89.9,-2.55,-1.00
2026-07-16 21:20:00,1.32,-2.16,86.5,-2.10,-1.02
2026-07-16 21:30:00,1.33,-2.12,90.4,-2.76,-1.02
2026-07-16 21:40:00,1.32,-2.93,89.2,-2.35,-0.94
2026-07-16 21:50:00,1.32,-3.46,95.4,-2.73,-0.92
2026-07-16 22:00:00,1.32,-3.57,85.3,-2.87,-0.96
2026-07-16 22:10:00,1.32,-3.86,87.5,-2.84,-1.05
2026-07-16 22:20:00,1.31,-4.34,93.2,-2.90,-0.96
2026-07-16 22:30:00,1.32,-3.76,94.9,-3.01,-0.92
2026-07-16 22:40:00,1.31,-4.31,91.6,-2.84,-0.92
2026-07-16 22:50:00,1.31,-4.26,95.8,-3.05,-1.03
2026-07-16 23:00:00,1.31,-4.35,96.0,-2.94,-0.98
2026-07-16 23:10:00,1.31,-5.10,94.8,-2.68,-0.95
2026-07-16 23:20:00,1.32,-4.47,94.8,-3.30,-0.88
2026-07-16 23:30:00,1.31,-5.38,93.6,-3.14,-1.12
2026-07-16 23:40:00,1.31,-4.79,95.7,-3.12,-0.92
2026-07-16 23:50:00,1.31,-4.96,92.9,-3.80,-0.92
2026-07-17 00:00:00,1.31,-5.35,94.8,-3.37,-0.94
2026-07-17 00:10:00,1.31,-5.07,90.1,-3.63,-1.06
2026-07-17 00:20:00,1.31,-5.39,89.7,-3.60,-1.00
2026-07-17 00:30:00,1.31,-5.59,95.2,-3.83,-1.06
2026-07-17 00:40:00,1.31,-6.32,96.5,-3.73,-0.96
2026-07-17 00:50:00,1.31,-5.75,99.5,-3.73,-0.95
2026-07-17 01:00:00,1.30,-6.16,95.4,-3.54,-1.04
2026-07-17 01:10:00,1.31,-5.86,99.5,-3.53,-1.07
2026-07-17 01:20:00,1.30,-6.24,91.7,-3.66,-1.02
2026-07-17 01:30:00,1.31,-5.92,99.5,-3.59,-1.05
2026-07-17 01:40:00,1.31,-6.57,99.5,-3.64,-1.02
2026-07-17 01:50:00,1.30,-6.49,95.9,-3.69,-0.97
2026-07-17 02:00:00,1.30,-6.69,93.9,-4.15,-0.97
2026-07-17 02:10:00,1.30,-6.90,99.5,-3.92,-1.12
2026-07-17 02:20:00,1.30,-6.35,99.5,-3.64,-1.10
2026-07-17 02:30:00,1.30,-6.57,91.0,-3.97,-1.07
2026-07-17 02:40:00,1.30,-7.03,99.5,-4.00,-1.08
2026-07-17 02:50:00,1.31,-6.47,99.5,-3.82,-0.99
2026-07-17 03:00:00,1.30,-6.17,99.5,-3.96,-1.02
2026-07-17 03:10:00,1.30,-5.94,99.0,-4.14,-0.94
2026-07-17 03:20:00,1.31,-6.25,99.5,-4.07,-1.15
2026-07-17 03:30:00,1.30,-6.94,99.5,-3.79,-1.10
2026-07-17 03:40:00,1.30,-6.14,97.3,-3.57,-0.92
2026-07-17 03:50:00,1.31,-7.04,99.5,-3.55,-0.98
2026-07-17 04:00:00,1.31,-6.41,95.1,-3.37,-0.91
2026-07-17 04:10:00,1.31,-6.17,99.5,-3.43,-0.94
2026-07-17 04:20:00,1.30,-6.13,98.4,-3.62,-1.01
2026-07-17 04:30:00,1.31,-5.94,99.2,-3.86,-0.97
2026-07-17 04:40:00,1.31,-6.19,99.5,-3.84,-0.87
2026-07-17 04:50:00,1.30,-6.04,96.8,-3.84,-1.00
2026-07-17 05:00:00,1.30,-5.57,97.0,-3.82,-1.10
2026-07-17 05:10:00,1.30,-6.69,98.0,-3.71,-0.96
2026-07-17 05:20:00,1.31,-5.58,98.3,-3.23,-0.94
2026-07-17 05:30:00,1.31,-6.14,98.5,-3.33,-0.97
2026-07-17 05:40:00,1.31,-5.69,92.7,-3.29,-0.89
2026-07-17 05:50:00,1.31,-4.94,96.1,-3.05,-0.91
2026-07-17 06:00:00,1.31,-5.42,96.2,-3.22,-0.95
2026-07-17 06:10:00,1.31,-5.39,92.6,-3.31,-0.95
2026-07-17 06:20:00,1.31,-4.92,94.9,-3.57,-1.03
2026-07-17 06:30:00,1.31,-5.20,95.4,-3.29,-1.04
2026-07-17 06:40:00,1.30,-4.68,94.8,-3.42,-0.94
2026-07-17 06:50:00,1.31,-4.80,94.3,-3.59,-0.95
2026-07-17 07:00:00,1.31,-3.95,91.7,-2.58,-0.94
2026-07-17 07:10:00,1.31,-4.86,95.5,-3.05,-0.94
2026-07-17 07:20:00,1.31,-4.52,95.0,-3.01,-1.07
2026-07-17 07:30:00,1.31,-4.16,93.5,-2.80,-1.00
2026-07-17 07:40:00,1.31,-4.05,92.5,-3.02,-1.00
2026-07-17 07:50:00,1.32,-4.01,90.6,-2.87,-0.90
2026-07-17 08:00:00,1.32,-3.17,96.6,-2.82,-0.97
2026-07-17 08:10:00,1.31,-3.97,96.5,-2.18,-0.85
2026-07-17 08:20:00,1.32,-2.17,94.0,-2.38,-1.07
2026-07-17 08:30:00,1.32,-2.60,90.3,-2.53,-0.97
2026-07-17 08:40:00,1.32,-2.27,93.1,-2.28,-1.03
2026-07-17 08:50:00,1.31,NaN,NaN,-2.35,-0.87
2026-07-17 09:00:00,1.32,-2.60,90.5,-2.44,-0.91
2026-07-17 09:10:00,1.32,-2.02,90.1,-2.43,-0.86
2026-07-17 09:20:00,1.32,-1.83,86.6,-2.67,-1.04
2026-07-17 09:30:00,1.32,-2.00,83.6,-1.94,-1.04
2026-07-17 09:40:00,1.33,-1.59,85.1,-2.03,-1.01
2026-07-17 09:50:00,1.32,-1.49,86.2,-1.89,-1.10
2026-07-17 10:00:00,1.32,-1.27,82.8,-2.24,-0.93
2026-07-17 10:10:00,1.33,-0.64,85.4,-2.07,-1.05
2026-07-17 10:20:00,1.33,-0.60,84.7,-1.95,-1.02
2026-07-17 10:30:00,1.33,-0.84,79.8,-2.04,-1.03
2026-07-17 10:40:00,1.33,-0.78,82.1,-1.97,-0.95
2026-07-17 10:50:00,1.32,-1.06,77.8,-1.56,-1.01
2026-07-17 11:00:00,1.33,0.22,81.3,-1.87,-1.06
2026-07-17 11:10:00,1.33,-0.44,79.4,-1.40,-0.96
2026-07-17 11:20:00,1.33,-0.08,78.9,-1.73,-0.89
2026-07-17 11:30:00,1.33,0.59,84.1,-1.36,-0.84
2026-07-17 11:40:00,1.33,-0.17,83.8,-0.98,-1.04
2026-07-17 11:50:00,1.33,0.80,75.1,-1.60,-0.98
2026-07-17 12:00:00,1.33,0.14,83.9,-1.51,-1.02
2026-07-17 12:10:00,1.33,0.96,75.0,-1.04,-0.97
2026-07-17 12:20:00,1.33,0.97,77.0,-1.30,-1.06
2026-07-17 12:30:00,1.33,0.82,80.0,-1.32,-0.99
2026-07-17 12:40:00,1.33,0.77,80.1,-1.30,-1.02
2026-07-17 12:50:00,1.34,1.55,78.7,-1.19,-0.98
2026-07-17 13:00:00,1.34,1.05,79.2,-0.90,-0.95
2026-07-17 13:10:00,1.33,1.62,81.4,-0.86,-1.06
2026-07-17 13:20:00,1.33,1.01,77.1,-0.98,-0.99
2026-07-17 13:30:00,1.34,1.98,79.4,-0.97,-1.09
2026-07-17 13:40:00,1.34,1.29,80.3,-1.10,-1.09
2026-07-17 13:50:00,1.33,1.49,74.6,-1.24,-0.83
2026-07-17 14:00:00,1.34,1.46,77.2,-0.96,-0.95
2026-07-17 14:10:00,1.34,1.65,73.0,-0.84,-0.98
2026-07-17 14:20:00,1.34,1.77,80.4,-1.26,-1.07
2026-07-17 14:30:00,1.33,0.81,79.7,-0.84,-0.98
2026-07-17 14:40:00,1.33,1.91,76.3,-0.91,-1.06
2026-07-17 14:50:00,1.34,2.12,80.8,-0.80,-1.03
2026-07-17 15:00:00,1.34,2.33,79.4,-1.00,-1.00
2026-07-17 15:10:00,1.34,2.64,76.1,-0.81,-1.03
2026-07-17 15:20:00,1.34,1.76,83.0,-0.77,-0.96
2026-07-17 15:30:00,1.34,2.05,82.8,-0.46,-0.90
2026-07-17 15:40:00,1.33,2.06,78.4,-0.74,-1.01
2026-07-17 15:50:00,1.33,1.05,80.4,-1.05,-0.93
2026-07-17 16:00:00,1.34,1.85,80.2,-0.82,-0.89
2026-07-17 16:10:00,1.33,1.85,76.2,-0.70,-1.08
2026-07-17 16:20:00,1.34,1.59,75.0,-1.20,-0.95
2026-07-17 16:30:00,1.34,1.72,73.0,-1.32,-0.97
2026-07-17 16:40:00,1.34,1.31,76.4,-0.83,-0.94
2026-07-17 16:50:00,1.33,1.63,78.4,-1.36,-1.03
2026-07-17 17:00:00,1.33,1.78,79.7,-1.37,-0.96
2026-07-17 17:10:00,1.33,0.53,76.7,-1.16,-0.94
2026-07-17 17:20:00,1.32,0.28,77.3,-1.30,-1.02
2026-07-17 17:30:00,1.33,0.69,77.0,-1.35,-1.01
2026-07-17 17:40:00,1.34,1.13,79.6,-1.00,-0.99
2026-07-17 17:50:00,1.32,NaN,NaN,-1.17,-1.01
2026-07-17 18:00:00,1.32,0.37,79.3,-1.25,-1.13
2026-07-17 18:10:00,1.33,0.89,82.5,-0.93,-0.95
2026-07-17 18:20:00,1.33,0.66,84.2,-1.66,-0.99
2026-07-17 18:30:00,1.33,-0.93,83.9,-1.17,-0.99
2026-07-17 18:40:00,1.33,0.49,85.7,-1.57,-0.93
2026-07-17 18:50:00,1.32,0.06,82.7,-1.16,-1.17
2026-07-17 19:00:00,1.33,1.18,84.1,-1.77,-1.01
2026-07-17 19:10:00,1.32,-0.23,82.0,-1.93,-1.01
2026-07-17 19:20:00,1.32,-0.36,82.2,-1.97,-0.94
2026-07-17 19:30:00,1.32,-0.98,84.3,-1.90,-1.04
2026-07-17 19:40:00,1.33,-0.40,88.2,-2.18,-0.96
2026-07-17 19:50:00,1.32,-1.38,86.6,-2.05,-0.90
2026-07-17 20:00:00,1.32,-1.12,79.9,-1.88,-0.95
2026-07-17 20:10:00,1.32,-1.44,85.0,-1.96,-0.97
2026-07-17 20:20:00,1.32,-2.28,88.2,-1.80,-0.87
2026-07-17 20:30:00,1.32,-1.83,81.8,-2.16,-1.14
2026-07-17 20:40:00,1.32,-1.61,86.3,-1.89,-1.01
2026-07-17 20:50:00,1.32,-2.63,82.9,-2.16,-1.06
2026-07-17 21:00:00,1.32,-1.96,86.7,-2.31,-0.89
2026-07-17 21:10:00,1.31,-2.85,90.4,-2.52,-0.94
2026-07-17 21:20:00,1.31,-3.23,90.1,-2.70,-0.98
2026-07-17 21:30:00,1.31,-2.87,90.0,-2.65,-0.94
2026-07-17 21:40:00,1.31,-2.83,91.2,-2.24,-0.80
2026-07-17 21:50:00,1.31,-3.43,88.9,-2.33,-0.97
2026-07-17 22:00:00,1.32,-2.70,90.3,-2.50,-0.86
2026-07-17 22:10:00,1.31,-4.14,90.4,-2.93,-1.00
2026-07-17 22:20:00,1.32,-2.75,94.3,-3.03,-1.23
2026-07-17 22:30:00,1.31,-3.41,92.8,-3.05,-0.92
2026-07-17 22:40:00,1.31,-3.52,91.2,-2.46,-0.98
2026-07-17 22:50:00,1.30,-5.10,90.0,-2.98,-1.06
2026-07-17 23:00:00,1.30,-4.79,94.2,-2.57,-1.10
2026-07-17 23:10:00,1.30,-4.81,94.4,-2.79,-0.91
2026-07-17 23:20:00,1.31,-4.71,89.7,-2.55,-0.85
2026-07-17 23:30:00,1.30,-5.23,91.7,-3.37,-0.93
2026-07-17 23:40:00,1.31,-4.81,91.7,-2.88,-0.99
2026-07-17 23:50:00,1.30,-5.41,98.5,-3.33,-1.05
2026-07-18 00:00:00,1.30,-5.10,94.2,-3.63,-1.00
2026-07-18 00:10:00,1.30,-5.40,95.4,-3.44,-0.80
2026-07-18 00:20:00,1.30,-5.32,96.4,-3.90,-0.95
2026-07-18 00:30:00,1.30,-6.02,95.8,-3.46,-0.93
2026-07-18 00:40:00,1.30,-5.95,95.6,-3.52,-1.09
2026-07-18 00:50:00,1.30,-6.22,99.5,-3.37,-0.98
2026-07-18 01:00:00,1.30,-5.78,94.0,-2.98,-0.95
2026-07-18 01:10:00,1.31,-5.41,96.4,-3.64,-1.01
2026-07-18 01:20:00,1.30,-6.16,98.0,-3.84,-0.96
2026-07-18 01:30:00,1.30,-5.77,94.8,-3.51,-0.93
2026-07-18 01:40:00,1.30,-6.29,99.5,-3.52,-0.98
2026-07-18 01:50:00,1.30,-5.98,96.0,-3.96,-0.97
2026-07-18 02:00:00,1.30,-6.36,99.5,-3.83,-1.05
2026-07-18 02:10:00,1.30,-6.12,99.5,-3.77,-0.88
2026-07-18 02:20:00,1.30,-6.11,95.3,-3.88,-0.90
2026-07-18 02:30:00,1.30,-6.57,96.6,-3.81,-0.95
2026-07-18 02:40:00,1.30,-6.00,94.6,-3.80,-1.08
2026-07-18 02:50:00,1.30,-6.04,96.4,-3.88,-1.01
2026-07-18 03:00:00,1.31,-6.09,97.7,-3.77,-0.99
2026-07-18 03:10:00,1.29,-6.44,99.3,-3.84,-1.11
2026-07-18 03:20:00,1.30,-6.40,99.5,-4.00,-0.94
2026-07-18 03:30:00,1.30,-6.26,96.7,-3.71,-0.87
2026-07-18 03:40:00,1.29,-6.38,95.2,-3.66,-1.12
2026-07-18 03:50:00,1.30,-6.49,98.4,-4.05,-0.90
2026-07-18 04:00:00,1.29,-6.41,96.4,-4.01,-0.92
2026-07-18 04:10:00,1.30,-6.45,94.1,-3.81,-0.86
2026-07-18 04:20:00,1.30,-5.19,96.4,-3.64,-0.96
2026-07-18 04:30:00,1.30,-6.22,95.3,-3.37,-0.73
2026-07-18 04:40:00,1.30,-6.41,99.5,-3.52,-1.06
2026-07-18 04:50:00,1.30,-5.65,95.6,-3.43,-0.99
2026-07-18 05:00:00,1.29,-6.54,95.7,-3.58,-1.03
2026-07-18 05:10:00,1.30,-6.02,97.6,-3.14,-0.98
2026-07-18 05:20:00,1.31,-4.61,98.5,-3.40,-0.97
2026-07-18 05:30:00,1.30,-5.45,94.2,-3.71,-1.13
2026-07-18 05:40:00,1.30,-5.85,97.7,-3.20,-0.98
2026-07-18 05:50:00,1.30,-5.39,95.9,-3.58,-0.95
2026-07-18 06:00:00,1.29,-6.03,95.8,-3.05,-1.07
2026-07-18 06:10:00,1.31,-5.33,92.8,-3.63,-0.97
2026-07-18 06:20:00,1.30,-5.34,93.4,-3.08,-0.95
2026-07-18 06:30:00,1.31,-4.57,91.8,-3.06,-0.94
2026-07-18 06:40:00,1.30,-3.92,92.1,-3.06,-0.93
2026-07-18 06:50:00,1.30,-4.69,96.5,-3.46,-1.08
2026-07-18 07:00:00,1.31,-4.01,94.2,-2.76,-1.06
2026-07-18 07:10:00,1.30,-4.02,96.0,-3.10,-0.87
2026-07-18 07:20:00,1.31,-3.74,94.5,-2.81,-0.97
2026-07-18 07:30:00,1.30,-5.19,90.7,-2.94,-0.90
2026-07-18 07:40:00,1.30,-3.63,92.2,-2.68,-0.79
2026-07-18 07:50:00,1.31,-2.74,91.0,-2.90,-0.92
2026-07-18 08:00:00,1.31,-3.66,90.9,-2.60,-1.18
2026-07-18 08:10:00,1.30,-3.76,85.8,-2.79,-1.06
2026-07-18 08:20:00,1.31,-3.26,86.8,-2.79,-0.95
2026-07-18 08:30:00,1.32,-2.69,86.7,-2.40,-0.86
2026-07-18 08:40:00,1.31,-3.13,85.3,-2.41,-1.02
2026-07-18 08:50:00,1.31,-2.24,90.0,-2.36,-0.89
2026-07-18 09:00:00,1.32,-2.24,84.9,-1.92,-0.94
2026-07-18 09:10:00,1.31,-2.82,89.0,-2.39,-0.85
2026-07-18 09:20:00,1.31,-2.09,81.7,-2.43,-0.90
2026-07-18 09:30:00,1.32,-0.73,82.8,-2.02,-0.86
2026-07-18 09:40:00,1.32,-1.22,90.7,-1.86,-1.04
2026-07-18 09:50:00,1.32,-0.91,77.6,-2.38,-0.96
2026-07-18 10:00:00,1.32,-1.73,84.8,-1.93,-0.99
2026-07-18 10:10:00,1.31,-0.99,83.1,-1.92,-1.06
2026-07-18 10:20:00,1.32,-0.35,84.5,-1.74,-1.04
2026-07-18 10:30:00,1.32,-0.29,83.0,-1.57,-1.05
2026-07-18 10:40:00,1.32,-0.65,82.6,-1.60,-0.98
2026-07-18 10:50:00,1.32,-0.11,82.1,-2.22,-1.01
2026-07-18 11:00:00,1.33,-0.10,88.5,-1.87,-1.00
2026-07-18 11:10:00,1.32,-0.37,82.7,-2.00,-0.93
2026-07-18 11:20:00,1.32,0.10,78.3,-1.17,-0.79
2026-07-18 11:30:00,1.32,0.08,76.8,-1.37,-0.93
2026-07-18 11:40:00,1.32,1.34,82.0,-1.66,-0.97
2026-07-18 11:50:00,1.32,0.34,81.4,-0.99,-0.93
2026-07-18 12:00:00,1.33,1.46,81.8,-1.63,-1.00
2026-07-18 12:10:00,1.32,0.93,81.3,-1.33,-0.88
2026-07-18 12:20:00,1.32,0.21,76.3,-0.77,-0.80
2026-07-18 12:30:00,1.33,1.58,80.7,-1.24,-1.02
2026-07-18 12:40:00,1.33,1.24,77.1,-1.49,-1.02
2026-07-18 12:50:00,1.33,1.32,82.9,-0.96,-1.04
2026-07-18 13:00:00,1.32,1.45,82.2,-1.25,-1.12
2026-07-18 13:10:00,1.33,1.48,75.1,-1.31,-1.03
2026-07-18 13:20:00,1.32,1.28,82.3,-1.32,-1.00
2026-07-18 13:30:00,1.33,1.65,80.3,-0.89,-0.92
2026-07-18 13:40:00,1.33,0.91,77.4,-0.88,-1.02
2026-07-18 13:50:00,1.33,2.13,79.1,-1.29,-0.79
2026-07-18 14:00:00,1.33,1.24,75.4,-1.31,-1.02
2026-07-18 14:10:00,1.32,1.35,83.6,-0.76,-0.83
2026-07-18 14:20:00,1.32,1.55,80.7,-0.28,-1.08
2026-07-18 14:30:00,1.33,1.94,76.3,-0.74,-0.96
2026-07-18 14:40:00,1.33,1.77,79.6,-0.97,-1.03
2026-07-18 14:50:00,1.33,2.30,80.2,-0.90,-1.00
2026-07-18 15:00:00,1.33,1.90,78.7,-0.71,-1.04
2026-07-18 15:10:00,1.33,1.94,78.1,-1.08,-0.92
2026-07-18 15:20:00,1.33,1.96,74.3,-0.95,-1.03
2026-07-18 15:30:00,1.33,2.06,79.6,-0.89,-1.00
2026-07-18 15:40:00,1.33,1.36,76.6,-1.17,-1.00
2026-07-18 15:50:00,1.32,1.88,80.9,-1.12,-1.11
2026-07-18 16:00:00,1.33,1.66,77.9,-0.69,-0.92
2026-07-18 16:10:00,1.33,2.39,75.0,-1.11,-0.97
2026-07-18 16:20:00,1.32,1.32,75.2,-0.49,-0.99
2026-07-18 16:30:00,1.33,1.26,79.4,-1.46,-0.82
2026-07-18 16:40:00,1.32,1.76,74.3,-0.81,-1.10
2026-07-18 16:50:00,1.33,1.67,73.9,-0.71,-0.98
2026-07-18 17:00:00,1.33,1.05,79.1,-1.09,-0.95
2026-07-18 17:10:00,1.32,1.13,77.3,-0.68,-0.85
2026-07-18 17:20:00,1.32,2.05,76.5,-0.92,-1.13
2026-07-18 17:30:00,1.32,0.64,83.1,-1.21,-1.29
2026-07-18 17:40:00,1.33,2.04,79.3,-1.01,-0.79
2026-07-18 17:50:00,1.32,0.03,76.8,-1.42,-1.00
2026-07-18 18:00:00,1.32,0.97,86.3,-1.20,-0.97
2026-07-18 18:10:00,1.32,0.08,76.3,-1.26,-0.88
2026-07-18 18:20:00,1.32,0.35,76.7,-1.34,-0.87
2026-07-18 18:30:00,1.32,0.09,82.6,-1.32,-0.98
2026-07-18 18:40:00,1.33,1.23,78.7,-1.36,-1.01
2026-07-18 18:50:00,1.32,-0.22,80.3,-0.94,-0.97
2026-07-18 19:00:00,1.32,-0.16,79.0,-1.48,-0.86
2026-07-18 19:10:00,1.31,-0.05,81.8,-1.34,-0.95
2026-07-18 19:20:00,1.32,-0.96,81.1,-2.32,-0.79
2026-07-18 19:30:00,1.32,-1.13,82.4,-1.93,-0.89
2026-07-18 19:40:00,1.32,-1.02,81.2,-1.60,-0.95
2026-07-18 19:50:00,1.31,-0.45,84.6,-2.17,-0.83
2026-07-18 20:00:00,1.31,-1.40,85.4,-2.47,-0.88
2026-07-18 20:10:00,1.31,-1.89,86.9,-1.95,-1.00
2026-07-18 20:20:00,1.31,-1.22,84.6,-1.77,-1.06
2026-07-18 20:30:00,1.31,-2.24,83.1,-1.80,-1.03
2026-07-18 20:40:00,1.32,-1.55,88.4,-1.79,-0.98
2026-07-18 20:50:00,1.31,-2.16,87.4,-1.75,-0.94
2026-07-18 21:00:00,1.30,-2.98,87.2,-1.88,-0.99
2026-07-18 21:10:00,1.31,-2.60,82.0,-2.58,-0.87
2026-07-18 21:20:00,1.31,-2.54,94.3,-2.46,-1.02
2026-07-18 21:30:00,1.31,-2.35,92.5,-2.17,-0.98
2026-07-18 21:40:00,1.31,-3.00,90.0,-2.55,-0.83
2026-07-18 21:50:00,1.31,-3.18,92.3,-2.06,-0.88
2026-07-18 22:00:00,1.31,-2.86,88.7,-2.96,-0.97
2026-07-18 22:10:00,1.31,-3.22,91.8,-2.76,-0.97
2026-07-18 22:20:00,1.30,-4.37,87.3,-2.60,-0.80
2026-07-18 22:30:00,1.30,-4.45,93.8,-3.09,-1.03
2026-07-18 22:40:00,1.30,-4.10,94.6,-2.85,-0.93
2026-07-18 22:50:00,1.30,-4.33,96.1,-3.04,-0.93
2026-07-18 23:00:00,1.30,-4.04,97.8,-2.96,-1.03
2026-07-18 23:10:00,1.30,-4.31,89.9,-3.68,-0.89
2026-07-18 23:20:00,1.30,-4.53,95.4,-2.67,-0.93
2026-07-18 23:30:00,1.30,-4.66,92.9,-3.07,-0.86
2026-07-18 23:40:00,1.30,-4.66,93.8,-3.45,-0.71
2026-07-18 23:50:00,1.29,-4.98,94.5,-2.95,-1.03
2026-07-19 00:00:00,1.30,-5.14,93.6,-2.83,-0.88
2026-07-19 00:10:00,1.29,-5.00,92.3,-2.84,-0.93
2026-07-19 00:20:00,1.30,-5.79,96.7,-3.15,-0.96
2026-07-19 00:30:00,1.30,-5.28,98.1,-3.46,-0.94
2026-07-19 00:40:00,1.30,-4.52,92.2,-3.40,-0.96
2026-07-19 00:50:00,1.30,-5.60,99.5,-3.20,-1.02
2026-07-19 01:00:00,1.29,-6.18,95.6,-3.05,-0.84
2026-07-19 01:10:00,1.29,-6.26,97.2,-3.17,-1.03
2026-07-19 01:20:00,1.29,-6.25,99.5,-3.78,-1.00
2026-07-19 01:30:00,1.29,-6.40,99.5,-4.08,-0.99
2026-07-19 01:40:00,1.30,-5.72,95.4,-3.29,-0.97
2026-07-19 01:50:00,1.30,-5.89,99.5,-4.21,-0.97
2026-07-19 02:00:00,1.29,-6.62,94.7,-3.67,-1.03
2026-07-19 02:10:00,1.29,-6.27,97.7,-3.32,-1.02
2026-07-19 02:20:00,1.29,-6.73,98.0,-3.99,-0.88
2026-07-19 02:30:00,1.29,-6.71,98.5,-3.80,-0.98
2026-07-19 02:40:00,1.29,-6.56,99.5,-3.68,-0.94
2026-07-19 02:50:00,1.29,-7.31,99.5,-3.61,-0.85
2026-07-19 03:00:00,1.29,-6.58,94.8,-3.67,-0.96
2026-07-19 03:10:00,1.29,-5.91,96.8,-3.45,-1.06
2026-07-19 03:20:00,1.29,-6.51,97.4,-3.77,-1.05
2026-07-19 03:30:00,1.29,-6.05,99.5,-3.60,-1.00
2026-07-19 03:40:00,1.29,-6.30,96.6,-3.78,-0.90
2026-07-19 03:50:00,1.29,-6.60,97.0,-3.55,-0.89
2026-07-19 04:00:00,1.29,-6.90,97.8,-3.36,-0.90
2026-07-19 04:10:00,1.29,-5.73,96.8,-3.23,-0.97
2026-07-19 04:20:00,1.29,-6.44,96.0,-3.26,-0.93
2026-07-19 04:30:00,1.29,-6.10,96.7,-3.78,-0.94
2026-07-19 04:40:00,1.29,-6.37,99.5,-3.70,-1.02
2026-07-19 04:50:00,1.30,-4.83,97.2,-3.21,-0.88
2026-07-19 05:00:00,1.29,-5.55,98.3,-3.51,-0.98
2026-07-19 05:10:00,1.30,-4.62,94.8,-3.24,-0.73
2026-07-19 05:20:00,1.29,-6.02,96.8,-3.00,-0.88
2026-07-19 05:30:00,1.30,-5.23,99.3,-3.33,-0.96
2026-07-19 05:40:00,1.29,-5.11,94.6,-3.25,-0.88
2026-07-19 05:50:00,1.29,-5.44,92.0,-3.03,-1.04
2026-07-19 06:00:00,1.29,-5.73,93.9,-3.25,-0.96
2026-07-19 06:10:00,1.30,-4.83,95.0,-3.10,-0.87
2026-07-19 06:20:00,1.29,-5.63,87.9,-3.63,-1.02
2026-07-19 06:30:00,1.30,-4.23,95.8,-2.60,-0.90
2026-07-19 06:40:00,1.30,-4.49,92.5,-2.76,-0.89
2026-07-19 06:50:00,1.30,-4.59,92.4,-3.06,-1.01
2026-07-19 07:00:00,1.30,-4.38,93.4,-2.91,-1.00
2026-07-19 07:10:00,1.29,-5.10,91.0,-2.73,-0.92
2026-07-19 07:20:00,1.29,-4.52,91.6,-3.10,-1.03
2026-07-19 07:30:00,1.30,-3.94,93.2,-3.38,-1.00
2026-07-19 07:40:00,1.30,-3.01,90.9,-2.73,-0.97
2026-07-19 07:50:00,1.30,-2.91,90.9,-2.34,-1.10
2026-07-19 08:00:00,1.31,-2.66,88.1,-2.49,-0.99
2026-07-19 08:10:00,1.31,-2.72,93.4,-2.57,-0.88
2026-07-19 08:20:00,1.30,-3.07,86.1,-2.32,-0.85
2026-07-19 08:30:00,1.30,-3.34,90.0,-2.48,-1.11
2026-07-19 08:40:00,1.30,-3.33,87.1,-2.10,-0.93
2026-07-19 08:50:00,1.30,-2.43,86.7,-2.29,-0.98
2026-07-19 09:00:00,1.30,-3.24,87.9,-2.38,-1.01
2026-07-19 09:10:00,1.31,-1.90,85.0,-2.11,-0.95
2026-07-19 09:20:00,1.30,-1.41,83.9,-2.15,-0.93
2026-07-19 09:30:00,1.31,-2.07,91.1,-2.36,-0.92
2026-07-19 09:40:00,1.31,-1.01,89.6,-2.22,-0.93
2026-07-19 09:50:00,1.32,-1.37,88.2,-1.60,-0.89
2026-07-19 10:00:00,1.30,-1.57,84.6,-1.93,-0.95
2026-07-19 10:10:00,1.32,-0.41,79.4,-1.62,-1.07
2026-07-19 10:20:00,1.31,-1.18,82.1,-2.00,-1.01
2026-07-19 10:30:00,1.32,-0.39,89.1,-1.80,-1.07
2026-07-19 10:40:00,1.31,-0.21,81.2,-1.41,-1.02
2026-07-19 10:50:00,1.31,-1.00,83.1,-2.13,-0.94
2026-07-19 11:00:00,1.31,-0.81,78.2,-1.14,-1.08
2026-07-19 11:10:00,1.32,0.10,85.2,-1.52,-0.98
2026-07-19 11:20:00,1.31,-0.51,77.9,-1.26,-1.02
2026-07-19 11:30:00,1.32,0.67,85.8,-1.59,-1.03
2026-07-19 11:40:00,1.32,1.33,85.9,-1.13,-0.94
2026-07-19 11:50:00,1.33,1.29,78.7,-1.22,-0.81
2026-07-19 12:00:00,1.32,1.14,72.3,-1.27,-0.94
2026-07-19 12:10:00,1.32,1.29,75.4,-1.19,-1.01
2026-07-19 12:20:00,1.32,1.48,83.2,-1.42,-0.83
2026-07-19 12:30:00,1.33,1.30,76.4,-0.91,-0.92
2026-07-19 12:40:00,1.31,1.57,75.9,-0.81,-0.90
2026-07-19 12:50:00,1.32,0.84,74.1,-1.11,-0.92
2026-07-19 13:00:00,1.32,1.27,83.3,-0.74,-0.90
2026-07-19 13:10:00,1.32,1.34,79.6,-0.86,-0.91
2026-07-19 13:20:00,1.32,1.51,80.7,-0.55,-0.97
2026-07-19 13:30:00,1.32,1.83,78.1,-1.14,-0.80
2026-07-19 13:40:00,1.32,2.23,81.5,-0.63,-0.91
2026-07-19 13:50:00,1.32,1.02,76.1,-0.60,-0.90
2026-07-19 14:00:00,1.32,1.51,75.4,-0.86,-1.01
2026-07-19 14:10:00,1.32,2.36,76.6,-0.75,-0.92
2026-07-19 14:20:00,1.32,1.89,78.6,-0.97,-0.95
2026-07-19 14:30:00,1.32,2.07,77.8,-0.67,-1.03
2026-07-19 14:40:00,1.32,2.53,79.0,-0.61,-0.98
2026-07-19 14:50:00,1.32,1.94,77.0,-0.69,-0.97
2026-07-19 15:00:00,1.32,1.28,79.0,-0.74,-0.86
2026-07-19 15:10:00,1.32,1.68,77.0,-0.49,-0.86
2026-07-19 15:20:00,1.32,1.90,81.7,-0.93,-1.05
2026-07-19 15:30:00,1.32,1.19,78.1,-0.90,-1.01
2026-07-19 15:40:00,1.33,2.63,79.6,-0.80,-0.82
2026-07-19 15:50:00,1.33,1.82,73.1,-0.59,-1.01
2026-07-19 16:00:00,1.32,1.83,76.5,-0.44,-0.93
2026-07-19 16:10:00,1.32,1.46,73.1,-0.48,-0.96
2026-07-19 16:20:00,1.32,0.80,76.2,-0.53,-0.85
2026-07-19 16:30:00,1.31,1.08,78.3,-0.62,-0.86
2026-07-19 16:40:00,1.32,1.78,76.1,-1.37,-0.98
2026-07-19 16:50:00,1.31,1.14,76.4,-0.57,-1.04
2026-07-19 17:00:00,1.32,1.88,79.5,-1.17,-1.08
2026-07-19 17:10:00,1.32,1.70,73.0,-1.44,-0.96
2026-07-19 17:20:00,1.32,1.61,82.1,-0.67,-1.19
2026-07-19 17:30:00,1.32,1.86,77.9,-0.56,-0.99
2026-07-19 17:40:00,1.32,0.95,80.0,-1.52,-0.84
2026-07-19 17:50:00,1.32,0.75,79.3,-0.53,-0.92
2026-07-19 18:00:00,1.31,0.69,85.2,-1.47,-0.99
2026-07-19 18:10:00,1.32,0.82,81.1,-0.72,-0.95
2026-07-19 18:20:00,1.32,1.12,84.0,-1.40,-0.92
2026-07-19 18:30:00,1.31,0.62,84.1,-1.58,-0.98
2026-07-19 18:40:00,1.31,-0.01,81.7,-1.38,-0.84
2026-07-19 18:50:00,1.31,-0.67,83.2,-1.29,-1.05
2026-07-19 19:00:00,1.32,0.25,78.1,-1.30,-0.75
2026-07-19 19:10:00,1.32,0.30,79.6,-1.44,-0.84
2026-07-19 19:20:00,1.31,-0.28,83.4,-1.69,-0.84
2026-07-19 19:30:00,1.31,-0.75,80.3,-1.88,-0.81
2026-07-19 19:40:00,1.31,-0.82,84.0,-1.46,-0.84
2026-07-19 19:50:00,1.31,-0.19,81.3,-1.51,-0.94
2026-07-19 20:00:00,1.31,-0.66,84.4,-1.80,-1.01
2026-07-19 20:10:00,1.31,-1.45,93.0,-1.77,-1.04
2026-07-19 20:20:00,1.31,-0.68,92.8,-1.61,-1.04
2026-07-19 20:30:00,1.31,-1.01,91.3,-2.23,-1.10
2026-07-19 20:40:00,1.31,-0.97,83.7,-2.00,-0.94
2026-07-19 20:50:00,1.31,-1.94,92.4,-2.19,-1.00
2026-07-19 21:00:00,1.31,-1.86,89.5,-2.06,-1.11
2026-07-19 21:10:00,1.30,-2.64,88.5,-2.53,-0.99
2026-07-19 21:20:00,1.30,-1.81,86.0,-2.31,-0.93
2026-07-19 21:30:00,1.30,-3.04,89.5,-1.95,-1.04
2026-07-19 21:40:00,1.30,-3.45,89.3,-2.45,-1.00
2026-07-19 21:50:00,1.30,-2.17,90.4,-2.56,-0.88
2026-07-19 22:00:00,1.30,-3.15,93.9,-2.31,-1.01
2026-07-19 22:10:00,1.30,-3.47,86.5,-2.43,-0.82
2026-07-19 22:20:00,1.30,-2.73,89.1,-3.01,-0.87
2026-07-19 22:30:00,1.30,-4.60,91.8,-2.55,-0.88
2026-07-19 22:40:00,1.30,-4.14,90.7,-3.22,-0.93
2026-07-19 22:50:00,1.29,-3.98,94.4,-2.46,-0.98
2026-07-19 23:00:00,1.29,-5.59,92.9,-2.55,-0.96
2026-07-19 23:10:00,1.29,-4.72,86.6,-2.83,-0.95
2026-07-19 23:20:00,1.29,-5.00,94.8,-3.18,-0.92
2026-07-19 23:30:00,1.29,-4.86,98.5,-3.16,-0.93
2026-07-19 23:40:00,1.29,-5.16,98.1,-3.29,-1.05
2026-07-19 23:50:00,1.29,-5.30,91.1,-3.44,-0.96
2026-07-20 00:00:00,1.29,-5.83,96.0,-3.22,-0.86
2026-07-20 00:10:00,1.29,-5.66,94.8,-3.12,-0.91
2026-07-20 00:20:00,1.29,-5.70,95.0,-3.17,-1.04
2026-07-20 00:30:00,1.29,-5.48,99.5,-3.34,-1.00
2026-07-20 00:40:00,1.28,-5.77,96.7,-3.31,-0.92
2026-07-20 00:50:00,1.28,-5.52,96.4,-3.21,-1.01
2026-07-20 01:00:00,1.29,-5.79,99.5,-3.81,-0.86
2026-07-20 01:10:00,1.29,-6.22,99.5,-3.51,-1.13
2026-07-20 01:20:00,1.29,-6.04,99.0,-3.28,-0.88
2026-07-20 01:30:00,1.29,-5.82,97.2,-3.60,-0.94
2026-07-20 01:40:00,1.29,-5.53,98.4,-3.46,-0.84
2026-07-20 01:50:00,1.29,-6.05,99.5,-3.28,-0.94
2026-07-20 02:00:00,1.29,-6.73,98.4,-3.39,-0.93
2026-07-20 02:10:00,1.29,-6.17,99.5,-3.82,-0.99
2026-07-20 02:20:00,1.28,-6.29,98.0,-4.24,-1.12
2026-07-20 02:30:00,1.29,-7.09,98.5,-3.66,-1.02
2026-07-20 02:40:00,1.28,-6.15,99.5,-3.89,-0.84
2026-07-20 02:50:00,1.29,-6.24,96.3,-3.37,-0.97
2026-07-20 03:00:00,1.28,-6.91,96.8,-3.94,-0.94
2026-07-20 03:10:00,1.28,-6.20,95.2,-3.34,-1.02
2026-07-20 03:20:00,1.29,-5.89,99.5,-3.61,-0.89
2026-07-20 03:30:00,1.29,-6.54,94.7,-3.96,-0.98
2026-07-20 03:40:00,1.29,-6.33,97.1,-3.75,-0.97
2026-07-20 03:50:00,1.28,-6.12,98.1,-3.70,-1.00
2026-07-20 04:00:00,1.29,-6.38,99.5,-3.49,-0.97
2026-07-20 04:10:00,1.29,-5.79,95.1,-3.80,-0.88
2026-07-20 04:20:00,1.29,-5.93,97.5,-3.45,-0.85
2026-07-20 04:30:00,1.28,-6.28,92.2,-3.51,-0.94
2026-07-20 04:40:00,1.29,-6.18,95.7,-3.31,-0.99
2026-07-20 04:50:00,1.29,-5.22,96.5,-3.24,-0.84
2026-07-20 05:00:00,1.29,-5.40,89.7,-3.37,-0.95
2026-07-20 05:10:00,1.29,-5.79,99.5,-3.24,-1.02
2026-07-20 05:20:00,1.29,-5.60,94.6,-3.32,-1.04
2026-07-20 05:30:00,1.28,-5.91,99.5,-3.54,-0.97
2026-07-20 05:40:00,1.29,-5.89,95.1,-3.16,-1.04
2026-07-20 05:50:00,1.28,-5.44,92.4,-3.42,-0.98
2026-07-20 06:00:00,1.29,-4.99,95.8,-3.16,-1.06
2026-07-20 06:10:00,1.29,-4.56,98.6,-3.52,-1.00
2026-07-20 06:20:00,1.29,-5.24,94.2,-2.88,-0.96
2026-07-20 06:30:00,1.29,-5.50,95.0,-3.22,-0.93
2026-07-20 06:40:00,1.29,-3.90,93.6,-2.79,-0.88
2026-07-20 06:50:00,1.30,-4.21,90.5,-3.13,-1.08
2026-07-20 07:00:00,1.29,-4.62,88.4,-3.06,-0.87
2026-07-20 07:10:00,1.29,-4.51,92.2,-3.08,-0.99
2026-07-20 07:20:00,1.30,-4.66,92.4,-3.09,-0.83
2026-07-20 07:30:00,1.30,-3.77,95.7,-2.73,-0.91
2026-07-20 07:40:00,1.30,-3.64,90.0,-2.81,-0.82
2026-07-20 07:50:00,1.29,-3.67,93.3,-2.53,-0.88
2026-07-20 08:00:00,1.29,-2.47,92.3,-2.86,-1.13
2026-07-20 08:10:00,1.30,-3.36,85.3,-2.57,-0.98
2026-07-20 08:20:00,1.29,-3.30,87.8,-2.42,-0.91
2026-07-20 08:30:00,1.30,-2.03,90.8,-2.32,-0.99
2026-07-20 08:40:00,1.30,-1.98,85.3,-2.09,-0.79
2026-07-20 08:50:00,1.29,-2.24,85.9,-2.25,-0.94
2026-07-20 09:00:00,1.30,-1.85,91.4,-2.07,-1.01
2026-07-20 09:10:00,1.30,-2.43,88.0,-2.41,-0.94
2026-07-20 09:20:00,1.30,-2.22,86.7,-2.22,-0.84
2026-07-20 09:30:00,1.31,-1.78,90.2,-2.13,-0.89
2026-07-20 09:40:00,1.30,-1.50,85.0,-1.84,-0.97
2026-07-20 09:50:00,1.31,-0.22,86.2,-1.81,-0.97
2026-07-20 10:00:00,1.30,-0.23,82.1,-1.95,-0.97
2026-07-20 10:10:00,1.31,-0.62,86.3,-1.87,-0.89
2026-07-20 10:20:00,1.31,-0.51,89.4,-1.33,-0.87
2026-07-20 10:30:00,1.31,-0.01,85.6,-1.35,-0.86
2026-07-20 10:40:00,1.31,0.18,81.3,-1.51,-0.94
2026-07-20 10:50:00,1.31,0.16,84.6,-1.88,-1.08
2026-07-20 11:00:00,1.31,-0.76,82.7,-1.92,-0.86
2026-07-20 11:10:00,1.31,-0.31,76.7,-1.16,-1.02
2026-07-20 11:20:00,1.30,-0.03,85.3,-1.30,-0.75
2026-07-20 11:30:00,1.31,-0.17,78.6,-0.82,-1.03
2026-07-20 11:40:00,1.31,0.42,82.0,-0.89,-0.90
2026-07-20 11:50:00,1.31,1.09,85.3,-1.48,-0.96
2026-07-20 12:00:00,1.31,1.11,80.1,-0.85,-0.91
2026-07-20 12:10:00,1.32,1.55,77.1,-0.97,-1.10
2026-07-20 12:20:00,1.32,1.06,80.5,-0.98,-0.80
2026-07-20 12:30:00,1.31,0.93,87.5,-1.04,-0.95
2026-07-20 12:40:00,1.31,1.96,80.8,-1.15,-0.98
2026-07-20 12:50:00,1.31,0.81,77.1,-0.88,-0.88
2026-07-20 13:00:00,1.31,1.28,73.7,-1.14,-1.02
2026-07-20 13:10:00,1.31,2.06,78.3,-0.79,-0.95
2026-07-20 13:20:00,1.31,1.13,81.0,-0.90,-0.89
2026-07-20 13:30:00,1.31,1.60,75.0,-0.58,-0.83
2026-07-20 13:40:00,1.31,1.51,75.7,-0.85,-0.87
2026-07-20 13:50:00,1.32,1.92,80.9,0.07,-0.88
2026-07-20 14:00:00,1.32,2.52,77.2,-0.34,-0.95
2026-07-20 14:10:00,1.31,1.38,75.1,-0.22,-0.86
2026-07-20 14:20:00,1.32,1.76,71.7,-0.64,-0.80
2026-07-20 14:30:00,1.31,2.37,74.4,-0.45,-0.90
2026-07-20 14:40:00,1.31,1.89,79.5,-0.74,-0.89
2026-07-20 14:50:00,1.32,1.57,80.8,-0.48,-0.91
2026-07-20 15:00:00,1.31,1.74,81.2,-0.55,-1.10
2026-07-20 15:10:00,1.31,1.77,77.4,-0.57,-0.84
2026-07-20 15:20:00,1.32,2.19,80.1,-0.34,-0.81
2026-07-20 15:30:00,1.31,1.70,73.4,-0.87,-1.03
2026-07-20 15:40:00,1.31,1.74,76.8,-0.92,-0.95
2026-07-20 15:50:00,1.32,1.60,76.6,-0.89,-0.85
2026-07-20 16:00:00,1.31,1.64,81.0,-0.27,-1.07
2026-07-20 16:10:00,1.31,0.92,76.6,-0.73,-0.85
2026-07-20 16:20:00,1.32,2.32,75.3,-0.96,-1.00
2026-07-20 16:30:00,1.31,1.57,81.7,-0.50,-0.86
2026-07-20 16:40:00,1.31,1.88,79.3,-0.91,-0.83
2026-07-20 16:50:00,1.32,1.67,78.5,-0.92,-1.01
2026-07-20 17:00:00,1.32,2.22,79.6,-0.94,-0.98
2026-07-20 17:10:00,1.30,0.79,73.6,-0.55,-0.89
2026-07-20 17:20:00,1.32,1.18,77.6,-1.03,-0.85
2026-07-20 17:30:00,1.31,1.21,84.7,-0.43,-0.90
2026-07-20 17:40:00,1.31,0.96,78.5,-0.77,-0.96
2026-07-20 17:50:00,1.31,1.01,76.4,-0.98,-0.98
2026-07-20 18:00:00,1.31,1.38,82.6,-1.30,-0.81
2026-07-20 18:10:00,1.31,0.71,79.4,-1.29,-0.94
2026-07-20 18:20:00,1.31,-0.05,81.2,-0.77,-1.02
2026-07-20 18:30:00,1.31,0.71,83.1,-1.51,-1.02
2026-07-20 18:40:00,1.31,0.32,79.5,-1.64,-0.84
2026-07-20 18:50:00,1.31,-0.02,77.0,-1.15,-0.85
2026-07-20 19:00:00,1.30,-1.30,81.6,-1.53,-0.94
2026-07-20 19:10:00,1.30,-0.53,83.6,-1.51,-0.98
2026-07-20 19:20:00,1.30,-0.69,80.7,-1.31,-0.95
2026-07-20 19:30:00,1.30,-1.56,84.7,-1.82,-0.80
2026-07-20 19:40:00,1.30,-0.44,82.7,-1.52,-1.09
2026-07-20 19:50:00,1.31,-0.43,82.8,-2.13,-0.80
2026-07-20 20:00:00,1.30,-1.91,83.8,-1.74,-0.86
2026-07-20 20:10:00,1.30,-1.66,89.1,-1.64,-0.89
2026-07-20 20:20:00,1.30,-1.70,85.9,-2.18,-0.88
2026-07-20 20:30:00,1.30,-1.94,88.5,-2.12,-0.84
2026-07-20 20:40:00,1.29,-3.28,86.0,-1.52,-0.96
2026-07-20 20:50:00,1.30,-1.81,81.7,-2.08,-0.76
2026-07-20 21:00:00,1.30,-2.05,91.7,-2.04,-0.87
2026-07-20 21:10:00,1.30,-1.79,94.9,-2.28,-0.94
2026-07-20 21:20:00,1.29,-2.00,92.3,-2.15,-0.82
2026-07-20 21:30:00,1.30,-2.41,84.5,-2.05,-0.97
2026-07-20 21:40:00,1.29,-3.16,93.8,-2.35,-0.90
2026-07-20 21:50:00,1.30,-2.12,89.2,-2.84,-0.95
2026-07-20 22:00:00,1.30,-3.45,92.4,-2.54,-0.90
2026-07-20 22:10:00,1.29,-2.44,86.2,-3.04,-1.02
2026-07-20 22:20:00,1.29,-3.45,95.7,-2.57,-0.84
2026-07-20 22:30:00,1.29,-3.64,94.1,-2.91,-0.84
2026-07-20 22:40:00,1.29,-3.89,91.9,-2.85,-0.88
2026-07-20 22:50:00,1.29,-3.46,91.8,-2.94,-0.91
2026-07-20 23:00:00,1.29,-4.91,94.9,-2.76,-0.75
2026-07-20 23:10:00,1.29,-4.50,94.1,-3.19,-0.88
2026-07-20 23:20:00,1.29,-4.15,92.9,-3.18,-0.93
2026-07-20 23:30:00,1.28,-4.96,98.3,-3.30,-0.90
2026-07-20 23:40:00,1.29,-4.01,93.2,-2.94,-0.90
2026-07-20 23:50:00,1.29,-4.72,90.8,-3.08,-0.87
2026-07-21 00:00:00,1.28,-5.44,96.4,-3.04,-0.99
2026-07-21 00:10:00,1.29,-5.16,99.5,-3.21,-0.94
2026-07-21 00:20:00,1.28,-5.75,93.2,-3.14,-1.03
2026-07-21 00:30:00,1.28,-5.66,96.4,-3.26,-0.81
2026-07-21 00:40:00,1.28,-5.79,98.4,-3.88,-0.98
2026-07-21 00:50:00,1.28,-5.73,96.0,-3.16,-0.89
2026-07-21 01:00:00,1.28,-5.96,96.5,-3.15,-0.83
2026-07-21 01:10:00,1.28,-5.95,99.0,-3.31,-0.79
2026-07-21 01:20:00,1.28,-6.12,95.5,-3.50,-0.80
2026-07-21 01:30:00,1.27,-6.11,96.2,-3.33,-0.86
2026-07-21 01:40:00,1.28,-6.16,99.5,-3.09,-0.95
2026-07-21 01:50:00,1.28,-5.88,92.6,-3.78,-0.89
2026-07-21 02:00:00,1.28,-6.81,98.1,-4.23,-0.97
2026-07-21 02:10:00,1.28,-5.89,96.3,-3.11,-0.96
2026-07-21 02:20:00,1.28,-6.70,96.6,-3.39,-0.88
2026-07-21 02:30:00,1.28,-6.66,96.5,-2.84,-1.01
2026-07-21 02:40:00,1.28,-5.63,95.4,-3.51,-0.98
2026-07-21 02:50:00,1.28,-6.53,99.5,-3.79,-0.72
2026-07-21 03:00:00,1.28,-6.06,99.5,-3.94,-0.95
2026-07-21 03:10:00,1.29,-5.52,96.6,-3.50,-0.98
2026-07-21 03:20:00,1.28,-6.02,98.4,-3.73,-0.95
2026-07-21 03:30:00,1.28,-5.95,99.4,-3.36,-1.00
2026-07-21 03:40:00,1.27,-7.08,97.5,-3.30,-0.84
2026-07-21 03:50:00,1.28,-5.89,99.4,-3.64,-0.98
2026-07-21 04:00:00,1.28,-6.36,94.9,-3.27,-0.80
2026-07-21 04:10:00,1.28,-6.30,98.9,-3.45,-1.03
2026-07-21 04:20:00,1.28,-4.61,97.5,-3.45,-0.88
2026-07-21 04:30:00,1.28,-6.27,97.0,-3.74,-0.83
2026-07-21 04:40:00,1.28,-5.30,97.3,-3.27,-0.88
2026-07-21 04:50:00,1.27,-6.29,94.6,-3.16,-0.91
2026-07-21 05:00:00,1.28,-5.48,95.4,-3.24,-0.85
2026-07-21 05:10:00,1.28,-5.29,95.1,-3.76,-0.99
2026-07-21 05:20:00,1.28,-5.86,99.4,-3.27,-0.93
2026-07-21 05:30:00,1.28,-6.11,91.1,-2.90,-0.84
2026-07-21 05:40:00,1.28,-5.74,91.4,-2.91,-0.83
2026-07-21 05:50:00,1.28,-4.17,96.6,-2.92,-0.94
2026-07-21 06:00:00,1.29,-5.23,92.9,-3.01,-0.97
2026-07-21 06:10:00,1.28,-5.20,99.5,-2.68,-0.88
2026-07-21 06:20:00,1.28,-5.12,93.6,-3.02,-1.00
2026-07-21 06:30:00,1.29,-4.19,92.2,-3.06,-1.01
2026-07-21 06:40:00,1.28,-4.61,91.3,-3.15,-0.87
2026-07-21 06:50:00,1.29,-4.70,93.6,-2.46,-1.10
2026-07-21 07:00:00,1.28,-4.14,98.6,-2.95,-0.95
2026-07-21 07:10:00,1.29,-3.98,90.1,-3.01,-0.88
2026-07-21 07:20:00,1.28,-4.54,91.0,-2.74,-1.06
2026-07-21 07:30:00,1.29,-3.40,95.4,-2.49,-0.99
2026-07-21 07:40:00,1.29,-3.24,87.3,-2.66,-0.87
2026-07-21 07:50:00,1.29,-2.65,90.5,-2.89,-0.95
2026-07-21 08:00:00,1.29,-3.17,93.7,-2.03,-0.75
2026-07-21 08:10:00,1.29,-2.38,91.0,-2.69,-1.03
2026-07-21 08:20:00,1.29,-2.87,92.9,-2.17,-0.94
2026-07-21 08:30:00,1.29,-2.36,81.1,-2.35,-0.81
2026-07-21 08:40:00,1.29,-1.78,86.0,-2.16,-0.84
2026-07-21 08:50:00,1.29,-2.77,90.3,-2.09,-0.96
2026-07-21 09:00:00,1.29,-1.88,92.7,-2.29,-0.81
2026-07-21 09:10:00,1.30,-1.42,85.8,-1.79,-0.93
2026-07-21 09:20:00,1.29,-1.91,87.3,-1.63,-0.96
2026-07-21 09:30:00,1.30,-1.62,87.3,-1.73,-0.89
2026-07-21 09:40:00,1.30,-0.68,84.3,-1.72,-0.91
2026-07-21 09:50:00,1.29,-1.61,85.1,-1.95,-0.84
2026-07-21 10:00:00,1.30,-0.72,87.4,-1.78,-1.04
2026-07-21 10:10:00,1.30,-0.52,82.9,-1.59,-0.91
2026-07-21 10:20:00,1.30,-0.48,80.7,-1.64,-0.95
2026-07-21 10:30:00,1.30,-0.68,84.3,-1.72,-0.99
2026-07-21 10:40:00,1.31,-0.15,82.8,-1.30,-1.00
2026-07-21 10:50:00,1.30,-0.99,77.6,-1.72,-0.80
2026-07-21 11:00:00,1.30,0.58,84.5,-1.75,-0.88
2026-07-21 11:10:00,1.31,1.22,79.5,-1.19,-1.00
2026-07-21 11:20:00,1.31,0.75,78.7,-1.50,-1.10
2026-07-21 11:30:00,1.30,0.29,84.2,-0.83,-0.93
2026-07-21 11:40:00,1.30,-0.04,76.2,-1.01,-0.91
2026-07-21 11:50:00,1.30,1.01,77.5,-0.96,-1.05
2026-07-21 12:00:00,1.31,0.85,78.4,-0.79,-0.93
2026-07-21 12:10:00,1.30,0.62,80.4,-1.03,-0.80
2026-07-21 12:20:00,1.31,1.31,80.5,-1.10,-0.86
2026-07-21 12:30:00,1.30,1.31,80.5,-0.86,-0.88
2026-07-21 12:40:00,1.31,1.09,84.8,-0.84,-0.81
2026-07-21 12:50:00,1.31,1.77,73.7,-0.32,-0.91
2026-07-21 13:00:00,1.30,1.61,82.3,-1.08,-0.86
2026-07-21 13:10:00,1.31,2.08,78.2,-1.15,-0.76
2026-07-21 13:20:00,1.31,1.27,77.8,-0.71,-0.76
2026-07-21 13:30:00,1.31,1.72,74.8,-1.02,-0.79
2026-07-21 13:40:00,1.30,1.81,78.5,-0.73,-0.94
2026-07-21 13:50:00,1.31,NaN,NaN,-0.85,-0.95
2026-07-21 14:00:00,1.31,1.96,76.5,-0.54,-0.92
2026-07-21 14:10:00,1.30,0.87,79.5,-0.56,-1.05
2026-07-21 14:20:00,1.31,2.48,77.9,-1.13,-0.93
2026-07-21 14:30:00,1.31,1.84,78.5,-1.04,-0.96
2026-07-21 14:40:00,1.31,1.77,75.9,-0.62,-0.91
2026-07-21 14:50:00,1.31,1.48,76.5,-1.06,-0.84
2026-07-21 15:00:00,1.31,2.43,73.8,-0.31,-0.91
2026-07-21 15:10:00,1.31,1.78,77.5,-0.79,-1.03
2026-07-21 15:20:00,1.31,2.56,79.5,-0.58,-0.88
2026-07-21 15:30:00,1.31,1.47,76.0,-0.32,-0.91
2026-07-21 15:40:00,1.31,2.13,77.3,-0.59,-0.81
2026-07-21 15:50:00,1.31,2.61,83.4,-0.69,-0.96
2026-07-21 16:00:00,1.31,1.66,74.3,-0.60,-0.82
2026-07-21 16:10:00,1.31,2.74,76.4,-0.69,-0.88
2026-07-21 16:20:00,1.31,1.00,78.4,-0.89,-0.94
2026-07-21 16:30:00,1.31,1.82,75.3,-0.63,-0.87
2026-07-21 16:40:00,1.31,1.48,75.7,-0.37,-1.04
2026-07-21 16:50:00,1.30,1.18,78.2,-1.03,-0.89
2026-07-21 17:00:00,1.31,1.42,84.7,-0.61,-0.91
2026-07-21 17:10:00,1.31,1.48,74.5,-0.66,-0.97
2026-07-21 17:20:00,1.31,2.05,81.7,-0.80,-0.95
2026-07-21 17:30:00,1.31,1.31,77.1,-0.58,-0.72
2026-07-21 17:40:00,1.30,0.95,80.9,-0.88,-1.06
2026-07-21 17:50:00,1.31,0.60,81.5,-0.88,-0.90
2026-07-21 18:00:00,1.30,0.80,82.6,-0.88,-0.88
2026-07-21 18:10:00,1.30,0.44,81.7,-0.93,-0.97
2026-07-21 18:20:00,1.30,0.01,79.3,-0.83,-0.89
2026-07-21 18:30:00,1.31,0.43,82.0,-0.91,-0.95
2026-07-21 18:40:00,1.30,0.42,81.0,-1.16,-0.87
2026-07-21 18:50:00,1.30,0.45,81.0,-1.24,-0.95
2026-07-21 19:00:00,1.30,0.21,83.8,-1.02,-1.00
2026-07-21 19:10:00,1.30,0.29,79.3,-1.87,-0.89
2026-07-21 19:20:00,1.30,0.73,83.8,-1.44,-0.94
2026-07-21 19:30:00,1.30,-0.03,84.6,-1.61,-0.97
2026-07-21 19:40:00,1.30,-1.87,90.2,-1.70,-0.88
2026-07-21 19:50:00,1.30,-0.06,84.7,-1.85,-0.95
2026-07-21 20:00:00,1.30,-0.48,81.1,-1.69,-0.86
2026-07-21 20:10:00,1.29,-1.35,85.2,-1.67,-1.06
2026-07-21 20:20:00,1.29,-1.47,90.4,-1.73,-0.82
2026-07-21 20:30:00,1.29,-2.18,88.4,-1.72,-0.99
2026-07-21 20:40:00,1.29,-2.34,90.2,-2.47,-0.92
2026-07-21 20:50:00,1.29,-0.97,90.7,-1.81,-0.90
2026-07-21 21:00:00,1.28,-2.15,83.8,-1.99,-0.87
2026-07-21 21:10:00,1.30,-1.74,89.3,-2.19,-0.89
2026-07-21 21:20:00,1.29,-2.60,92.8,-2.31,-0.83
2026-07-21 21:30:00,1.29,-2.09,82.8,-2.71,-0.92
2026-07-21 21:40:00,1.29,-2.16,93.8,-2.17,-0.87
2026-07-21 21:50:00,1.29,-3.18,86.0,-2.06,-0.83
2026-07-21 22:00:00,1.29,-2.76,91.5,-2.47,-0.86
2026-07-21 22:10:00,1.28,-3.48,89.7,-2.49,-0.96
2026-07-21 22:20:00,1.29,-3.01,88.2,-2.26,-0.98
2026-07-21 22:30:00,1.28,-3.88,88.5,-2.22,-0.94
2026-07-21 22:40:00,1.28,-4.35,99.1,-2.28,-0.79
2026-07-21 22:50:00,1.28,-4.13,87.1,-2.70,-0.99
2026-07-21 23:00:00,1.29,-3.72,94.7,-2.57,-0.93
2026-07-21 23:10:00,1.28,-3.95,88.0,-3.10,-0.80
2026-07-21 23:20:00,1.28,-5.35,92.9,-2.87,-0.84
2026-07-21 23:30:00,1.28,-5.28,92.3,-3.07,-1.14
2026-07-21 23:40:00,1.28,-5.01,98.3,-2.73,-0.92
2026-07-21 23:50:00,1.28,-5.20,93.7,-2.51,-0.84
2026-07-22 00:00:00,1.28,-4.68,92.2,-3.63,-0.85
2026-07-22 00:10:00,1.28,-5.19,94.7,-2.95,-0.92
2026-07-22 00:20:00,1.27,-5.27,95.5,-2.80,-1.00
2026-07-22 00:30:00,1.27,-5.65,96.1,-2.91,-0.98
2026-07-22 00:40:00,1.27,-6.38,93.3,-3.00,-0.73
2026-07-22 00:50:00,1.28,-5.71,99.5,-3.47,-0.77
2026-07-22 01:00:00,1.28,-5.58,99.5,-3.25,-0.88
2026-07-22 01:10:00,1.27,-6.21,97.4,-3.43,-0.98
2026-07-22 01:20:00,1.27,-5.82,98.0,-3.48,-0.86
2026-07-22 01:30:00,1.28,-6.32,95.8,-3.44,-0.94
2026-07-22 01:40:00,1.27,-5.69,95.9,-3.33,-1.10
2026-07-22 01:50:00,1.27,-5.67,99.5,-3.20,-0.85
2026-07-22 02:00:00,1.27,-6.01,99.5,-3.42,-0.83
2026-07-22 02:10:00,1.28,-5.42,99.5,-3.36,-0.88
2026-07-22 02:20:00,1.27,-6.51,96.1,-3.31,-0.91
2026-07-22 02:30:00,1.28,-5.13,99.5,-3.83,-1.05
2026-07-22 02:40:00,1.27,-5.90,96.3,-3.13,-0.94
2026-07-22 02:50:00,1.27,-6.79,98.3,-3.64,-0.84
2026-07-22 03:00:00,1.27,-6.17,96.3,-3.43,-0.80
2026-07-22 03:10:00,1.27,-5.70,96.8,-3.80,-0.89
2026-07-22 03:20:00,1.27,-6.73,97.5,-3.56,-0.79
2026-07-22 03:30:00,1.27,-6.57,99.5,-3.41,-1.01
2026-07-22 03:40:00,1.27,-6.05,99.5,-3.65,-0.89
2026-07-22 03:50:00,1.28,-5.37,97.3,-3.38,-0.97
2026-07-22 04:00:00,1.27,-6.63,97.1,-3.38,-0.85
2026-07-22 04:10:00,1.27,-6.09,98.4,-3.13,-0.88
2026-07-22 04:20:00,1.27,-6.86,97.4,-3.06,-0.85
2026-07-22 04:30:00,1.27,-5.83,99.2,-3.91,-0.78
2026-07-22 04:40:00,1.28,-6.07,98.1,-3.20,-0.93
2026-07-22 04:50:00,1.27,-5.85,93.5,-3.33,-0.97
2026-07-22 05:00:00,1.28,-5.71,97.2,-3.47,-0.87
2026-07-22 05:10:00,1.27,-6.04,90.5,-2.77,-0.97
2026-07-22 05:20:00,1.27,-5.72,99.5,-3.31,-0.84
2026-07-22 05:30:00,1.28,-5.74,93.8,-3.03,-0.92
2026-07-22 05:40:00,1.28,-4.88,98.3,-3.19,-0.91
2026-07-22 05:50:00,1.28,-3.99,98.8,-3.45,-0.82
2026-07-22 06:00:00,1.28,-4.12,94.4,-3.33,-1.12
2026-07-22 06:10:00,1.27,-4.91,99.1,-3.30,-0.99
2026-07-22 06:20:00,1.29,-4.44,93.7,-3.12,-0.96
2026-07-22 06:30:00,1.28,-4.09,92.7,-2.76,-0.94
2026-07-22 06:40:00,1.28,-4.34,90.9,-2.98,-0.99
2026-07-22 06:50:00,1.28,-4.36,88.9,-2.97,-0.97
2026-07-22 07:00:00,1.28,-3.73,94.3,-2.47,-0.95
2026-07-22 07:10:00,1.29,-2.75,94.1,-2.98,-0.97
2026-07-22 07:20:00,1.28,-3.90,88.0,-2.91,-0.97
2026-07-22 07:30:00,1.28,-3.34,91.3,-2.35,-0.70
2026-07-22 07:40:00,1.28,-3.42,99.4,-2.36,-0.94
2026-07-22 07:50:00,1.28,-3.39,90.9,-2.38,-0.87
2026-07-22 08:00:00,1.29,-3.03,91.9,-2.53,-0.91
2026-07-22 08:10:00,1.28,-2.90,88.9,-2.69,-0.89
2026-07-22 08:20:00,1.29,-3.18,90.5,-2.20,-0.87
2026-07-22 08:30:00,1.29,-2.77,95.2,-2.09,-0.84
2026-07-22 08:40:00,1.28,-2.29,94.3,-1.95,-0.95
2026-07-22 08:50:00,1.29,-2.12,90.7,-1.37,-0.99
2026-07-22 09:00:00,1.29,-2.79,85.7,-1.91,-0.81
2026-07-22 09:10:00,1.29,-2.37,89.7,-2.09,-0.85
2026-07-22 09:20:00,1.28,-1.77,82.1,-1.84,-1.03
2026-07-22 09:30:00,1.29,-0.90,87.5,-1.49,-0.98
2026-07-22 09:40:00,1.29,-1.39,81.8,-1.85,-0.76
2026-07-22 09:50:00,1.29,-1.25,83.3,-1.77,-0.81
2026-07-22 10:00:00,1.29,-0.43,84.9,-1.40,-0.81
2026-07-22 10:10:00,1.29,-0.79,84.0,-1.45,-1.02
2026-07-22 10:20:00,1.29,-0.89,87.0,-1.86,-0.89
2026-07-22 10:30:00,1.29,-0.47,86.2,-1.25,-0.79
2026-07-22 10:40:00,1.30,-0.61,86.6,-1.62,-0.88
2026-07-22 10:50:00,1.29,-0.53,85.2,-1.22,-0.93
2026-07-22 11:00:00,1.29,-0.95,85.2,-1.05,-0.86
2026-07-22 11:10:00,1.30,0.18,81.1,-1.03,-0.98
2026-07-22 11:20:00,1.29,0.07,84.6,-1.26,-0.87
2026-07-22 11:30:00,1.30,0.49,80.9,-0.70,-1.03
2026-07-22 11:40:00,1.30,1.35,78.4,-1.16,-0.79
2026-07-22 11:50:00,1.30,1.49,80.6,-0.84,-0.84
2026-07-22 12:00:00,1.30,0.74,77.9,-1.14,-0.74
2026-07-22 12:10:00,1.30,1.17,78.9,-0.58,-0.87
2026-07-22 12:20:00,1.30,1.35,82.7,-0.67,-0.92
2026-07-22 12:30:00,1.30,1.21,82.9,-0.35,-0.89
2026-07-22 12:40:00,1.31,1.96,80.2,-1.13,-0.84
2026-07-22 12:50:00,1.30,1.34,76.4,-0.59,-0.85
2026-07-22 13:00:00,1.30,1.23,78.4,-1.00,-0.97
2026-07-22 13:10:00,1.30,1.62,74.8,-0.31,-0.94
2026-07-22 13:20:00,1.30,1.42,77.9,-1.11,-0.83
2026-07-22 13:30:00,1.30,1.48,71.9,-0.50,-0.85
2026-07-22 13:40:00,1.30,2.14,79.1,-0.65,-1.05
2026-07-22 13:50:00,1.30,1.65,79.1,-0.43,-0.85
2026-07-22 14:00:00,1.30,1.91,80.0,-0.76,-0.89
2026-07-22 14:10:00,1.30,2.58,71.6,-0.96,-0.81
2026-07-22 14:20:00,1.31,2.90,86.1,-0.96,-0.98
2026-07-22 14:30:00,1.30,2.66,78.4,-0.71,-0.95
2026-07-22 14:40:00,1.30,2.57,71.1,-0.13,-0.96
2026-07-22 14:50:00,1.30,2.18,72.3,-0.26,-1.08
2026-07-22 15:00:00,1.30,1.85,79.5,-0.43,-0.87
2026-07-22 15:10:00,1.30,2.30,75.7,-0.29,-0.80
2026-07-22 15:20:00,1.30,1.20,77.4,-0.31,-0.88
2026-07-22 15:30:00,1.30,1.74,78.0,-0.44,-0.98
2026-07-22 15:40:00,1.30,2.50,75.6,-0.29,-0.78
2026-07-22 15:50:00,1.30,0.91,79.6,-0.23,-0.93
2026-07-22 16:00:00,1.30,2.01,78.6,-0.51,-0.77
2026-07-22 16:10:00,1.31,2.52,79.4,-0.43,-0.85
2026-07-22 16:20:00,1.30,1.94,78.6,-0.23,-0.89
2026-07-22 16:30:00,1.31,2.54,77.0,-0.58,-1.03
2026-07-22 16:40:00,1.30,1.94,79.9,-1.10,-0.93
2026-07-22 16:50:00,1.30,NaN,NaN,-0.48,-0.95
2026-07-22 17:00:00,1.30,1.42,78.0,-0.81,-0.71
2026-07-22 17:10:00,1.30,0.71,78.7,-0.71,-0.83
2026-07-22 17:20:00,1.30,1.99,79.8,-0.67,-0.81
2026-07-22 17:30:00,1.30,1.27,84.8,-1.02,-0.83
2026-07-22 17:40:00,1.30,1.71,76.8,-0.79,-0.85
2026-07-22 17:50:00,1.30,0.89,76.5,-1.11,-0.92
2026-07-22 18:00:00,1.30,1.28,83.2,-0.87,-0.95
2026-07-22 18:10:00,1.30,1.10,81.6,-1.05,-0.85
2026-07-22 18:20:00,1.30,0.40,77.2,-1.10,-0.71
2026-07-22 18:30:00,1.29,0.45,79.4,-0.75,-1.01
2026-07-22 18:40:00,1.29,-0.23,85.2,-1.04,-0.99
2026-07-22 18:50:00,1.30,0.75,76.8,-1.72,-1.00
2026-07-22 19:00:00,1.29,-0.16,81.7,-1.58,-0.85
2026-07-22 19:10:00,1.29,-0.39,80.9,-0.87,-0.97
2026-07-22 19:20:00,1.29,-0.32,81.7,-1.41,-0.98
2026-07-22 19:30:00,1.29,-1.15,85.1,-1.49,-0.98
2026-07-22 19:40:00,1.29,-0.12,81.7,-1.07,-0.80
2026-07-22 19:50:00,1.29,-0.66,84.7,-1.50,-0.90
2026-07-22 20:00:00,1.29,-1.20,81.5,-1.31,-1.02
2026-07-22 20:10:00,1.29,-0.61,86.7,-1.43,-0.77
2026-07-22 20:20:00,1.29,-1.43,84.8,-1.60,-0.88
2026-07-22 20:30:00,1.29,-1.88,86.8,-1.90,-0.79
2026-07-22 20:40:00,1.28,-1.37,91.2,-1.90,-0.85
2026-07-22 20:50:00,1.28,-2.07,87.8,-1.70,-0.92
2026-07-22 21:00:00,1.28,-2.43,84.4,-2.45,-0.88
2026-07-22 21:10:00,1.28,-2.23,83.2,-2.29,-0.86
2026-07-22 21:20:00,1.28,-2.24,84.0,-2.36,-0.90
2026-07-22 21:30:00,1.29,-1.79,84.0,-2.28,-0.93
2026-07-22 21:40:00,1.27,-3.08,88.7,-2.13,-0.85
2026-07-22 21:50:00,1.28,-2.42,89.6,-2.12,-0.92
2026-07-22 22:00:00,1.28,-2.22,84.9,-2.19,-0.95
2026-07-22 22:10:00,1.27,-3.96,90.4,-2.29,-0.79
2026-07-22 22:20:00,1.28,-2.57,97.9,-2.64,-1.01
2026-07-22 22:30:00,1.27,-3.57,92.0,-2.56,-0.66
2026-07-22 22:40:00,1.28,-3.74,89.2,-3.22,-0.72
2026-07-22 22:50:00,1.28,-4.37,92.6,-2.93,-0.78
2026-07-22 23:00:00,1.28,-3.30,91.4,-2.57,-0.93
2026-07-22 23:10:00,1.27,-4.25,89.0,-3.06,-0.99
2026-07-22 23:20:00,1.27,-3.98,93.1,-2.54,-0.95
2026-07-22 23:30:00,1.28,-4.71,99.4,-2.88,-0.82
2026-07-22 23:40:00,1.27,-4.74,92.0,-2.72,-0.94
2026-07-22 23:50:00,1.27,-4.69,99.5,-3.28,-0.89
2026-07-23 00:00:00,1.28,-3.91,96.9,-2.76,-0.95
2026-07-23 00:10:00,1.27,-5.36,96.4,-3.09,-1.00
2026-07-23 00:20:00,1.27,-5.18,92.2,-2.80,-0.84
2026-07-23 00:30:00,1.26,-5.88,93.6,-3.37,-1.08
2026-07-23 00:40:00,1.27,-5.47,95.7,-3.28,-0.89
2026-07-23 00:50:00,1.26,-5.39,96.3,-3.15,-0.82
2026-07-23 01:00:00,1.27,-5.81,99.4,-3.40,-0.90
2026-07-23 01:10:00,1.27,-5.36,99.5,-2.95,-0.90
2026-07-23 01:20:00,1.27,-5.59,94.7,-3.12,-0.99
2026-07-23 01:30:00,1.27,-5.57,99.5,-3.27,-0.70
2026-07-23 01:40:00,1.27,-6.00,94.5,-3.39,-0.99
2026-07-23 01:50:00,1.27,-5.63,89.6,-3.28,-0.91
2026-07-23 02:00:00,1.26,-5.76,96.5,-3.97,-1.13
2026-07-23 02:10:00,1.27,-5.47,99.5,-3.52,-0.82
2026-07-23 02:20:00,1.26,-5.67,99.5,-3.58,-0.86
2026-07-23 02:30:00,1.26,-5.76,96.8,-3.20,-0.93
2026-07-23 02:40:00,1.27,-5.83,97.6,-3.43,-0.92
2026-07-23 02:50:00,1.27,-6.53,99.5,-3.68,-0.97
2026-07-23 03:00:00,1.27,-5.77,98.0,-3.27,-0.89
2026-07-23 03:10:00,1.26,-7.11,99.5,-3.65,-0.80
2026-07-23 03:20:00,1.27,-5.52,98.8,-3.35,-0.80
2026-07-23 03:30:00,1.27,-6.93,96.4,-3.65,-1.05
2026-07-23 03:40:00,1.26,-6.97,97.1,-3.23,-0.83
2026-07-23 03:50:00,1.26,-6.36,99.5,-3.27,-0.98
2026-07-23 04:00:00,1.27,-5.82,99.5,-3.38,-0.91
2026-07-23 04:10:00,1.26,-5.98,95.8,-2.76,-0.92
2026-07-23 04:20:00,1.27,-5.89,93.3,-3.07,-0.78
2026-07-23 04:30:00,1.27,-6.34,98.5,-3.25,-0.83
2026-07-23 04:40:00,1.27,-5.74,95.0,-3.30,-0.80
2026-07-23 04:50:00,1.27,-5.57,99.5,-3.21,-0.99
2026-07-23 05:00:00,1.27,-6.01,99.5,-2.41,-0.97
2026-07-23 05:10:00,1.27,-4.63,96.1,-3.26,-0.91
2026-07-23 05:20:00,1.27,-5.80,96.9,-3.13,-0.85
2026-07-23 05:30:00,1.26,-5.54,97.9,-2.90,-0.88
2026-07-23 05:40:00,1.28,-5.09,93.9,-3.00,-0.87
2026-07-23 05:50:00,1.27,NaN,NaN,-2.92,-0.88
2026-07-23 06:00:00,1.27,-4.39,94.9,-2.74,-0.87
2026-07-23 06:10:00,1.27,-4.64,95.8,-2.56,-0.93
2026-07-23 06:20:00,1.27,-4.21,96.3,-2.41,-0.98
2026-07-23 06:30:00,1.28,-3.90,93.5,-2.74,-0.87
2026-07-23 06:40:00,1.27,-4.71,96.3,-2.91,-0.92
2026-07-23 06:50:00,1.27,-4.84,97.1,-2.47,-0.94
2026-07-23 07:00:00,1.27,-3.57,92.2,-2.82,-1.09
2026-07-23 07:10:00,1.28,-3.44,93.4,-2.31,-0.81
2026-07-23 07:20:00,1.28,-3.46,93.6,-2.52,-0.73
2026-07-23 07:30:00,1.28,-2.92,93.2,-2.33,-0.77
2026-07-23 07:40:00,1.28,-2.93,95.4,-2.91,-0.91
2026-07-23 07:50:00,1.28,-3.70,91.0,-2.47,-0.81
2026-07-23 08:00:00,1.28,-2.35,84.9,-2.83,-0.88
2026-07-23 08:10:00,1.28,-2.24,86.2,-1.96,-0.93
2026-07-23 08:20:00,1.28,-2.79,93.2,-2.13,-1.01
2026-07-23 08:30:00,1.28,-2.02,79.4,-2.05,-0.83
2026-07-23 08:40:00,1.28,-3.55,87.6,-2.42,-0.87
2026-07-23 08:50:00,1.28,-2.41,89.2,-1.91,-0.92
2026-07-23 09:00:00,1.28,-1.32,83.6,-1.67,-0.85
2026-07-23 09:10:00,1.28,-1.75,87.9,-1.91,-0.82
2026-07-23 09:20:00,1.28,-1.39,86.8,-2.03,-0.71
2026-07-23 09:30:00,1.28,-1.15,89.3,-1.92,-0.89
2026-07-23 09:40:00,1.28,-1.67,86.0,-2.19,-0.98
2026-07-23 09:50:00,1.29,-0.60,87.0,-1.60,-0.91
2026-07-23 10:00:00,1.29,-0.47,86.4,-1.62,-0.84
2026-07-23 10:10:00,1.29,0.13,84.6,-1.70,-0.85
2026-07-23 10:20:00,1.29,-0.79,84.0,-1.58,-0.88
2026-07-23 10:30:00,1.28,-0.44,84.1,-1.19,-0.86
2026-07-23 10:40:00,1.29,-0.05,79.5,-0.86,-0.96
2026-07-23 10:50:00,1.29,-0.22,87.5,-0.99,-0.99
2026-07-23 11:00:00,1.29,-0.11,82.9,-1.52,-0.89
2026-07-23 11:10:00,1.29,-0.25,81.8,-1.11,-0.90
2026-07-23 11:20:00,1.29,0.71,82.4,-0.52,-0.91
2026-07-23 11:30:00,1.29,0.42,78.7,-1.08,-0.89
2026-07-23 11:40:00,1.30,0.90,83.8,-1.12,-0.91
2026-07-23 11:50:00,1.29,0.94,78.0,-0.56,-0.93
2026-07-23 12:00:00,1.29,1.40,79.5,-0.88,-0.85
2026-07-23 12:10:00,1.29,1.23,74.4,-1.07,-0.87
2026-07-23 12:20:00,1.29,0.90,72.3,-1.02,-0.84
2026-07-23 12:30:00,1.29,1.26,81.6,-0.84,-0.84
2026-07-23 12:40:00,1.29,1.21,76.1,-0.54,-0.90
2026-07-23 12:50:00,1.30,1.97,76.9,-0.84,-0.95
2026-07-23 13:00:00,1.29,1.49,77.7,-0.60,-0.92
2026-07-23 13:10:00,1.29,1.32,77.7,-0.25,-0.88
2026-07-23 13:20:00,1.29,0.90,77.1,-0.64,-0.88
2026-07-23 13:30:00,1.30,2.11,77.3,-0.66,-0.87
2026-07-23 13:40:00,1.29,2.08,76.6,-0.39,-0.96
2026-07-23 13:50:00,1.29,1.54,80.0,-0.82,-1.12
2026-07-23 14:00:00,1.30,2.88,76.6,-0.33,-0.82
2026-07-23 14:10:00,1.30,1.07,83.1,-0.26,-0.83
2026-07-23 14:20:00,1.30,2.33,72.2,-0.39,-0.87
2026-07-23 14:30:00,1.30,2.73,73.4,-0.22,-0.76
2026-07-23 14:40:00,1.29,1.70,74.9,-0.53,-0.75
2026-07-23 14:50:00,1.29,1.61,81.7,-0.32,-0.75
2026-07-23 15:00:00,1.30,2.36,76.1,-1.04,-0.89
2026-07-23 15:10:00,1.30,1.90,78.0,-0.23,-0.92
2026-07-23 15:20:00,1.29,2.10,75.0,-0.92,-1.00
2026-07-23 15:30:00,1.30,2.06,77.3,-1.15,-0.92
2026-07-23 15:40:00,1.29,3.25,75.8,-0.89,-0.90
2026-07-23 15:50:00,1.30,2.54,81.1,-0.59,-1.02
2026-07-23 16:00:00,1.29,1.07,77.7,-0.49,-0.74
2026-07-23 16:10:00,1.30,2.02,75.6,-0.80,-0.85
2026-07-23 16:20:00,1.30,2.53,70.9,-0.17,-0.76
2026-07-23 16:30:00,1.30,1.82,76.5,-0.43,-0.82
2026-07-23 16:40:00,1.29,1.59,78.4,-0.30,-0.87
2026-07-23 16:50:00,1.29,1.39,80.7,-0.61,-0.79
2026-07-23 17:00:00,1.29,1.71,80.2,-0.94,-1.07
2026-07-23 17:10:00,1.30,1.81,83.8,-0.59,-0.91
2026-07-23 17:20:00,1.29,1.24,83.3,-0.87,-1.03
2026-07-23 17:30:00,1.29,1.14,73.5,-0.90,-1.05
2026-07-23 17:40:00,1.29,0.31,81.8,-0.62,-0.71
2026-07-23 17:50:00,1.29,0.41,75.6,-1.08,-0.87
2026-07-23 18:00:00,1.29,0.79,79.4,-0.83,-0.91
2026-07-23 18:10:00,1.29,0.90,79.8,-1.19,-0.81
2026-07-23 18:20:00,1.29,0.59,79.2,-0.80,-0.90
2026-07-23 18:30:00,1.29,1.14,79.4,-0.95,-0.74
2026-07-23 18:40:00,1.29,0.26,86.5,-1.11,-0.86
2026-07-23 18:50:00,1.29,1.14,81.9,-1.08,-0.92
2026-07-23 19:00:00,1.29,0.41,79.3,-1.04,-0.92
2026-07-23 19:10:00,1.29,0.60,86.7,-0.94,-0.68
2026-07-23 19:20:00,1.29,-0.22,85.7,-1.45,-0.84
2026-07-23 19:30:00,1.29,-0.92,87.1,-1.33,-0.89
2026-07-23 19:40:00,1.28,-0.56,85.7,-1.46,-0.74
2026-07-23 19:50:00,1.28,-1.09,88.9,-1.43,-0.83
2026-07-23 20:00:00,1.27,-0.51,88.6,-1.33,-0.93
2026-07-23 20:10:00,1.28,-0.84,81.6,-1.83,-0.97
2026-07-23 20:20:00,1.28,-1.00,83.9,-1.78,-0.90
2026-07-23 20:30:00,1.29,-1.19,89.2,-1.37,-0.98
2026-07-23 20:40:00,1.28,-2.04,83.8,-1.73,-0.78
2026-07-23 20:50:00,1.28,-1.80,85.7,-2.22,-0.90
2026-07-23 21:00:00,1.28,-1.95,87.7,-2.14,-0.89
2026-07-23 21:10:00,1.28,-1.43,85.1,-2.27,-0.73
2026-07-23 21:20:00,1.28,-1.77,86.2,-1.88,-1.05
2026-07-23 21:30:00,1.28,-2.33,89.9,-2.16,-1.08
2026-07-23 21:40:00,1.27,-3.30,92.1,-2.28,-0.86
2026-07-23 21:50:00,1.28,-2.90,90.9,-2.51,-0.91
2026-07-23 22:00:00,1.27,-3.10,94.0,-2.23,-0.75
2026-07-23 22:10:00,1.27,-2.75,93.1,-1.81,-0.78
2026-07-23 22:20:00,1.27,-2.95,95.1,-2.48,-0.90
2026-07-23 22:30:00,1.27,-2.96,92.9,-3.10,-0.78
2026-07-23 22:40:00,1.27,-4.16,94.6,-2.30,-0.97
2026-07-23 22:50:00,1.27,-4.42,89.1,-2.28,-0.92
2026-07-23 23:00:00,1.27,-3.99,93.6,-2.52,-0.85
2026-07-23 23:10:00,1.27,-4.75,92.1,-3.06,-0.95
2026-07-23 23:20:00,1.27,-4.79,89.5,-2.26,-0.90
2026-07-23 23:30:00,1.26,-5.24,97.5,-2.57,-0.69
2026-07-23 23:40:00,1.27,-3.69,93.8,-3.24,-0.87
2026-07-23 23:50:00,1.27,-4.64,92.6,-2.77,-1.03
2026-07-24 00:00:00,1.27,-4.32,98.0,-3.23,-0.86
2026-07-24 00:10:00,1.27,-4.66,91.1,-3.21,-0.70
2026-07-24 00:20:00,1.27,-4.27,94.7,-2.72,-0.81
2026-07-24 00:30:00,1.26,-5.21,97.5,-3.52,-0.88
2026-07-24 00:40:00,1.26,-5.50,98.3,-2.78,-0.93
2026-07-24 00:50:00,1.26,-6.07,99.5,-3.04,-0.71
2026-07-24 01:00:00,1.26,-5.29,99.5,-3.03,-0.75
2026-07-24 01:10:00,1.27,-5.55,97.3,-3.23,-0.95
2026-07-24 01:20:00,1.26,-5.34,99.5,-3.02,-0.90
2026-07-24 01:30:00,1.27,-5.76,99.5,-3.19,-1.00
2026-07-24 01:40:00,1.26,-6.20,98.4,-3.62,-0.96
2026-07-24 01:50:00,1.26,-6.20,96.3,-3.42,-0.97
2026-07-24 02:00:00,1.26,-6.09,99.4,-3.37,-0.73
2026-07-24 02:10:00,1.25,-7.26,99.5,-3.62,-0.69
2026-07-24 02:20:00,1.26,-5.71,92.4,-3.78,-1.05
2026-07-24 02:30:00,1.25,-6.11,99.5,-2.96,-0.93
2026-07-24 02:40:00,1.26,-6.06,96.8,-3.47,-0.83
2026-07-24 02:50:00,1.26,-5.99,98.5,-3.62,-0.93
2026-07-24 03:00:00,1.27,-6.11,99.5,-3.69,-0.99
2026-07-24 03:10:00,1.26,-5.93,99.3,-3.03,-0.88
2026-07-24 03:20:00,1.27,-5.49,99.5,-3.61,-0.84
2026-07-24 03:30:00,1.26,-6.39,98.5,-3.81,-1.03
2026-07-24 03:40:00,1.26,-5.77,96.0,-3.53,-0.90
2026-07-24 03:50:00,1.27,-5.07,99.5,-3.37,-0.86
2026-07-24 04:00:00,1.26,-6.98,99.5,-3.52,-0.81
2026-07-24 04:10:00,1.27,-5.49,95.8,-3.29,-0.88
2026-07-24 04:20:00,1.27,-5.43,99.5,-3.01,-1.04
2026-07-24 04:30:00,1.26,-6.16,99.5,-2.89,-0.79
2026-07-24 04:40:00,1.26,-6.02,99.5,-3.25,-0.85
2026-07-24 04:50:00,1.26,-5.76,95.1,-3.19,-0.80
2026-07-24 05:00:00,1.26,-6.27,94.2,-2.95,-0.87
2026-07-24 05:10:00,1.27,-4.98,97.7,-3.15,-0.76
2026-07-24 05:20:00,1.27,-4.51,97.0,-3.66,-0.84
2026-07-24 05:30:00,1.26,-5.23,94.0,-3.21,-0.89
2026-07-24 05:40:00,1.26,-5.29,99.5,-3.20,-0.89
2026-07-24 05:50:00,1.26,-5.02,95.2,-3.22,-0.91
2026-07-24 06:00:00,1.27,-4.43,91.2,-3.01,-0.92
2026-07-24 06:10:00,1.26,-4.87,94.6,-2.95,-0.72
2026-07-24 06:20:00,1.26,-4.76,99.5,-2.71,-0.73
2026-07-24 06:30:00,1.26,-4.33,95.6,-2.98,-0.81
2026-07-24 06:40:00,1.27,-3.91,91.9,-2.66,-0.89
2026-07-24 06:50:00,1.26,-4.25,90.4,-2.47,-0.83
2026-07-24 07:00:00,1.27,-4.48,96.7,-2.64,-0.86
2026-07-24 07:10:00,1.27,-3.84,99.4,-2.45,-0.79
2026-07-24 07:20:00,1.26,-3.80,87.9,-2.60,-0.92
2026-07-24 07:30:00,1.27,-3.12,97.0,-2.46,-1.02
2026-07-24 07:40:00,1.27,-2.71,92.2,-2.44,-0.79
2026-07-24 07:50:00,1.27,-3.08,94.2,-2.47,-0.80
2026-07-24 08:00:00,1.27,-2.05,94.4,-2.67,-0.87
2026-07-24 08:10:00,1.27,-3.24,84.0,-1.87,-0.96
2026-07-24 08:20:00,1.27,-1.93,87.1,-1.79,-0.81
2026-07-24 08:30:00,1.27,-2.76,89.9,-1.97,-1.12
2026-07-24 08:40:00,1.27,-3.20,90.7,-2.07,-1.00
2026-07-24 08:50:00,1.28,-1.50,89.1,-2.39,-0.94
2026-07-24 09:00:00,1.28,-1.94,84.8,-1.66,-0.78
2026-07-24 09:10:00,1.28,-1.98,94.6,-1.87,-0.74
2026-07-24 09:20:00,1.27,-1.84,92.8,-1.80,-0.73
2026-07-24 09:30:00,1.28,-0.77,88.2,-1.74,-0.83
2026-07-24 09:40:00,1.28,-0.74,88.4,-1.78,-0.94
2026-07-24 09:50:00,1.28,-0.83,87.0,-1.54,-0.94
2026-07-24 10:00:00,1.28,-1.37,87.3,-1.94,-0.95
2026-07-24 10:10:00,1.28,-1.05,87.1,-1.48,-0.88
2026-07-24 10:20:00,1.28,-0.27,81.4,-0.98,-1.03
2026-07-24 10:30:00,1.28,0.12,81.0,-1.28,-0.78
2026-07-24 10:40:00,1.29,-0.33,83.3,-0.84,-0.99
2026-07-24 10:50:00,1.28,-0.56,82.3,-1.28,-0.87
2026-07-24 11:00:00,1.28,-0.29,86.6,-1.41,-0.79
2026-07-24 11:10:00,1.27,0.12,82.8,-1.11,-0.68
2026-07-24 11:20:00,1.29,0.37,82.4,-0.98,-0.95
2026-07-24 11:30:00,1.29,0.77,84.7,-0.38,-0.74
2026-07-24 11:40:00,1.29,0.35,82.9,-1.10,-0.76
2026-07-24 11:50:00,1.29,0.73,75.0,-0.77,-0.82
2026-07-24 12:00:00,1.28,1.26,81.1,-0.74,-0.75
2026-07-24 12:10:00,1.28,1.90,75.7,-0.83,-0.71
2026-07-24 12:20:00,1.29,1.37,83.5,-0.76,-0.79
2026-07-24 12:30:00,1.29,2.08,75.7,-0.67,-0.84
2026-07-24 12:40:00,1.29,1.60,78.1,-0.64,-0.83
2026-07-24 12:50:00,1.29,1.86,80.2,-0.69,-0.83
2026-07-24 13:00:00,1.29,1.95,80.0,-0.77,-0.90
2026-07-24 13:10:00,1.29,NaN,NaN,-0.52,-0.86
2026-07-24 13:20:00,1.29,2.24,76.5,-0.67,-0.93
2026-07-24 13:30:00,1.29,2.16,79.6,0.11,-0.81
2026-07-24 13:40:00,1.29,2.96,76.7,-0.32,-0.87
2026-07-24 13:50:00,1.29,2.59,75.8,-0.22,-0.87
2026-07-24 14:00:00,1.29,2.13,79.5,-0.49,-0.91
2026-07-24 14:10:00,1.28,1.68,78.4,-0.70,-0.82
2026-07-24 14:20:00,1.29,2.34,76.5,-0.08,-0.70
2026-07-24 14:30:00,1.29,2.62,79.1,-0.63,-0.94
2026-07-24 14:40:00,1.29,2.99,74.8,-0.29,-0.92
2026-07-24 14:50:00,1.29,1.90,77.3,-0.48,-0.88
2026-07-24 15:00:00,1.30,2.50,72.0,-0.34,-0.95
2026-07-24 15:10:00,1.29,2.49,80.6,-0.63,-0.80
2026-07-24 15:20:00,1.28,1.73,75.2,-0.47,-0.84
2026-07-24 15:30:00,1.29,2.57,77.0,-0.62,-0.95
2026-07-24 15:40:00,1.29,2.35,75.7,-0.16,-1.06
2026-07-24 15:50:00,1.29,1.50,76.1,-0.09,-0.83
2026-07-24 16:00:00,1.29,1.73,74.6,-0.40,-0.94
2026-07-24 16:10:00,1.29,1.99,79.4,-0.03,-0.74
2026-07-24 16:20:00,1.29,2.61,78.7,-0.69,-0.84
2026-07-24 16:30:00,1.28,2.17,77.7,-0.18,-0.98
2026-07-24 16:40:00,1.28,1.61,79.3,-0.35,-0.84
2026-07-24 16:50:00,1.29,2.02,81.8,-0.79,-0.81
2026-07-24 17:00:00,1.29,1.62,77.1,-0.88,-0.87
2026-07-24 17:10:00,1.29,1.59,80.4,-0.39,-1.00
2026-07-24 17:20:00,1.28,1.17,80.8,-1.10,-0.83
2026-07-24 17:30:00,1.29,1.49,78.7,-0.64,-0.84
2026-07-24 17:40:00,1.28,0.84,83.2,-0.23,-0.78
2026-07-24 17:50:00,1.29,1.43,80.0,-0.60,-0.72
2026-07-24 18:00:00,1.29,1.18,82.3,-0.55,-0.77
2026-07-24 18:10:00,1.29,0.88,82.6,-1.13,-0.81
2026-07-24 18:20:00,1.28,0.94,82.3,-0.74,-0.92
2026-07-24 18:30:00,1.28,0.19,78.0,-1.25,-0.94
2026-07-24 18:40:00,1.28,0.70,82.8,-1.05,-0.83
2026-07-24 18:50:00,1.27,0.19,82.6,-1.11,-0.94
2026-07-24 19:00:00,1.28,-0.21,81.7,-0.93,-0.77
2026-07-24 19:10:00,1.28,0.25,85.7,-1.11,-0.98
2026-07-24 19:20:00,1.28,1.14,80.6,-0.88,-0.85
2026-07-24 19:30:00,1.28,0.02,90.6,-1.32,-0.86
2026-07-24 19:40:00,1.28,0.00,87.5,-1.47,-0.83
2026-07-24 19:50:00,1.27,-0.43,86.8,-1.38,-0.74
2026-07-24 20:00:00,1.28,-0.60,86.2,-0.95,-0.82
2026-07-24 20:10:00,1.27,-1.34,90.9,-1.24,-0.93
2026-07-24 20:20:00,1.27,-0.49,89.7,-1.13,-0.88
2026-07-24 20:30:00,1.27,-1.78,84.9,-1.21,-0.81
2026-07-24 20:40:00,1.28,-0.73,87.2,-1.80,-0.86
2026-07-24 20:50:00,1.27,-1.35,85.5,-1.59,-0.80
2026-07-24 21:00:00,1.27,-2.24,88.4,-1.78,-0.71
2026-07-24 21:10:00,1.27,-2.03,91.4,-1.83,-0.82
2026-07-24 21:20:00,1.27,-2.35,88.3,-1.44,-1.00
2026-07-24 21:30:00,1.27,-3.47,87.1,-1.84,-0.82
2026-07-24 21:40:00,1.27,-1.72,87.9,-2.66,-0.82
2026-07-24 21:50:00,1.27,-2.01,92.2,-2.17,-0.83
2026-07-24 22:00:00,1.27,-3.41,84.1,-2.06,-0.83
2026-07-24 22:10:00,1.27,-3.07,92.6,-2.97,-0.86
2026-07-24 22:20:00,1.26,-3.90,99.5,-2.71,-0.93
2026-07-24 22:30:00,1.27,-2.55,92.8,-2.72,-0.91
2026-07-24 22:40:00,1.26,-3.99,91.9,-2.60,-0.94
2026-07-24 22:50:00,1.26,-3.91,88.9,-2.46,-0.90
2026-07-24 23:00:00,1.26,-3.47,96.9,-2.31,-0.92
2026-07-24 23:10:00,1.27,-4.49,91.8,-3.05,-0.70
2026-07-24 23:20:00,1.26,-4.27,93.7,-2.81,-0.75
2026-07-24 23:30:00,1.26,-3.76,92.3,-2.50,-1.01
2026-07-24 23:40:00,1.26,-4.56,90.6,-2.99,-0.87
2026-07-24 23:50:00,1.26,-5.38,96.9,-2.75,-1.03
2026-07-25 00:00:00,1.26,-4.22,97.2,-2.71,-0.81
2026-07-25 00:10:00,1.26,-4.43,94.2,-2.69,-0.83
2026-07-25 00:20:00,1.25,-4.82,98.3,-2.97,-0.73
2026-07-25 00:30:00,1.26,-5.41,96.7,-3.10,-0.76
2026-07-25 00:40:00,1.26,-4.92,98.6,-2.99,-0.85
2026-07-25 00:50:00,1.26,-4.57,91.2,-2.82,-0.91
2026-07-25 01:00:00,1.26,-4.95,98.2,-3.11,-0.83
2026-07-25 01:10:00,1.26,-5.33,96.4,-3.26,-1.09
2026-07-25 01:20:00,1.25,-6.17,97.8,-3.36,-0.88
2026-07-25 01:30:00,1.25,-6.28,99.5,-3.24,-0.75
2026-07-25 01:40:00,1.26,-5.76,99.5,-3.08,-0.83
2026-07-25 01:50:00,1.25,-5.56,99.5,-3.29,-0.96
2026-07-25 02:00:00,1.26,-5.95,94.8,-2.84,-0.93
2026-07-25 02:10:00,1.25,-5.56,99.3,-3.13,-0.88
2026-07-25 02:20:00,1.25,-6.60,97.9,-3.45,-0.83
2026-07-25 02:30:00,1.26,-5.23,99.5,-3.26,-0.88
2026-07-25 02:40:00,1.25,-5.64,99.4,-3.60,-0.92
2026-07-25 02:50:00,1.25,-6.48,99.5,-3.65,-0.98
2026-07-25 03:00:00,1.25,-6.02,99.3,-3.62,-0.73
2026-07-25 03:10:00,1.25,-6.37,95.4,-3.46,-0.89
2026-07-25 03:20:00,1.25,-6.22,95.2,-3.03,-0.94
2026-07-25 03:30:00,1.26,-6.46,93.2,-4.07,-0.76
2026-07-25 03:40:00,1.25,-6.00,99.5,-3.46,-0.77
2026-07-25 03:50:00,1.26,-6.15,99.5,-3.57,-0.98
2026-07-25 04:00:00,1.25,-6.34,94.2,-3.28,-0.82
2026-07-25 04:10:00,1.26,-5.48,99.5,-2.98,-0.84
2026-07-25 04:20:00,1.26,-5.31,99.5,-2.94,-0.95
2026-07-25 04:30:00,1.26,-5.97,99.5,-2.95,-0.71
2026-07-25 04:40:00,1.25,-5.29,97.3,-3.18,-0.84
2026-07-25 04:50:00,1.26,-6.15,99.5,-3.04,-0.94
2026-07-25 05:00:00,1.26,-5.34,94.1,-3.06,-0.91
2026-07-25 05:10:00,1.25,-5.55,94.5,-2.75,-0.71
2026-07-25 05:20:00,1.26,-5.76,96.9,-2.64,-0.81
2026-07-25 05:30:00,1.25,-5.07,96.2,-3.04,-1.02
2026-07-25 05:40:00,1.25,-5.20,96.5,-2.84,-0.93
2026-07-25 05:50:00,1.26,-4.75,97.9,-2.99,-0.87
2026-07-25 06:00:00,1.26,-4.54,94.3,-2.88,-0.79
2026-07-25 06:10:00,1.26,-4.35,97.1,-2.91,-0.89
2026-07-25 06:20:00,1.26,-4.58,96.4,-2.91,-0.90
2026-07-25 06:30:00,1.26,-4.54,89.4,-2.66,-0.82
2026-07-25 06:40:00,1.26,-5.36,92.7,-2.48,-0.84
2026-07-25 06:50:00,1.26,-4.23,95.8,-2.64,-0.82
2026-07-25 07:00:00,1.26,-3.79,92.2,-3.16,-0.80
2026-07-25 07:10:00,1.26,-4.16,87.7,-2.65,-0.87
2026-07-25 07:20:00,1.26,-4.12,94.0,-2.27,-0.82
2026-07-25 07:30:00,1.27,-3.33,90.9,-2.54,-0.78
2026-07-25 07:40:00,1.26,-3.08,89.3,-2.25,-0.84
2026-07-25 07:50:00,1.27,-2.05,93.6,-2.23,-0.80
2026-07-25 08:00:00,1.26,-3.44,93.8,-2.02,-0.83
2026-07-25 08:10:00,1.27,-2.28,91.5,-2.30,-0.75
2026-07-25 08:20:00,1.27,-2.32,90.2,-1.74,-0.82
2026-07-25 08:30:00,1.26,-2.21,89.5,-1.93,-0.88
2026-07-25 08:40:00,1.27,-2.04,89.6,-1.99,-0.95
2026-07-25 08:50:00,1.27,-0.96,87.3,-2.11,-0.97
2026-07-25 09:00:00,1.27,-1.40,85.6,-1.83,-0.80
2026-07-25 09:10:00,1.27,-1.47,92.6,-2.00,-0.91
2026-07-25 09:20:00,1.27,-2.01,83.0,-1.28,-0.75
2026-07-25 09:30:00,1.27,-1.22,81.2,-1.46,-0.85
2026-07-25 09:40:00,1.27,-0.42,88.2,-1.65,-0.77
2026-07-25 09:50:00,1.27,-0.79,87.2,-1.45,-0.70
2026-07-25 10:00:00,1.27,-0.22,83.7,-1.47,-0.90
2026-07-25 10:10:00,1.28,-0.01,89.5,-1.17,-0.91
2026-07-25 10:20:00,1.27,-0.13,86.0,-1.27,-0.95
2026-07-25 10:30:00,1.27,0.05,86.7,-1.32,-0.73
2026-07-25 10:40:00,1.27,-0.25,81.0,-0.95,-0.80
2026-07-25 10:50:00,1.28,0.64,80.7,-0.90,-0.72
2026-07-25 11:00:00,1.28,-0.42,84.6,-1.30,-0.91
2026-07-25 11:10:00,1.27,-0.14,85.7,-0.81,-0.96
2026-07-25 11:20:00,1.28,0.77,87.8,-0.61,-0.79
2026-07-25 11:30:00,1.28,1.55,81.2,-0.95,-0.78
2026-07-25 11:40:00,1.29,1.31,80.9,-0.44,-0.82
2026-07-25 11:50:00,1.28,1.57,75.7,-0.94,-0.65
2026-07-25 12:00:00,1.28,1.43,79.7,-1.11,-0.83
2026-07-25 12:10:00,1.28,1.14,81.3,-0.65,-0.89
2026-07-25 12:20:00,1.28,2.05,76.8,-0.92,-0.81
2026-07-25 12:30:00,1.28,1.36,73.3,-0.01,-0.90
2026-07-25 12:40:00,1.28,1.68,78.5,-0.50,-0.79
2026-07-25 12:50:00,1.28,1.70,74.3,-0.79,-0.89
2026-07-25 13:00:00,1.29,2.55,78.8,-0.80,-0.91
2026-07-25 13:10:00,1.28,1.72,82.5,-0.35,-0.94
2026-07-25 13:20:00,1.28,2.02,80.0,-0.60,-1.00
2026-07-25 13:30:00,1.28,1.02,77.9,-0.63,-0.88
2026-07-25 13:40:00,1.28,1.64,80.4,-0.83,-0.85
2026-07-25 13:50:00,1.29,2.19,77.3,-0.45,-0.98
2026-07-25 14:00:00,1.29,2.49,73.1,-0.41,-0.87
2026-07-25 14:10:00,1.28,1.89,71.9,-0.29,-1.00
2026-07-25 14:20:00,1.28,1.88,79.7,-0.40,-0.82
2026-07-25 14:30:00,1.28,2.89,75.4,-0.44,-0.75
2026-07-25 14:40:00,1.29,1.55,76.3,-0.64,-0.76
2026-07-25 14:50:00,1.28,2.38,78.0,-0.46,-0.80
2026-07-25 15:00:00,1.29,2.32,78.0,-0.19,-0.97
2026-07-25 15:10:00,1.28,2.07,75.1,-0.32,-0.93
2026-07-25 15:20:00,1.28,2.55,75.6,-0.48,-0.93
2026-07-25 15:30:00,1.28,2.09,80.9,-0.37,-0.99
2026-07-25 15:40:00,1.28,2.22,77.8,-0.54,-0.80
2026-07-25 15:50:00,1.28,1.85,77.8,-0.14,-0.82
2026-07-25 16:00:00,1.28,2.40,73.5,-0.29,-0.98
2026-07-25 16:10:00,1.28,2.86,78.9,-0.22,-0.89
2026-07-25 16:20:00,1.28,1.94,80.3,-0.55,-0.84
2026-07-25 16:30:00,1.28,1.53,76.6,-0.79,-0.90
2026-07-25 16:40:00,1.27,1.31,76.7,-0.78,-1.02
2026-07-25 16:50:00,1.28,1.90,76.9,-0.60,-0.96
2026-07-25 17:00:00,1.28,1.58,81.5,-0.56,-0.79
2026-07-25 17:10:00,1.28,2.15,79.4,-0.50,-0.72
2026-07-25 17:20:00,1.28,0.98,83.9,-0.50,-0.94
2026-07-25 17:30:00,1.28,1.37,79.3,-0.84,-0.82
2026-07-25 17:40:00,1.28,1.62,77.4,-0.49,-0.83
2026-07-25 17:50:00,1.28,2.26,78.0,-0.95,-0.81
2026-07-25 18:00:00,1.28,2.03,77.5,-0.69,-0.92
2026-07-25 18:10:00,1.27,0.86,78.6,-0.35,-0.84
2026-07-25 18:20:00,1.27,1.07,76.2,-0.93,-0.83
2026-07-25 18:30:00,1.28,1.10,81.1,-1.22,-0.81
2026-07-25 18:40:00,1.28,1.52,86.4,-1.06,-0.82
2026-07-25 18:50:00,1.27,-0.13,80.0,-0.65,-0.76
2026-07-25 19:00:00,1.28,0.33,83.7,-1.29,-0.93
2026-07-25 19:10:00,1.27,-0.41,81.9,-1.17,-0.77
2026-07-25 19:20:00,1.27,-0.18,83.0,-0.97,-0.95
2026-07-25 19:30:00,1.27,0.93,72.5,-1.27,NaN
2026-07-25 19:40:00,1.27,0.27,80.1,-1.37,-0.94
2026-07-25 19:50:00,1.27,-0.87,82.4,-1.31,-0.86
2026-07-25 20:00:00,1.27,-1.01,87.5,-1.43,-0.85
2026-07-25 20:10:00,1.26,-1.34,84.8,-1.61,-0.89
2026-07-25 20:20:00,1.27,-0.71,85.0,-1.59,-0.85
2026-07-25 20:30:00,1.27,-2.46,90.0,-1.95,-0.86
2026-07-25 20:40:00,1.27,-1.06,87.2,-1.58,-0.94
2026-07-25 20:50:00,1.27,-1.33,84.4,-1.49,-0.80
2026-07-25 21:00:00,1.27,-1.27,93.9,-1.59,-0.95
2026-07-25 21:10:00,1.26,-1.96,88.4,-1.70,-0.87
2026-07-25 21:20:00,1.27,-2.17,92.6,-1.92,-0.83
2026-07-25 21:30:00,1.26,-2.44,85.5,-1.94,-0.74
2026-07-25 21:40:00,1.27,-1.26,90.6,-2.26,-0.86
2026-07-25 21:50:00,1.26,-2.44,87.6,-2.46,-0.99
2026-07-25 22:00:00,1.27,-2.83,94.8,-2.01,-0.74
2026-07-25 22:10:00,1.26,-2.80,88.3,-2.12,-0.87
2026-07-25 22:20:00,1.25,-3.52,93.7,-2.39,-0.84
2026-07-25 22:30:00,1.26,-3.59,89.7,-2.11,-0.86
2026-07-25 22:40:00,1.26,-4.10,96.8,-2.04,-0.83
2026-07-25 22:50:00,1.26,-3.56,89.2,-2.39,-0.87
2026-07-25 23:00:00,1.26,-3.72,93.2,-2.62,-0.69
2026-07-25 23:10:00,1.26,-3.01,96.9,-3.09,-0.89
2026-07-25 23:20:00,1.26,-3.79,95.6,-2.75,-0.90
2026-07-25 23:30:00,1.25,-4.99,92.4,-2.48,-0.81
2026-07-25 23:40:00,1.26,-3.92,91.6,-2.77,-0.89
2026-07-25 23:50:00,1.25,-4.57,95.7,-2.41,-0.83
2026-07-26 00:00:00,1.26,-4.16,94.2,-2.20,-0.78
2026-07-26 00:10:00,1.25,-4.59,94.7,-2.65,-0.83
2026-07-26 00:20:00,1.25,-4.49,95.0,-2.76,-0.75
2026-07-26 00:30:00,1.25,-5.49,99.5,-3.20,-0.88
2026-07-26 00:40:00,1.25,-4.69,95.1,-3.25,-0.89
2026-07-26 00:50:00,1.25,-4.71,93.9,-3.38,-0.88
2026-07-26 01:00:00,1.25,-5.07,95.4,-3.47,-0.90
2026-07-26 01:10:00,1.25,-5.62,97.9,-3.18,-0.90
2026-07-26 01:20:00,1.24,-6.56,95.4,-2.90,-0.86
2026-07-26 01:30:00,1.25,-6.00,99.4,-3.29,-0.72
2026-07-26 01:40:00,1.25,-5.53,92.2,-3.06,-0.82
2026-07-26 01:50:00,1.25,-5.85,99.5,-3.59,-0.75
2026-07-26 02:00:00,1.24,-6.59,99.5,-3.47,-0.82
2026-07-26 02:10:00,1.25,-6.26,99.5,-2.82,-0.84
2026-07-26 02:20:00,1.24,-6.19,99.0,-3.36,-0.75
2026-07-26 02:30:00,1.25,-5.50,99.5,-2.96,-0.82
2026-07-26 02:40:00,1.25,-5.86,99.5,-3.62,-0.69
2026-07-26 02:50:00,1.24,-6.44,97.3,-3.30,-0.76
2026-07-26 03:00:00,1.25,-6.49,96.3,-3.08,-0.76
2026-07-26 03:10:00,1.25,-6.42,98.6,-3.09,-0.87
2026-07-26 03:20:00,1.25,-4.99,99.5,-3.26,-0.88
2026-07-26 03:30:00,1.25,-6.25,96.4,-3.13,-0.83
2026-07-26 03:40:00,1.24,-6.54,98.3,-3.56,-0.84
2026-07-26 03:50:00,1.25,-5.86,97.2,-3.47,-0.93
2026-07-26 04:00:00,1.25,-5.87,99.5,-3.70,-0.88
2026-07-26 04:10:00,1.25,-6.20,99.5,-3.36,-0.82
2026-07-26 04:20:00,1.25,-5.49,99.5,-2.78,-0.86
2026-07-26 04:30:00,1.25,-5.27,97.7,-3.17,-0.91
2026-07-26 04:40:00,1.25,-5.62,97.8,-3.25,-0.77
2026-07-26 04:50:00,1.25,NaN,NaN,-3.14,-0.96
2026-07-26 05:00:00,1.25,-5.68,97.0,-3.73,-0.79
2026-07-26 05:10:00,1.24,-5.40,99.5,-2.91,-0.77
2026-07-26 05:20:00,1.25,-5.38,95.0,-3.33,-0.84
2026-07-26 05:30:00,1.25,-4.71,98.6,-2.81,-0.93
2026-07-26 05:40:00,1.25,-5.16,99.5,-2.74,-0.78
2026-07-26 05:50:00,1.25,-4.76,98.4,-2.66,-0.88
2026-07-26 06:00:00,1.25,-5.41,94.6,-2.98,-0.80
2026-07-26 06:10:00,1.25,-5.02,93.3,-2.33,-0.93
2026-07-26 06:20:00,1.25,-3.83,91.9,-2.36,-0.93
2026-07-26 06:30:00,1.26,-3.65,89.5,-2.68,-0.91
2026-07-26 06:40:00,1.26,-3.74,96.8,-2.80,-0.86
2026-07-26 06:50:00,1.25,-3.50,94.6,-2.45,-0.92
2026-07-26 07:00:00,1.25,-3.77,95.8,-2.18,-0.81
2026-07-26 07:10:00,1.26,-3.36,95.2,-2.61,-0.88
2026-07-26 07:20:00,1.26,-3.86,94.0,-2.85,-0.79
2026-07-26 07:30:00,1.26,-3.81,96.6,-2.20,-0.94
2026-07-26 07:40:00,1.26,-2.76,89.4,-2.33,-0.89
2026-07-26 07:50:00,1.26,-3.83,89.0,-2.24,-0.84
2026-07-26 08:00:00,1.26,-3.06,90.8,-2.37,NaN
2026-07-26 08:10:00,1.26,-2.97,91.3,-2.05,-0.77
2026-07-26 08:20:00,1.26,-2.75,91.1,-1.98,-0.91
2026-07-26 08:30:00,1.26,-2.25,94.7,-1.97,-0.81
2026-07-26 08:40:00,1.26,-2.04,89.5,-1.92,-0.99
2026-07-26 08:50:00,1.27,-1.18,90.6,-1.36,-0.90
2026-07-26 09:00:00,1.27,-1.41,89.4,-1.79,-0.83
2026-07-26 09:10:00,1.27,-1.13,89.2,-1.70,-0.86
2026-07-26 09:20:00,1.26,-1.86,90.4,-1.48,-0.90
2026-07-26 09:30:00,1.26,-0.92,90.1,-1.41,-0.87
2026-07-26 09:40:00,1.26,-1.07,85.7,-1.57,-0.87
2026-07-26 09:50:00,1.26,-1.00,83.6,-1.48,-0.83
2026-07-26 10:00:00,1.27,-0.14,85.5,-1.05,-0.80
2026-07-26 10:10:00,1.27,-0.64,88.9,-1.10,-0.99
2026-07-26 10:20:00,1.26,-0.46,84.4,-1.43,-0.73
2026-07-26 10:30:00,1.27,-1.13,77.7,-1.14,-0.85
2026-07-26 10:40:00,1.27,-0.87,80.5,-1.54,-0.93
2026-07-26 10:50:00,1.27,0.01,88.3,-0.80,-0.83
2026-07-26 11:00:00,1.26,-0.68,81.0,-1.15,-0.79
2026-07-26 11:10:00,1.27,0.31,83.5,-1.15,-0.66
2026-07-26 11:20:00,1.27,0.87,78.0,-1.24,-0.82
2026-07-26 11:30:00,1.27,1.13,75.3,-0.34,-0.83
2026-07-26 11:40:00,1.26,0.31,78.6,-0.49,-0.74
2026-07-26 11:50:00,1.27,1.67,77.7,-0.88,-0.88
2026-07-26 12:00:00,1.27,0.64,78.2,-0.90,-0.78
2026-07-26 12:10:00,1.28,0.51,83.3,-0.59,-0.86
2026-07-26 12:20:00,1.28,1.87,80.0,-0.29,-0.71
2026-07-26 12:30:00,1.28,1.74,80.9,-0.50,-0.77
2026-07-26 12:40:00,1.28,2.02,79.2,-0.15,-0.68
2026-07-26 12:50:00,1.28,1.97,71.8,-0.53,-0.79
2026-07-26 13:00:00,1.28,2.69,81.9,-0.32,-0.84
2026-07-26 13:10:00,1.28,2.01,74.9,-0.32,-0.82
2026-07-26 13:20:00,1.28,2.18,78.1,-0.88,-0.85
2026-07-26 13:30:00,1.28,2.34,80.5,-0.16,-0.97
2026-07-26 13:40:00,1.27,1.88,74.9,0.04,-0.90
2026-07-26 13:50:00,1.28,2.41,77.4,-0.08,-0.79
2026-07-26 14:00:00,1.28,2.91,73.9,-0.72,-0.75
2026-07-26 14:10:00,1.28,2.73,78.6,0.14,-0.82
2026-07-26 14:20:00,1.28,2.52,73.8,-0.49,-0.91
2026-07-26 14:30:00,1.28,2.89,79.0,-0.04,-0.72
2026-07-26 14:40:00,1.28,2.52,77.6,-0.12,-0.86
2026-07-26 14:50:00,1.28,2.25,75.7,-0.52,-0.81
2026-07-26 15:00:00,1.27,2.33,78.2,-0.33,-0.98
2026-07-26 15:10:00,1.28,1.63,77.8,0.06,-0.95
2026-07-26 15:20:00,1.28,2.60,75.7,0.16,-0.71
2026-07-26 15:30:00,1.28,2.16,79.1,-0.27,-0.73
2026-07-26 15:40:00,1.28,2.79,76.5,-0.24,-0.81
2026-07-26 15:50:00,1.29,2.76,80.0,-0.11,-0.74
2026-07-26 16:00:00,1.28,2.85,79.0,-0.74,-0.69
2026-07-26 16:10:00,1.28,1.90,78.2,-0.22,-0.74
2026-07-26 16:20:00,1.28,2.49,76.4,0.01,-0.77
2026-07-26 16:30:00,1.27,1.88,80.0,-0.40,-0.80
2026-07-26 16:40:00,1.27,1.75,77.1,-0.53,-0.73
2026-07-26 16:50:00,1.27,2.23,79.2,-0.63,-0.82
2026-07-26 17:00:00,1.28,1.45,82.8,0.12,-0.97
2026-07-26 17:10:00,1.28,2.28,79.6,-0.10,-0.71
2026-07-26 17:20:00,1.27,1.42,76.3,-0.41,-0.81
2026-07-26 17:30:00,1.27,2.14,79.5,-0.81,-0.90
2026-07-26 17:40:00,1.27,0.83,80.2,-0.75,-0.73
2026-07-26 17:50:00,1.28,1.92,82.3,-0.53,-0.81
2026-07-26 18:00:00,1.26,1.21,80.2,-0.74,-0.90
2026-07-26 18:10:00,1.27,1.22,82.4,-0.57,-1.00
2026-07-26 18:20:00,1.27,0.42,77.8,-0.77,-0.71
2026-07-26 18:30:00,1.27,0.97,83.2,-1.05,-0.79
2026-07-26 18:40:00,1.26,-0.78,85.7,-1.25,-0.76
2026-07-26 18:50:00,1.27,0.48,85.6,-1.14,-0.72
2026-07-26 19:00:00,1.27,0.12,84.1,-1.47,-0.79
2026-07-26 19:10:00,1.26,0.23,83.4,-1.01,-0.86
2026-07-26 19:20:00,1.27,-0.04,81.7,-1.36,-0.74
2026-07-26 19:30:00,1.27,0.42,84.8,-1.45,-0.88
2026-07-26 19:40:00,1.26,-1.04,83.8,-0.86,-0.78
2026-07-26 19:50:00,1.27,-0.06,88.1,-1.43,-0.88
2026-07-26 20:00:00,1.27,-0.40,87.4,-1.22,-0.77
2026-07-26 20:10:00,1.26,0.07,84.5,-1.43,-0.82
2026-07-26 20:20:00,1.26,-0.10,82.7,-1.75,-0.83
2026-07-26 20:30:00,1.27,-0.65,87.0,-1.66,-0.81
2026-07-26 20:40:00,1.25,-1.38,88.7,-1.64,-0.73
2026-07-26 20:50:00,1.26,-1.10,85.5,-1.53,-0.75
2026-07-26 21:00:00,1.26,-2.34,89.7,-2.26,-0.92
2026-07-26 21:10:00,1.26,-1.46,86.5,-1.52,-0.83
2026-07-26 21:20:00,1.26,-2.28,88.6,-1.76,-0.62
2026-07-26 21:30:00,1.26,-2.89,85.0,-1.94,-0.82
2026-07-26 21:40:00,1.25,-2.34,88.6,-2.36,-0.87
2026-07-26 21:50:00,1.25,-2.71,90.9,-1.54,-0.82
2026-07-26 22:00:00,1.25,-2.80,92.7,-1.98,-0.82
2026-07-26 22:10:00,1.26,-2.18,91.6,-2.28,-0.78
2026-07-26 22:20:00,1.26,-3.02,89.9,-1.53,-0.82
2026-07-26 22:30:00,1.25,-3.00,90.8,-2.66,-0.80
2026-07-26 22:40:00,1.26,-2.86,99.2,-2.13,-0.83
2026-07-26 22:50:00,1.25,-4.00,97.0,-2.31,-0.85
2026-07-26 23:00:00,1.25,-3.26,94.8,-2.41,-0.84
2026-07-26 23:10:00,1.25,-3.86,96.6,-2.51,-0.90
2026-07-26 23:20:00,1.25,-4.07,94.8,-2.41,-0.88
2026-07-26 23:30:00,1.25,-4.61,95.1,-2.50,-0.79
2026-07-26 23:40:00,1.25,-4.66,94.1,-2.47,-0.88
2026-07-26 23:50:00,1.25,-4.37,92.3,-2.84,-0.83
2026-07-27 00:00:00,1.25,-4.94,97.1,-2.64,-0.74
2026-07-27 00:10:00,1.24,-5.13,99.4,-2.99,-0.81
2026-07-27 00:20:00,1.25,-4.72,98.4,-2.55,-0.87
2026-07-27 00:30:00,1.24,-5.23,99.5,-2.40,-0.96
2026-07-27 00:40:00,1.25,-5.01,93.1,-2.83,-0.90
2026-07-27 00:50:00,1.25,-5.34,97.0,-3.29,-0.84
2026-07-27 01:00:00,1.24,-4.87,97.8,-3.15,-0.93
2026-07-27 01:10:00,1.24,-5.88,99.5,-2.82,-0.86
2026-07-27 01:20:00,1.24,-4.93,97.6,-2.83,-0.84
2026-07-27 01:30:00,1.24,-5.15,99.1,-3.27,-0.74
2026-07-27 01:40:00,1.24,-5.27,99.5,-2.89,-0.75
2026-07-27 01:50:00,1.24,-5.88,99.5,-2.95,-0.93
2026-07-27 02:00:00,1.24,-5.45,98.0,-3.28,-1.01
2026-07-27 02:10:00,1.24,-6.02,95.7,-3.10,-0.79
2026-07-27 02:20:00,1.25,-5.43,98.3,-3.69,-0.80
2026-07-27 02:30:00,1.24,-5.44,99.5,-2.81,-0.80
2026-07-27 02:40:00,1.24,-6.09,98.8,-3.08,-0.81
2026-07-27 02:50:00,1.24,-5.89,92.8,-2.97,-0.95
2026-07-27 03:00:00,1.24,-6.12,97.2,-3.57,-1.01
2026-07-27 03:10:00,1.24,-6.55,99.5,-3.67,-0.84
2026-07-27 03:20:00,1.24,-5.44,99.5,-3.23,-0.86
2026-07-27 03:30:00,1.24,-5.64,95.3,-3.31,-0.69
2026-07-27 03:40:00,1.24,-5.14,97.8,-3.01,-0.83
2026-07-27 03:50:00,1.24,-6.08,99.5,-2.69,-0.78
2026-07-27 04:00:00,1.24,-5.96,99.5,-2.65,-1.00
2026-07-27 04:10:00,1.24,-6.04,98.9,-2.95,-0.74
2026-07-27 04:20:00,1.25,-4.80,99.5,-2.82,-0.85
2026-07-27 04:30:00,1.24,-5.32,99.5,-2.95,-0.78
2026-07-27 04:40:00,1.24,-5.70,96.2,-3.03,-0.88
2026-07-27 04:50:00,1.24,-5.45,99.5,-3.49,-0.93
2026-07-27 05:00:00,1.24,-5.20,99.5,-2.88,-0.82
2026-07-27 05:10:00,1.24,-5.47,95.9,-2.76,-0.80
2026-07-27 05:20:00,1.24,-4.92,90.7,-2.57,-0.89
2026-07-27 05:30:00,1.24,-4.51,98.3,-3.02,-0.84
2026-07-27 05:40:00,1.24,-5.47,97.6,-2.52,-0.73
2026-07-27 05:50:00,1.25,-4.78,94.6,-2.29,-0.89
2026-07-27 06:00:00,1.24,-4.40,99.3,-2.70,-1.07
2026-07-27 06:10:00,1.25,-4.60,98.6,-2.70,-0.80
2026-07-27 06:20:00,1.24,-4.39,95.7,-2.74,-0.83
2026-07-27 06:30:00,1.24,-4.39,94.9,-2.90,-0.89
2026-07-27 06:40:00,1.25,-4.53,93.6,-2.88,-0.64
2026-07-27 06:50:00,1.25,-4.04,95.1,-2.52,-0.72
2026-07-27 07:00:00,1.25,-3.71,96.0,-1.99,-0.80
2026-07-27 07:10:00,1.25,-3.22,92.2,-2.32,-0.89
2026-07-27 07:20:00,1.24,-3.23,95.7,-2.19,-0.83
2026-07-27 07:30:00,1.25,-3.13,89.8,-2.29,-0.77
2026-07-27 07:40:00,1.25,-2.58,94.3,-2.76,-0.84
2026-07-27 07:50:00,1.25,-2.48,88.9,-2.34,-0.73
2026-07-27 08:00:00,1.25,-2.81,99.5,-1.90,-0.80
2026-07-27 08:10:00,1.25,-3.03,89.4,-2.01,-0.97
2026-07-27 08:20:00,1.25,-2.79,90.7,-1.90,-0.84
2026-07-27 08:30:00,1.25,-2.03,89.9,-1.57,-0.79
2026-07-27 08:40:00,1.26,-1.29,93.2,-1.56,-0.88
2026-07-27 08:50:00,1.26,-1.47,86.5,-1.80,-0.92
2026-07-27 09:00:00,1.26,-0.59,82.9,-1.76,-0.71
2026-07-27 09:10:00,1.26,-1.79,82.4,-1.48,-0.97
2026-07-27 09:20:00,1.26,-2.03,83.6,-1.87,-0.85
2026-07-27 09:30:00,1.27,-0.69,86.2,-1.17,-0.77
2026-07-27 09:40:00,1.26,-1.40,87.2,-1.12,-0.76
2026-07-27 09:50:00,1.26,-1.45,82.4,-1.43,-0.72
2026-07-27 10:00:00,1.26,-0.52,80.4,-1.31,-0.70
2026-07-27 10:10:00,1.26,0.36,86.9,-0.91,-0.80
2026-07-27 10:20:00,1.26,-1.12,85.2,-1.45,-0.84
2026-07-27 10:30:00,1.26,0.03,82.7,-0.97,-0.87
2026-07-27 10:40:00,1.26,0.15,84.8,-1.11,-0.93
2026-07-27 10:50:00,1.27,0.89,83.4,-1.22,-0.85
2026-07-27 11:00:00,1.27,NaN,NaN,-1.10,-0.87
2026-07-27 11:10:00,1.26,0.77,79.3,-1.10,-0.65
2026-07-27 11:20:00,1.26,0.72,88.0,-0.72,-0.95
2026-07-27 11:30:00,1.27,0.60,80.4,-1.07,-0.89
2026-07-27 11:40:00,1.26,1.37,88.8,-0.63,-0.94
2026-07-27 11:50:00,1.27,0.84,83.3,-0.15,-0.94
2026-07-27 12:00:00,1.27,1.47,79.9,-0.18,-0.76
2026-07-27 12:10:00,1.26,0.53,78.5,-0.68,-0.80
2026-07-27 12:20:00,1.26,0.81,78.9,-0.74,-0.85
2026-07-27 12:30:00,1.27,1.29,79.1,-0.59,-0.77
2026-07-27 12:40:00,1.27,2.21,78.4,-0.47,-0.76
2026-07-27 12:50:00,1.27,1.75,77.1,-0.27,-0.75
2026-07-27 13:00:00,1.27,1.94,81.9,-0.27,-0.85
2026-07-27 13:10:00,1.27,1.97,82.8,-0.55,-0.97
2026-07-27 13:20:00,1.27,1.98,77.8,-0.05,-0.86
2026-07-27 13:30:00,1.27,2.32,84.5,-0.40,-0.66
2026-07-27 13:40:00,1.27,1.95,77.8,-0.55,-0.84
2026-07-27 13:50:00,1.27,2.00,75.4,-0.54,-0.85
2026-07-27 14:00:00,1.27,1.71,76.6,-0.32,-0.84
2026-07-27 14:10:00,1.27,2.16,72.9,0.00,-0.96
2026-07-27 14:20:00,1.27,2.22,75.7,-0.29,-0.83
2026-07-27 14:30:00,1.27,2.41,75.8,-0.04,-0.72
2026-07-27 14:40:00,1.26,1.84,77.8,-0.32,-0.71
2026-07-27 14:50:00,1.27,2.62,76.1,-0.17,-0.71
2026-07-27 15:00:00,1.28,3.27,76.2,-0.36,-0.94
2026-07-27 15:10:00,1.27,2.21,82.4,-0.16,-0.81
2026-07-27 15:20:00,1.27,2.47,76.8,-0.25,-0.79
2026-07-27 15:30:00,1.27,2.68,76.3,-0.74,-0.67
2026-07-27 15:40:00,1.27,2.74,74.3,-0.39,-0.92
2026-07-27 15:50:00,1.26,1.36,78.4,-0.23,-0.77
2026-07-27 16:00:00,1.27,2.04,77.5,-0.59,-0.84
2026-07-27 16:10:00,1.28,2.70,77.6,-0.10,-0.86
2026-07-27 16:20:00,1.27,1.88,79.5,-0.19,-0.89
2026-07-27 16:30:00,1.27,1.95,78.6,-0.25,-0.82
2026-07-27 16:40:00,1.27,2.30,78.4,-0.19,-0.67
2026-07-27 16:50:00,1.26,1.25,73.0,-0.18,-0.87
2026-07-27 17:00:00,1.27,2.82,79.9,-0.09,-0.82
2026-07-27 17:10:00,1.27,2.11,78.5,-0.81,-0.80
2026-07-27 17:20:00,1.27,1.66,78.2,-0.39,-0.72
2026-07-27 17:30:00,1.26,1.93,80.1,-0.04,-0.86
2026-07-27 17:40:00,1.26,2.35,76.7,-0.57,-0.79
2026-07-27 17:50:00,1.27,2.04,80.1,-0.75,-0.76
2026-07-27 18:00:00,1.27,1.02,81.3,-0.77,-0.86
2026-07-27 18:10:00,1.26,0.85,81.9,-0.21,-0.77
2026-07-27 18:20:00,1.27,0.74,82.6,-0.80,-0.85
2026-07-27 18:30:00,1.27,1.10,76.4,-0.88,-0.83
2026-07-27 18:40:00,1.26,0.66,77.7,-0.82,-0.87
2026-07-27 18:50:00,1.26,0.60,85.0,-1.06,NaN
2026-07-27 19:00:00,1.26,0.62,79.2,-0.83,-0.71
2026-07-27 19:10:00,1.26,0.04,87.1,-0.76,-0.81
2026-07-27 19:20:00,1.26,1.04,75.5,-1.09,-0.85
2026-07-27 19:30:00,1.26,-0.53,79.8,-0.93,-0.73
2026-07-27 19:40:00,1.26,0.08,85.6,-1.41,-0.87
2026-07-27 19:50:00,1.26,-0.65,80.9,-1.00,-0.78
2026-07-27 20:00:00,1.26,NaN,NaN,-1.14,-0.87
2026-07-27 20:10:00,1.25,-1.19,86.1,-1.48,-0.94
2026-07-27 20:20:00,1.26,-0.31,88.7,-1.38,-0.84
2026-07-27 20:30:00,1.25,-1.50,90.3,-0.92,-0.86
2026-07-27 20:40:00,1.25,-1.59,89.5,-1.62,-0.88
2026-07-27 20:50:00,1.26,-1.58,83.2,-1.49,-0.88
2026-07-27 21:00:00,1.25,-2.01,86.9,-1.04,-0.76
2026-07-27 21:10:00,1.25,-1.36,84.5,-1.47,-0.80
2026-07-27 21:20:00,1.25,-2.13,92.3,-1.74,-0.74
2026-07-27 21:30:00,1.24,-2.94,90.1,-1.51,-0.77
2026-07-27 21:40:00,1.25,-1.92,95.5,-1.89,-0.71
2026-07-27 21:50:00,1.25,-2.84,99.5,-1.91,-0.69
2026-07-27 22:00:00,1.25,-2.47,92.9,-2.36,-0.86
2026-07-27 22:10:00,1.24,-3.33,90.3,-1.84,-0.74
2026-07-27 22:20:00,1.25,-2.56,91.8,-2.63,-0.80
2026-07-27 22:30:00,1.25,-2.97,95.4,-1.97,-0.65
2026-07-27 22:40:00,1.25,-3.93,93.5,-2.20,-0.79
2026-07-27 22:50:00,1.24,-3.63,94.1,-2.29,-0.80
2026-07-27 23:00:00,1.24,-4.31,94.9,-2.44,-0.76
2026-07-27 23:10:00,1.24,-4.02,92.1,-2.38,-0.79
2026-07-27 23:20:00,1.24,-4.25,94.4,-2.47,-0.73
2026-07-27 23:30:00,1.24,-4.38,93.5,-2.25,-0.96
2026-07-27 23:40:00,1.24,-3.67,91.4,-2.87,-0.91
2026-07-27 23:50:00,1.24,-4.00,96.8,-2.97,-0.89
2026-07-28 00:00:00,1.24,-4.62,97.5,-2.67,-0.68
2026-07-28 00:10:00,1.24,-4.48,90.0,-3.29,-0.70
2026-07-28 00:20:00,1.24,-4.30,95.9,-3.04,-0.94
2026-07-28 00:30:00,1.24,-4.63,97.5,-3.12,-0.73
2026-07-28 00:40:00,1.24,-4.69,96.9,-2.76,-0.82
2026-07-28 00:50:00,1.24,-4.68,99.5,-2.68,-0.95
2026-07-28 01:00:00,1.24,-5.08,92.7,-3.01,-0.64
2026-07-28 01:10:00,1.24,-4.14,97.4,-3.03,-0.87
2026-07-28 01:20:00,1.24,-5.23,97.6,-3.11,-0.77
2026-07-28 01:30:00,1.23,-5.47,97.6,-2.73,-0.91
2026-07-28 01:40:00,1.24,-5.50,96.2,-3.00,-0.85
2026-07-28 01:50:00,1.24,-5.71,98.3,-3.41,-0.86
2026-07-28 02:00:00,1.23,-5.94,99.2,-2.76,-0.75
2026-07-28 02:10:00,1.24,-5.04,99.1,-3.33,-0.74
2026-07-28 02:20:00,1.24,-5.66,98.8,-3.14,-0.93
2026-07-28 02:30:00,1.23,-6.40,99.5,-3.01,-0.79
2026-07-28 02:40:00,1.24,NaN,NaN,-3.03,-0.83
2026-07-28 02:50:00,1.24,-5.75,95.6,-2.76,-0.79
2026-07-28 03:00:00,1.24,-6.16,99.5,-2.72,-0.92
2026-07-28 03:10:00,1.23,-6.32,98.8,-3.31,-0.81
2026-07-28 03:20:00,1.23,-5.38,99.5,-3.23,-0.71
2026-07-28 03:30:00,1.23,-5.65,98.3,-3.52,-0.83
2026-07-28 03:40:00,1.23,-6.23,99.5,-3.37,-0.81
2026-07-28 03:50:00,1.24,-6.00,97.7,-2.96,-0.91
2026-07-28 04:00:00,1.23,-6.06,99.5,-3.43,-0.78
2026-07-28 04:10:00,1.23,-5.20,98.1,-2.90,-0.84
2026-07-28 04:20:00,1.23,-5.94,99.5,-3.28,-0.81
2026-07-28 04:30:00,1.24,-6.02,99.5,-3.32,-0.78
2026-07-28 04:40:00,1.24,-5.59,99.3,-3.09,-0.65
2026-07-28 04:50:00,1.24,-4.47,99.5,-2.83,-0.84
2026-07-28 05:00:00,1.24,-5.45,96.6,-2.82,-0.84
2026-07-28 05:10:00,1.24,-5.15,98.2,-2.96,-0.71
2026-07-28 05:20:00,1.23,-4.99,99.2,-3.32,-0.83
2026-07-28 05:30:00,1.24,-5.03,96.0,-2.60,-0.61
2026-07-28 05:40:00,1.24,-4.67,98.6,-2.66,-0.89
2026-07-28 05:50:00,1.24,-4.66,99.5,-2.35,-0.84
2026-07-28 06:00:00,1.24,-4.56,92.9,-2.73,-0.79
2026-07-28 06:10:00,1.24,-4.57,94.9,-2.59,-0.76
2026-07-28 06:20:00,1.24,-4.81,91.9,-2.53,-0.86
2026-07-28 06:30:00,1.24,-4.02,92.9,-2.66,-0.80
2026-07-28 06:40:00,1.24,-3.61,97.1,-2.54,-0.90
2026-07-28 06:50:00,1.24,-3.72,90.6,-2.25,-0.78
2026-07-28 07:00:00,1.24,-3.73,93.8,-2.86,-0.97
2026-07-28 07:10:00,1.24,-3.92,91.1,-2.21,-0.91
2026-07-28 07:20:00,1.24,-3.41,89.8,-1.87,-0.91
2026-07-28 07:30:00,1.25,-3.31,90.7,-2.40,-0.85
2026-07-28 07:40:00,1.25,-2.92,94.7,-1.95,-0.70
2026-07-28 07:50:00,1.25,-2.69,94.5,-2.23,-0.83
2026-07-28 08:00:00,1.24,-2.64,92.4,-2.14,-0.83
2026-07-28 08:10:00,1.24,-2.10,92.8,-1.87,-0.75
2026-07-28 08:20:00,1.24,-2.74,91.9,-1.73,-0.73
2026-07-28 08:30:00,1.24,-2.03,92.2,-1.90,-0.89
2026-07-28 08:40:00,1.25,-2.44,85.1,-1.72,-0.56
2026-07-28 08:50:00,1.24,-2.50,88.7,-1.48,-1.01
2026-07-28 09:00:00,1.25,-1.44,88.1,-1.57,-0.77
2026-07-28 09:10:00,1.25,-1.42,86.5,-1.25,-0.75
2026-07-28 09:20:00,1.25,-1.13,84.3,-1.27,-0.84
2026-07-28 09:30:00,1.25,NaN,NaN,-1.55,-0.73
2026-07-28 09:40:00,1.25,-0.51,89.6,-1.09,-0.65
2026-07-28 09:50:00,1.25,-0.27,88.7,-1.29,-0.91
2026-07-28 10:00:00,1.25,-0.75,80.3,-1.57,-0.80
2026-07-28 10:10:00,1.25,-0.51,89.0,-1.07,-0.81
2026-07-28 10:20:00,1.25,-0.91,82.1,-0.77,-0.87
2026-07-28 10:30:00,1.25,-0.35,85.4,-1.04,-0.65
2026-07-28 10:40:00,1.25,0.51,82.0,-1.31,-0.90
2026-07-28 10:50:00,1.26,0.24,81.7,-0.41,-0.73
2026-07-28 11:00:00,1.25,-0.72,84.5,-0.86,-0.80
2026-07-28 11:10:00,1.26,0.47,79.0,-0.73,-0.81
2026-07-28 11:20:00,1.26,1.05,83.8,-0.12,-0.78
2026-07-28 11:30:00,1.26,0.66,80.5,-0.69,-0.68
2026-07-28 11:40:00,1.26,1.87,84.2,-0.90,-0.78
2026-07-28 11:50:00,1.26,1.15,83.5,-0.52,-0.68
2026-07-28 12:00:00,1.26,1.54,73.8,-0.41,-0.79
2026-07-28 12:10:00,1.26,1.76,83.1,-0.68,-0.83
2026-07-28 12:20:00,1.26,2.15,84.0,-0.59,-0.72
2026-07-28 12:30:00,1.26,NaN,NaN,-0.86,-0.72
2026-07-28 12:40:00,1.26,1.32,77.6,-0.69,-0.84
2026-07-28 12:50:00,1.26,1.68,80.2,-0.48,-0.69
2026-07-28 13:00:00,1.27,3.01,79.5,-0.07,-0.62
2026-07-28 13:10:00,1.26,1.24,80.8,-0.93,-0.79
2026-07-28 13:20:00,1.26,2.09,78.2,-0.44,-0.88
2026-07-28 13:30:00,1.26,1.49,76.8,0.23,-0.78
2026-07-28 13:40:00,1.26,1.84,76.8,-0.06,-0.70
2026-07-28 13:50:00,1.27,2.29,78.7,-0.05,-0.77
2026-07-28 14:00:00,1.27,3.00,80.7,0.23,-0.93
2026-07-28 14:10:00,1.26,2.41,79.8,0.16,-0.80
2026-07-28 14:20:00,1.27,2.31,78.7,-0.33,-0.75
2026-07-28 14:30:00,1.27,3.30,77.3,-0.17,-0.76
2026-07-28 14:40:00,1.26,2.58,81.3,-0.29,-0.81
2026-07-28 14:50:00,1.27,2.59,79.0,0.13,-0.62
2026-07-28 15:00:00,1.26,2.28,75.0,0.10,-0.80
2026-07-28 15:10:00,1.27,2.71,75.3,0.53,-0.82
2026-07-28 15:20:00,1.26,2.20,79.9,-0.26,-0.79
2026-07-28 15:30:00,1.26,2.78,79.4,0.28,-0.76
2026-07-28 15:40:00,1.27,3.02,72.0,-0.04,-0.85
2026-07-28 15:50:00,1.26,2.09,78.6,-0.46,-0.77
2026-07-28 16:00:00,1.27,2.34,76.6,-0.35,-0.71
2026-07-28 16:10:00,1.26,2.81,78.5,-0.27,-0.75
2026-07-28 16:20:00,1.26,1.92,80.8,-0.27,-0.79
2026-07-28 16:30:00,1.27,2.96,76.6,0.01,-0.88
2026-07-28 16:40:00,1.26,1.61,79.0,-0.39,-0.81
2026-07-28 16:50:00,1.26,2.60,81.3,-0.02,-0.69
2026-07-28 17:00:00,1.26,1.55,80.7,-0.65,-0.90
2026-07-28 17:10:00,1.27,2.91,80.9,-0.34,-0.67
2026-07-28 17:20:00,1.26,2.31,85.2,0.23,-0.92
2026-07-28 17:30:00,1.26,1.46,81.6,-1.10,-0.86
2026-07-28 17:40:00,1.26,1.47,79.4,-0.19,-0.67
2026-07-28 17:50:00,1.26,1.29,76.9,-0.48,-0.76
2026-07-28 18:00:00,1.26,0.89,80.7,-0.48,-0.79
2026-07-28 18:10:00,1.26,0.86,84.7,-0.36,-0.72
2026-07-28 18:20:00,1.26,0.84,79.5,-0.62,-0.66
2026-07-28 18:30:00,1.25,0.91,87.7,-0.57,-0.77
2026-07-28 18:40:00,1.25,1.21,77.6,-0.68,-0.86
2026-07-28 18:50:00,1.26,0.97,81.3,-0.64,-0.71
2026-07-28 19:00:00,1.25,0.15,81.1,-0.91,-0.80
2026-07-28 19:10:00,1.25,-0.26,83.3,-0.89,-0.85
2026-07-28 19:20:00,1.26,0.14,83.7,-0.98,-0.80
2026-07-28 19:30:00,1.25,-0.30,82.5,-0.36,-0.93
2026-07-28 19:40:00,1.25,-0.83,83.6,-1.21,-0.79
2026-07-28 19:50:00,1.26,0.02,84.1,-1.24,-0.87
2026-07-28 20:00:00,1.25,0.14,90.2,-1.04,-0.68
2026-07-28 20:10:00,1.25,0.68,87.6,-1.59,-0.68
2026-07-28 20:20:00,1.25,-1.01,88.0,-1.65,-0.77
2026-07-28 20:30:00,1.25,-0.89,84.1,-1.63,-0.77
2026-07-28 20:40:00,1.25,-0.97,88.9,-1.39,-0.90
2026-07-28 20:50:00,1.25,-1.46,92.6,-1.78,-0.80
2026-07-28 21:00:00,1.25,-1.75,95.8,-1.28,-0.89
2026-07-28 21:10:00,1.25,-1.52,88.6,-1.45,-0.68
2026-07-28 21:20:00,1.25,-1.46,86.6,-1.98,-0.75
2026-07-28 21:30:00,1.25,-2.10,87.7,-1.73,-0.80
2026-07-28 21:40:00,1.24,-2.39,89.1,-1.90,-0.75
2026-07-28 21:50:00,1.24,-3.00,87.6,-1.99,-0.78
2026-07-28 22:00:00,1.24,-2.47,92.2,-1.69,-0.76
2026-07-28 22:10:00,1.24,-2.43,91.6,-1.97,-0.86
2026-07-28 22:20:00,1.24,-3.30,93.3,-2.34,-0.77
2026-07-28 22:30:00,1.24,-3.42,87.5,-2.00,-0.87
2026-07-28 22:40:00,1.24,-2.97,90.5,-2.66,-0.80
2026-07-28 22:50:00,1.24,-2.92,95.0,-2.44,-0.85
2026-07-28 23:00:00,1.24,-3.13,93.1,-2.36,-0.57
2026-07-28 23:10:00,1.23,-3.67,98.2,-1.73,-0.69
2026-07-28 23:20:00,1.23,-5.14,94.6,-2.38,-0.81
2026-07-28 23:30:00,1.23,-4.72,94.6,-2.36,-0.67
2026-07-28 23:40:00,1.23,-4.64,96.6,-2.53,-0.79
2026-07-28 23:50:00,1.23,-4.19,95.0,-2.70,-0.81
2026-07-29 00:00:00,1.24,-4.44,94.8,-2.35,-0.85
2026-07-29 00:10:00,1.23,-4.67,94.2,-2.60,-0.72
2026-07-29 00:20:00,1.23,-4.76,99.5,-2.60,-0.84
2026-07-29 00:30:00,1.23,-4.81,93.6,-2.91,-0.75
2026-07-29 00:40:00,1.23,-5.12,98.1,-2.90,-0.87
2026-07-29 00:50:00,1.23,-5.15,98.5,-2.61,-0.85
2026-07-29 01:00:00,1.23,-5.23,99.3,-2.90,-0.71
2026-07-29 01:10:00,1.22,-6.36,97.0,-2.54,NaN
2026-07-29 01:20:00,1.23,-5.87,99.5,-2.94,-0.90
2026-07-29 01:30:00,1.22,-5.80,93.7,-3.12,-0.77
2026-07-29 01:40:00,1.23,-5.42,95.9,-2.88,-0.76
2026-07-29 01:50:00,1.23,-5.15,97.4,-3.15,-0.74
2026-07-29 02:00:00,1.23,-6.05,99.5,-3.08,-0.69
2026-07-29 02:10:00,1.22,-5.67,99.5,-3.17,-0.80
2026-07-29 02:20:00,1.23,-5.77,99.5,-3.08,-0.70
2026-07-29 02:30:00,1.23,-6.30,96.4,-3.36,-0.75
2026-07-29 02:40:00,1.23,-5.27,99.2,-3.01,-0.67
2026-07-29 02:50:00,1.23,-5.93,96.2,-2.62,-0.66
2026-07-29 03:00:00,1.23,-6.15,99.5,-3.16,-0.78
2026-07-29 03:10:00,1.23,-5.90,97.7,-3.12,-0.61
2026-07-29 03:20:00,1.22,-6.07,99.5,-3.10,-0.90
2026-07-29 03:30:00,1.23,-5.72,97.2,-3.20,-0.75
2026-07-29 03:40:00,1.23,-5.58,97.0,-2.98,-0.79
2026-07-29 03:50:00,1.24,-5.30,93.0,-2.78,-0.89
2026-07-29 04:00:00,1.23,-5.28,99.5,-2.87,-0.76
2026-07-29 04:10:00,1.23,-5.40,95.6,-2.71,-0.78
2026-07-29 04:20:00,1.24,-5.16,98.9,-2.77,-0.81
2026-07-29 04:30:00,1.23,-6.07,99.0,-2.78,-0.69
2026-07-29 04:40:00,1.23,-4.80,96.1,-2.83,-0.75
2026-07-29 04:50:00,1.22,-5.76,99.0,-3.01,-0.79
2026-07-29 05:00:00,1.23,-5.12,92.0,-3.02,-0.98
2026-07-29 05:10:00,1.23,-4.98,95.3,-2.46,-0.73
2026-07-29 05:20:00,1.22,-5.84,99.1,-2.43,-0.69
2026-07-29 05:30:00,1.23,-4.72,95.0,-2.74,-0.82
2026-07-29 05:40:00,1.23,-5.56,99.5,-2.61,-0.79
2026-07-29 05:50:00,1.23,-4.14,93.4,-2.08,-0.87
2026-07-29 06:00:00,1.23,-5.02,89.6,-2.41,-0.80
2026-07-29 06:10:00,1.24,-4.16,97.8,-2.28,-0.70
2026-07-29 06:20:00,1.23,-4.41,93.2,-1.92,-0.86
2026-07-29 06:30:00,1.24,-4.63,99.5,-1.99,-0.77
2026-07-29 06:40:00,1.24,-3.14,96.1,-2.51,-0.91
2026-07-29 06:50:00,1.24,-3.77,93.7,-2.62,-0.90
2026-07-29 07:00:00,1.24,-3.36,90.5,-2.12,-0.98
2026-07-29 07:10:00,1.24,-2.43,95.7,-2.19,-0.73
2026-07-29 07:20:00,1.23,-3.27,93.8,-1.96,-0.92
2026-07-29 07:30:00,1.23,-3.05,91.6,-1.86,-0.65
2026-07-29 07:40:00,1.23,-3.23,88.6,-2.26,-0.76
2026-07-29 07:50:00,1.24,-2.71,90.1,-2.04,-0.74
2026-07-29 08:00:00,1.24,-1.97,89.6,-2.22,-0.76
2026-07-29 08:10:00,1.24,-2.63,92.4,-1.43,-0.85
2026-07-29 08:20:00,1.25,-1.72,92.8,-1.85,-0.69
2026-07-29 08:30:00,1.24,-1.65,85.2,-1.83,-0.83
2026-07-29 08:40:00,1.24,-2.64,86.6,-1.70,-0.82
2026-07-29 08:50:00,1.25,-1.33,86.2,-1.72,-0.72
2026-07-29 09:00:00,1.24,-0.96,93.7,-1.61,-0.79
2026-07-29 09:10:00,1.24,-1.35,85.1,-1.89,-0.73
2026-07-29 09:20:00,1.25,-1.24,89.8,-1.50,-0.68
2026-07-29 09:30:00,1.24,-1.10,92.5,-1.19,-0.87
2026-07-29 09:40:00,1.24,-0.34,79.0,-1.51,-0.93
2026-07-29 09:50:00,1.24,-1.21,93.2,-1.26,-0.89
2026-07-29 10:00:00,1.25,-0.92,88.9,-1.07,-0.79
2026-07-29 10:10:00,1.25,1.00,84.9,-0.98,-0.68
2026-07-29 10:20:00,1.25,-0.21,90.6,-0.77,-0.81
2026-07-29 10:30:00,1.25,-0.08,85.2,-0.52,-0.69
2026-07-29 10:40:00,1.25,0.43,78.2,-1.06,-0.92
2026-07-29 10:50:00,1.25,0.28,85.2,-0.97,-0.88
2026-07-29 11:00:00,1.24,0.08,74.5,-0.94,-0.71
2026-07-29 11:10:00,1.25,0.47,87.3,-0.54,-0.83
2026-07-29 11:20:00,1.25,0.71,85.9,-0.89,-0.89
2026-07-29 11:30:00,1.25,0.82,87.2,-0.63,-0.77
2026-07-29 11:40:00,1.25,1.06,81.6,-0.75,-0.77
2026-07-29 11:50:00,1.25,1.60,80.1,-0.15,-0.71
2026-07-29 12:00:00,1.25,0.78,82.7,-0.57,-0.71
2026-07-29 12:10:00,1.26,1.86,75.3,-0.61,-0.74
2026-07-29 12:20:00,1.25,1.05,77.9,-0.13,-0.71
2026-07-29 12:30:00,1.25,1.48,83.8,-0.16,-0.78
2026-07-29 12:40:00,1.26,2.01,75.2,-0.26,-0.80
2026-07-29 12:50:00,1.25,2.19,79.2,-0.27,NaN
2026-07-29 13:00:00,1.25,1.17,76.2,-0.06,-0.73
2026-07-29 13:10:00,1.25,2.03,74.3,-0.31,-0.71
2026-07-29 13:20:00,1.26,2.78,82.6,-0.20,-0.64
2026-07-29 13:30:00,1.26,2.48,81.8,0.24,-0.70
2026-07-29 13:40:00,1.26,2.70,80.3,-0.21,-0.68
2026-07-29 13:50:00,1.25,2.15,76.5,-0.58,-0.76
2026-07-29 14:00:00,1.26,2.33,76.3,0.05,-0.74
2026-07-29 14:10:00,1.26,1.89,76.8,0.05,-0.70
2026-07-29 14:20:00,1.26,2.46,75.3,-0.51,-0.83
2026-07-29 14:30:00,1.26,2.87,74.0,0.04,-0.84
2026-07-29 14:40:00,1.26,2.60,79.0,-0.41,-0.82
2026-07-29 14:50:00,1.26,2.60,75.0,-0.30,-0.85
2026-07-29 15:00:00,1.26,2.44,81.0,0.18,-0.80
2026-07-29 15:10:00,1.26,3.07,78.4,-0.22,-0.73
2026-07-29 15:20:00,1.26,2.34,76.4,-0.13,-0.82
2026-07-29 15:30:00,1.26,2.63,76.8,-0.19,-0.79
2026-07-29 15:40:00,1.26,2.63,73.8,-0.18,-0.83
2026-07-29 15:50:00,1.26,1.71,77.1,-0.16,-0.85
2026-07-29 16:00:00,1.26,2.98,78.0,-0.05,-0.65
2026-07-29 16:10:00,1.25,2.08,77.0,-0.19,-0.73
2026-07-29 16:20:00,1.26,2.75,74.1,-0.42,-0.77
2026-07-29 16:30:00,1.26,2.71,82.4,-0.25,-0.87
2026-07-29 16:40:00,1.26,2.41,75.4,0.14,-0.86
2026-07-29 16:50:00,1.26,1.77,78.4,-0.23,-0.66
2026-07-29 17:00:00,1.25,1.47,75.3,-0.03,-0.78
2026-07-29 17:10:00,1.25,1.88,84.9,-0.41,-0.87
2026-07-29 17:20:00,1.26,2.06,81.1,-0.06,-0.81
2026-07-29 17:30:00,1.26,3.01,82.4,-0.50,-0.79
2026-07-29 17:40:00,1.25,1.53,80.2,-0.62,-0.80
2026-07-29 17:50:00,1.25,2.09,82.4,-0.81,-0.78
2026-07-29 18:00:00,1.26,1.62,79.3,-0.86,-0.69
2026-07-29 18:10:00,1.25,2.01,83.7,-0.20,-0.71
2026-07-29 18:20:00,1.25,1.21,78.6,-0.57,-0.85
2026-07-29 18:30:00,1.25,0.97,79.7,-0.38,-0.75
2026-07-29 18:40:00,1.25,1.35,88.2,-1.16,-0.87
2026-07-29 18:50:00,1.24,0.48,79.8,-1.31,-0.67
2026-07-29 19:00:00,1.25,0.56,85.0,-1.09,-0.71
2026-07-29 19:10:00,1.25,0.41,80.1,-0.93,-0.64
2026-07-29 19:20:00,1.25,0.49,86.0,-1.05,-0.82
2026-07-29 19:30:00,1.25,-0.03,82.7,-0.22,-0.76
2026-07-29 19:40:00,1.25,-0.12,84.3,-0.93,-0.85
2026-07-29 19:50:00,1.25,0.51,86.3,-1.06,-0.84
2026-07-29 20:00:00,1.25,-0.01,89.1,-0.82,-0.79
2026-07-29 20:10:00,1.25,-0.53,82.8,-1.30,-0.76
2026-07-29 20:20:00,1.25,-0.23,87.6,-0.99,-0.76
2026-07-29 20:30:00,1.25,-0.39,84.9,-1.12,-0.86
2026-07-29 20:40:00,1.24,-1.35,81.1,-1.18,-0.63
2026-07-29 20:50:00,1.24,-1.74,85.7,-1.79,-0.88
2026-07-29 21:00:00,1.24,-1.48,90.4,-1.41,-0.76
2026-07-29 21:10:00,1.24,-0.75,88.7,-2.31,-0.66
2026-07-29 21:20:00,1.24,-1.65,89.2,-1.67,-0.75
2026-07-29 21:30:00,1.24,-1.80,89.1,-1.49,-0.77
2026-07-29 21:40:00,1.23,-2.19,93.3,-1.95,-0.89
2026-07-29 21:50:00,1.24,-2.25,88.7,-2.09,-0.91
2026-07-29 22:00:00,1.24,-2.30,95.8,-1.87,-0.82
2026-07-29 22:10:00,1.24,-2.75,84.3,-1.97,-0.91
2026-07-29 22:20:00,1.23,-2.67,96.5,-1.85,-0.90
2026-07-29 22:30:00,1.24,-2.34,91.3,-2.14,-0.82
2026-07-29 22:40:00,1.23,-3.33,94.2,-1.91,-0.90
2026-07-29 22:50:00,1.23,-3.04,94.0,-1.98,-0.67
2026-07-29 23:00:00,1.23,-3.30,92.5,-2.31,-0.80
2026-07-29 23:10:00,1.23,-3.66,90.5,-2.36,-0.75
2026-07-29 23:20:00,1.23,-3.92,98.0,-2.12,-0.80
2026-07-29 23:30:00,1.22,-3.91,93.7,-2.30,-0.65
2026-07-29 23:40:00,1.23,-4.05,93.1,-2.83,-0.93
2026-07-29 23:50:00,1.23,-4.38,93.0,-2.82,-0.73
